run_id,board,match,kickoff,market_id,market,model_key,model_prob,implied_prob,implied_prob_devig,decimal_odds,fee,fee_model,entry_cost,edge,kelly_full,kelly_quarter,run_type,model_captured_at,confidence,confidence_note
2026-07-25-0917,mls,LAFC v Sporting Kansas City,2026-07-26T02:30Z,KXMLSGAME-26JUL25LAFCSKC-SKC,Kansas City,away_win,0.1895,0.09,0.085427,11.1111,0.005733,kalshi_0.07p(1-p),0.095733,0.093767,0.103694,0.025923,scheduled,2026-07-25T05:10:38.600553+00:00,,"scheduled run; SHADOW — observational, not a recommendation; bid/ask midpoints, overround 0.9950; degraded inputs: AVAILABILITY_COMPLETE,GOALKEEPER_CONFIRMED,LINEUP_CONFIRMED,PLAYER_DATA_FRESH"
2026-07-25-0917,mls,LAFC v Sporting Kansas City,2026-07-26T02:30Z,KXMLSGAME-26JUL25LAFCSKC-TIE,Tie,draw,0.2122,0.13,0.125628,7.6923,0.007917,kalshi_0.07p(1-p),0.137917,0.074283,0.086167,0.021542,scheduled,2026-07-25T05:10:38.600553+00:00,,"scheduled run; SHADOW — observational, not a recommendation; bid/ask midpoints, overround 0.9950; degraded inputs: AVAILABILITY_COMPLETE,GOALKEEPER_CONFIRMED,LINEUP_CONFIRMED,PLAYER_DATA_FRESH"
2026-07-25-0917,mls,Minnesota United FC v Vancouver Whitecaps,2026-07-26T00:30Z,KXMLSGAME-26JUL25MINVAN-MIN,Minnesota,home_win,0.3386,0.26,0.253731,3.8462,0.013468,kalshi_0.07p(1-p),0.273468,0.065132,0.089648,0.022412,scheduled,2026-07-25T05:10:37.982667+00:00,,"scheduled run; SHADOW — observational, not a recommendation; bid/ask midpoints, overround 1.0050; degraded inputs: AVAILABILITY_COMPLETE,GOALKEEPER_CONFIRMED,LINEUP_CONFIRMED,PLAYER_DATA_FRESH"
2026-07-25-0917,mls,New York City FC v Chicago Fire FC,2026-07-25T23:30Z,KXMLSTOTAL-26JUL25NYCCHI-4,Over 3.5 goals scored,over_3_5,0.4348,0.36,,2.7778,0.016128,kalshi_0.07p(1-p),0.376128,0.058672,0.094045,0.023511,scheduled,2026-07-25T05:10:38.904218+00:00,,"scheduled run; SHADOW — observational, not a recommendation; degraded inputs: AVAILABILITY_COMPLETE,GOALKEEPER_CONFIRMED,LINEUP_CONFIRMED,PLAYER_DATA_FRESH"
2026-07-25-0917,mls,New England Revolution v Atlanta United FC,2026-07-25T23:30Z,KXMLSTOTAL-26JUL25NEATL-4,Over 3.5 goals scored,over_3_5,0.3935,0.32,,3.125,0.015232,kalshi_0.07p(1-p),0.335232,0.058268,0.087652,0.021913,scheduled,2026-07-25T05:10:38.835806+00:00,,"scheduled run; SHADOW — observational, not a recommendation; degraded inputs: AVAILABILITY_COMPLETE,GOALKEEPER_CONFIRMED,LINEUP_CONFIRMED,PLAYER_DATA_FRESH"
2026-07-25-0917,mls,Minnesota United FC v Vancouver Whitecaps,2026-07-26T00:30Z,KXMLSSPREAD-26JUL25MINVAN-MIN2,Minnesota wins by more than 1.5 goals,home_margin_2,0.1642,0.1,,10.0,0.0063,kalshi_0.07p(1-p),0.1063,0.0579,0.064787,0.016197,scheduled,2026-07-25T05:10:37.982667+00:00,,"scheduled run; SHADOW — observational, not a recommendation; degraded inputs: AVAILABILITY_COMPLETE,GOALKEEPER_CONFIRMED,LINEUP_CONFIRMED,PLAYER_DATA_FRESH"
2026-07-25-0917,mls,New England Revolution v Atlanta United FC,2026-07-25T23:30Z,KXMLSTOTAL-26JUL25NEATL-3,Over 2.5 goals scored,over_2_5,0.622,0.55,,1.8182,0.017325,kalshi_0.07p(1-p),0.567325,0.054675,0.126365,0.031591,scheduled,2026-07-25T05:10:38.835806+00:00,,"scheduled run; SHADOW — observational, not a recommendation; degraded inputs: AVAILABILITY_COMPLETE,GOALKEEPER_CONFIRMED,LINEUP_CONFIRMED,PLAYER_DATA_FRESH"
2026-07-25-0917,mls,New York City FC v Chicago Fire FC,2026-07-25T23:30Z,KXMLSTOTAL-26JUL25NYCCHI-5,Over 4.5 goals scored,over_4_5,0.2504,0.19,,5.2632,0.010773,kalshi_0.07p(1-p),0.200773,0.049627,0.062094,0.015523,scheduled,2026-07-25T05:10:38.904218+00:00,,"scheduled run; SHADOW — observational, not a recommendation; degraded inputs: AVAILABILITY_COMPLETE,GOALKEEPER_CONFIRMED,LINEUP_CONFIRMED,PLAYER_DATA_FRESH"
2026-07-25-0917,mls,San Diego FC v FC Dallas,2026-07-26T01:30Z,KXMLSSPREAD-26JUL25SDDAL-DAL2,Dallas wins by more than 1.5 goals,away_margin_2,0.2073,0.15,,6.6667,0.008925,kalshi_0.07p(1-p),0.158925,0.048375,0.057516,0.014379,scheduled,2026-07-25T05:10:38.072983+00:00,,"scheduled run; SHADOW — observational, not a recommendation; degraded inputs: AVAILABILITY_COMPLETE,GOALKEEPER_CONFIRMED,LINEUP_CONFIRMED,PLAYER_DATA_FRESH"
2026-07-25-0917,mls,CF Montréal v Inter Miami CF,2026-07-25T23:30Z,KXMLSSPREAD-26JUL25MTLMIA-MTL2,Montreal wins by more than 1.5 goals,home_margin_2,0.2028,0.15,,6.6667,0.008925,kalshi_0.07p(1-p),0.158925,0.043875,0.052165,0.013041,scheduled,2026-07-25T05:10:38.293629+00:00,,"scheduled run; SHADOW — observational, not a recommendation; degraded inputs: AVAILABILITY_COMPLETE,GOALKEEPER_CONFIRMED,LINEUP_CONFIRMED,PLAYER_DATA_FRESH"
2026-07-25-0917,mls,New England Revolution v Atlanta United FC,2026-07-25T23:30Z,KXMLSTEAMTOTAL-26JUL25NEATL-ATL2,Atlanta over 1.5 goals,away_team_over_1_5,0.4095,0.35,,2.8571,0.015925,kalshi_0.07p(1-p),0.365925,0.043575,0.068722,0.017181,scheduled,2026-07-25T05:10:38.835806+00:00,,"scheduled run; SHADOW — observational, not a recommendation; degraded inputs: AVAILABILITY_COMPLETE,GOALKEEPER_CONFIRMED,LINEUP_CONFIRMED,PLAYER_DATA_FRESH"
2026-07-25-0917,mls,New England Revolution v Atlanta United FC,2026-07-25T23:30Z,KXMLSTOTAL-26JUL25NEATL-5,Over 4.5 goals scored,over_4_5,0.2124,0.16,,6.25,0.009408,kalshi_0.07p(1-p),0.169408,0.042992,0.051761,0.01294,scheduled,2026-07-25T05:10:38.835806+00:00,,"scheduled run; SHADOW — observational, not a recommendation; degraded inputs: AVAILABILITY_COMPLETE,GOALKEEPER_CONFIRMED,LINEUP_CONFIRMED,PLAYER_DATA_FRESH"
2026-07-25-0917,mls,New England Revolution v Atlanta United FC,2026-07-25T23:30Z,KXMLSGAME-26JUL25NEATL-ATL,Atlanta,away_win,0.3155,0.26,0.256281,3.8462,0.013468,kalshi_0.07p(1-p),0.273468,0.042032,0.057853,0.014463,scheduled,2026-07-25T05:10:38.835806+00:00,,"scheduled run; SHADOW — observational, not a recommendation; bid/ask midpoints, overround 0.9950; degraded inputs: AVAILABILITY_COMPLETE,GOALKEEPER_CONFIRMED,LINEUP_CONFIRMED,PLAYER_DATA_FRESH"
2026-07-25-0917,mls,CF Montréal v Inter Miami CF,2026-07-25T23:30Z,KXMLSTEAMTOTAL-26JUL25MTLMIA-MTL3,Montreal over 2.5 goals,home_team_over_2_5,0.2836,0.23,,4.3478,0.012397,kalshi_0.07p(1-p),0.242397,0.041203,0.054386,0.013597,scheduled,2026-07-25T05:10:38.293629+00:00,,"scheduled run; SHADOW — observational, not a recommendation; degraded inputs: AVAILABILITY_COMPLETE,GOALKEEPER_CONFIRMED,LINEUP_CONFIRMED,PLAYER_DATA_FRESH"
2026-07-25-0917,mls,New York City FC v Chicago Fire FC,2026-07-25T23:30Z,KXMLSTOTAL-26JUL25NYCCHI-3,Over 2.5 goals scored,over_2_5,0.647,0.59,,1.6949,0.016933,kalshi_0.07p(1-p),0.606933,0.040067,0.101934,0.025484,scheduled,2026-07-25T05:10:38.904218+00:00,,"scheduled run; SHADOW — observational, not a recommendation; degraded inputs: AVAILABILITY_COMPLETE,GOALKEEPER_CONFIRMED,LINEUP_CONFIRMED,PLAYER_DATA_FRESH"
2026-07-25-0917,mls,New York City FC v Chicago Fire FC,2026-07-25T23:30Z,KXMLSTOTAL-26JUL25NYCCHI-6,Over 5.5 goals scored,over_5_5,0.125,0.08,,12.5,0.005152,kalshi_0.07p(1-p),0.085152,0.039848,0.043557,0.010889,scheduled,2026-07-25T05:10:38.904218+00:00,,"scheduled run; SHADOW — observational, not a recommendation; degraded inputs: AVAILABILITY_COMPLETE,GOALKEEPER_CONFIRMED,LINEUP_CONFIRMED,PLAYER_DATA_FRESH"
2026-07-25-0917,mls,Philadelphia Union v Seattle Sounders FC,2026-07-25T23:30Z,KXMLSTOTAL-26JUL25PHISEA-5,Over 4.5 goals scored,over_4_5,0.2403,0.19,,5.2632,0.010773,kalshi_0.07p(1-p),0.200773,0.039527,0.049457,0.012364,scheduled,2026-07-25T05:10:39.384180+00:00,,"scheduled run; SHADOW — observational, not a recommendation; degraded inputs: AVAILABILITY_COMPLETE,GOALKEEPER_CONFIRMED,LINEUP_CONFIRMED,PLAYER_DATA_FRESH"
2026-07-25-0917,mls,Philadelphia Union v Seattle Sounders FC,2026-07-25T23:30Z,KXMLSTOTAL-26JUL25PHISEA-4,Over 3.5 goals scored,over_3_5,0.4239,0.37,,2.7027,0.016317,kalshi_0.07p(1-p),0.386317,0.037583,0.061242,0.01531,scheduled,2026-07-25T05:10:39.384180+00:00,,"scheduled run; SHADOW — observational, not a recommendation; degraded inputs: AVAILABILITY_COMPLETE,GOALKEEPER_CONFIRMED,LINEUP_CONFIRMED,PLAYER_DATA_FRESH"
2026-07-25-0917,mls,Minnesota United FC v Vancouver Whitecaps,2026-07-26T00:30Z,KXMLSFTTS-26JUL25MINVAN-MIN,Minnesota United FC,home_first_goal,0.454,0.4,,2.5,0.0168,kalshi_0.07p(1-p),0.4168,0.0372,0.063786,0.015947,scheduled,2026-07-25T05:10:37.982667+00:00,,"scheduled run; SHADOW — observational, not a recommendation; wide spread 6c; degraded inputs: AVAILABILITY_COMPLETE,GOALKEEPER_CONFIRMED,LINEUP_CONFIRMED,PLAYER_DATA_FRESH"
2026-07-25-0917,mls,CF Montréal v Inter Miami CF,2026-07-25T23:30Z,KXMLSGAME-26JUL25MTLMIA-MTL,Montreal,home_win,0.3724,0.32,0.316583,3.125,0.015232,kalshi_0.07p(1-p),0.335232,0.037168,0.055911,0.013978,scheduled,2026-07-25T05:10:38.293629+00:00,,"scheduled run; SHADOW — observational, not a recommendation; bid/ask midpoints, overround 0.9950; degraded inputs: AVAILABILITY_COMPLETE,GOALKEEPER_CONFIRMED,LINEUP_CONFIRMED,PLAYER_DATA_FRESH"
2026-07-25-0917,mls,Philadelphia Union v Seattle Sounders FC,2026-07-25T23:30Z,KXMLSTOTAL-26JUL25PHISEA-3,Over 2.5 goals scored,over_2_5,0.6432,0.59,,1.6949,0.016933,kalshi_0.07p(1-p),0.606933,0.036267,0.092267,0.023067,scheduled,2026-07-25T05:10:39.384180+00:00,,"scheduled run; SHADOW — observational, not a recommendation; degraded inputs: AVAILABILITY_COMPLETE,GOALKEEPER_CONFIRMED,LINEUP_CONFIRMED,PLAYER_DATA_FRESH"
2026-07-25-0917,mls,Philadelphia Union v Seattle Sounders FC,2026-07-25T23:30Z,KXMLSGAME-26JUL25PHISEA-SEA,Seattle,away_win,0.3094,0.26,0.258883,3.8462,0.013468,kalshi_0.07p(1-p),0.273468,0.035932,0.049457,0.012364,scheduled,2026-07-25T05:10:39.384180+00:00,,"scheduled run; SHADOW — observational, not a recommendation; bid/ask midpoints, overround 0.9850; degraded inputs: AVAILABILITY_COMPLETE,GOALKEEPER_CONFIRMED,LINEUP_CONFIRMED,PLAYER_DATA_FRESH"
2026-07-25-0917,mls,Minnesota United FC v Vancouver Whitecaps,2026-07-26T00:30Z,KXMLSTEAMTOTAL-26JUL25MINVAN-MIN3,Minnesota over 2.5 goals,home_team_over_2_5,0.1948,0.15,,6.6667,0.008925,kalshi_0.07p(1-p),0.158925,0.035875,0.042654,0.010663,scheduled,2026-07-25T05:10:37.982667+00:00,,"scheduled run; SHADOW — observational, not a recommendation; degraded inputs: AVAILABILITY_COMPLETE,GOALKEEPER_CONFIRMED,LINEUP_CONFIRMED,PLAYER_DATA_FRESH"
2026-07-25-0917,mls,New England Revolution v Atlanta United FC,2026-07-25T23:30Z,KXMLSSPREAD-26JUL25NEATL-ATL2,Atlanta wins by more than 1.5 goals,away_margin_2,0.1418,0.1,,10.0,0.0063,kalshi_0.07p(1-p),0.1063,0.0355,0.039723,0.009931,scheduled,2026-07-25T05:10:38.835806+00:00,,"scheduled run; SHADOW — observational, not a recommendation; degraded inputs: AVAILABILITY_COMPLETE,GOALKEEPER_CONFIRMED,LINEUP_CONFIRMED,PLAYER_DATA_FRESH"
2026-07-25-0917,mls,Minnesota United FC v Vancouver Whitecaps,2026-07-26T00:30Z,KXMLSTEAMTOTAL-26JUL25MINVAN-MIN2,Minnesota over 1.5 goals,home_team_over_1_5,0.4421,0.39,,2.5641,0.016653,kalshi_0.07p(1-p),0.406653,0.035447,0.059741,0.014935,scheduled,2026-07-25T05:10:37.982667+00:00,,"scheduled run; SHADOW — observational, not a recommendation; wide spread 6c; degraded inputs: AVAILABILITY_COMPLETE,GOALKEEPER_CONFIRMED,LINEUP_CONFIRMED,PLAYER_DATA_FRESH"
2026-07-25-0917,mls,San Diego FC v FC Dallas,2026-07-26T01:30Z,KXMLSGAME-26JUL25SDDAL-DAL,Dallas,away_win,0.3776,0.33,0.328283,3.0303,0.015477,kalshi_0.07p(1-p),0.345477,0.032123,0.049078,0.01227,scheduled,2026-07-25T05:10:38.072983+00:00,,"scheduled run; SHADOW — observational, not a recommendation; bid/ask midpoints, overround 0.9900; degraded inputs: AVAILABILITY_COMPLETE,GOALKEEPER_CONFIRMED,LINEUP_CONFIRMED,PLAYER_DATA_FRESH"
2026-07-25-0917,mls,Houston Dynamo FC v Austin FC,2026-07-26T00:30Z,KXMLSGAME-26JUL25HOUATX-ATX,Austin,away_win,0.2522,0.21,0.20603,4.7619,0.011613,kalshi_0.07p(1-p),0.221613,0.030587,0.039295,0.009824,scheduled,2026-07-25T05:10:38.713342+00:00,,"scheduled run; SHADOW — observational, not a recommendation; bid/ask midpoints, overround 0.9950; degraded inputs: AVAILABILITY_COMPLETE,GOALKEEPER_CONFIRMED,LINEUP_CONFIRMED,PLAYER_DATA_FRESH"
2026-07-25-0917,mls,New England Revolution v Atlanta United FC,2026-07-25T23:30Z,KXMLSTEAMTOTAL-26JUL25NEATL-ATL3,Atlanta over 2.5 goals,away_team_over_2_5,0.168,0.13,,7.6923,0.007917,kalshi_0.07p(1-p),0.137917,0.030083,0.034896,0.008724,scheduled,2026-07-25T05:10:38.835806+00:00,,"scheduled run; SHADOW — observational, not a recommendation; degraded inputs: AVAILABILITY_COMPLETE,GOALKEEPER_CONFIRMED,LINEUP_CONFIRMED,PLAYER_DATA_FRESH"
2026-07-25-0917,mls,Orlando City SC v Nashville SC,2026-07-25T23:30Z,KXMLSSPREAD-26JUL25ORLNSH-ORL2,Orlando wins by more than 1.5 goals,home_margin_2,0.1784,0.14,,7.1429,0.008428,kalshi_0.07p(1-p),0.148428,0.029972,0.035196,0.008799,scheduled,2026-07-25T05:10:38.980692+00:00,,"scheduled run; SHADOW — observational, not a recommendation; degraded inputs: AVAILABILITY_COMPLETE,GOALKEEPER_CONFIRMED,LINEUP_CONFIRMED,PLAYER_DATA_FRESH"
2026-07-25-0917,mls,New York City FC v Chicago Fire FC,2026-07-25T23:30Z,KXMLSTOTAL-26JUL25NYCCHI-2,Over 1.5 goals scored,over_1_5,0.8502,0.81,,1.2346,0.010773,kalshi_0.07p(1-p),0.820773,0.029427,0.164188,0.041047,scheduled,2026-07-25T05:10:38.904218+00:00,,"scheduled run; SHADOW — observational, not a recommendation; degraded inputs: AVAILABILITY_COMPLETE,GOALKEEPER_CONFIRMED,LINEUP_CONFIRMED,PLAYER_DATA_FRESH"
2026-07-25-0917,mls,New York City FC v Chicago Fire FC,2026-07-25T23:30Z,KXMLSTEAMTOTAL-26JUL25NYCCHI-CHI2,Chicago Fire over 1.5 goals,away_team_over_1_5,0.4954,0.45,,2.2222,0.017325,kalshi_0.07p(1-p),0.467325,0.028075,0.052706,0.013176,scheduled,2026-07-25T05:10:38.904218+00:00,,"scheduled run; SHADOW — observational, not a recommendation; degraded inputs: AVAILABILITY_COMPLETE,GOALKEEPER_CONFIRMED,LINEUP_CONFIRMED,PLAYER_DATA_FRESH"
2026-07-25-0917,mls,New England Revolution v Atlanta United FC,2026-07-25T23:30Z,KXMLSTOTAL-26JUL25NEATL-6,Over 5.5 goals scored,over_5_5,0.1025,0.07,,14.2857,0.004557,kalshi_0.07p(1-p),0.074557,0.027943,0.030194,0.007549,scheduled,2026-07-25T05:10:38.835806+00:00,,"scheduled run; SHADOW — observational, not a recommendation; degraded inputs: AVAILABILITY_COMPLETE,GOALKEEPER_CONFIRMED,LINEUP_CONFIRMED,PLAYER_DATA_FRESH"
2026-07-25-0917,mls,CF Montréal v Inter Miami CF,2026-07-25T23:30Z,KXMLSTOTAL-26JUL25MTLMIA-4,Over 3.5 goals scored,over_3_5,0.515,0.47,,2.1277,0.017437,kalshi_0.07p(1-p),0.487437,0.027563,0.053775,0.013444,scheduled,2026-07-25T05:10:38.293629+00:00,,"scheduled run; SHADOW — observational, not a recommendation; degraded inputs: AVAILABILITY_COMPLETE,GOALKEEPER_CONFIRMED,LINEUP_CONFIRMED,PLAYER_DATA_FRESH"
2026-07-25-0917,mls,Philadelphia Union v Seattle Sounders FC,2026-07-25T23:30Z,KXMLSSPREAD-26JUL25PHISEA-SEA2,Seattle wins by more than 1.5 goals,away_margin_2,0.1326,0.1,,10.0,0.0063,kalshi_0.07p(1-p),0.1063,0.0263,0.029428,0.007357,scheduled,2026-07-25T05:10:39.384180+00:00,,"scheduled run; SHADOW — observational, not a recommendation; degraded inputs: AVAILABILITY_COMPLETE,GOALKEEPER_CONFIRMED,LINEUP_CONFIRMED,PLAYER_DATA_FRESH"
2026-07-25-0917,mls,CF Montréal v Inter Miami CF,2026-07-25T23:30Z,KXMLSSPREAD-26JUL25MTLMIA-MTL3,Montreal wins by more than 2.5 goals,home_margin_3,0.0892,0.06,,16.6667,0.003948,kalshi_0.07p(1-p),0.063948,0.025252,0.026977,0.006744,scheduled,2026-07-25T05:10:38.293629+00:00,,"scheduled run; SHADOW — observational, not a recommendation; degraded inputs: AVAILABILITY_COMPLETE,GOALKEEPER_CONFIRMED,LINEUP_CONFIRMED,PLAYER_DATA_FRESH"
2026-07-25-0917,mls,Minnesota United FC v Vancouver Whitecaps,2026-07-26T00:30Z,KXMLSSPREAD-26JUL25MINVAN-MIN3,Minnesota wins by more than 2.5 goals,home_margin_3,0.0677,0.04,,25.0,0.002688,kalshi_0.07p(1-p),0.042688,0.025012,0.026127,0.006532,scheduled,2026-07-25T05:10:37.982667+00:00,,"scheduled run; SHADOW — observational, not a recommendation; degraded inputs: AVAILABILITY_COMPLETE,GOALKEEPER_CONFIRMED,LINEUP_CONFIRMED,PLAYER_DATA_FRESH"
2026-07-25-0917,mls,New England Revolution v Atlanta United FC,2026-07-25T23:30Z,KXMLSTOTAL-26JUL25NEATL-2,Over 1.5 goals scored,over_1_5,0.8257,0.79,,1.2658,0.011613,kalshi_0.07p(1-p),0.801613,0.024087,0.121414,0.030354,scheduled,2026-07-25T05:10:38.835806+00:00,,"scheduled run; SHADOW — observational, not a recommendation; degraded inputs: AVAILABILITY_COMPLETE,GOALKEEPER_CONFIRMED,LINEUP_CONFIRMED,PLAYER_DATA_FRESH"
2026-07-25-0917,mls,Columbus Crew v FC Cincinnati,2026-07-25T23:15Z,KXMLSSPREAD-26JUL25CLBCIN-CIN2,Cincinnati wins by more than 1.5 goals,away_margin_2,0.1396,0.11,,9.0909,0.006853,kalshi_0.07p(1-p),0.116853,0.022747,0.025757,0.006439,scheduled,2026-07-25T05:10:38.226744+00:00,,"scheduled run; SHADOW — observational, not a recommendation; degraded inputs: AVAILABILITY_COMPLETE,GOALKEEPER_CONFIRMED,LINEUP_CONFIRMED,PLAYER_DATA_FRESH"
2026-07-25-0917,mls,New England Revolution v Atlanta United FC,2026-07-25T23:30Z,KXMLSTEAMTOTAL-26JUL25NEATL-ATL1,Atlanta over 0.5 goals,away_team_over_0_5,0.7562,0.72,,1.3889,0.014112,kalshi_0.07p(1-p),0.734112,0.022088,0.083073,0.020768,scheduled,2026-07-25T05:10:38.835806+00:00,,"scheduled run; SHADOW — observational, not a recommendation; degraded inputs: AVAILABILITY_COMPLETE,GOALKEEPER_CONFIRMED,LINEUP_CONFIRMED,PLAYER_DATA_FRESH"
2026-07-25-0917,mls,San Diego FC v FC Dallas,2026-07-26T01:30Z,KXMLSSPREAD-26JUL25SDDAL-DAL3,Dallas wins by more than 2.5 goals,away_margin_3,0.0962,0.07,,14.2857,0.004557,kalshi_0.07p(1-p),0.074557,0.021643,0.023387,0.005847,scheduled,2026-07-25T05:10:38.072983+00:00,,"scheduled run; SHADOW — observational, not a recommendation; degraded inputs: AVAILABILITY_COMPLETE,GOALKEEPER_CONFIRMED,LINEUP_CONFIRMED,PLAYER_DATA_FRESH"
2026-07-25-0917,mls,Philadelphia Union v Seattle Sounders FC,2026-07-25T23:30Z,KXMLSTOTAL-26JUL25PHISEA-6,Over 5.5 goals scored,over_5_5,0.1164,0.09,,11.1111,0.005733,kalshi_0.07p(1-p),0.095733,0.020667,0.022855,0.005714,scheduled,2026-07-25T05:10:39.384180+00:00,,"scheduled run; SHADOW — observational, not a recommendation; degraded inputs: AVAILABILITY_COMPLETE,GOALKEEPER_CONFIRMED,LINEUP_CONFIRMED,PLAYER_DATA_FRESH"
2026-07-25-0917,mls,Philadelphia Union v Seattle Sounders FC,2026-07-25T23:30Z,KXMLSTOTAL-26JUL25PHISEA-2,Over 1.5 goals scored,over_1_5,0.8412,0.81,,1.2346,0.010773,kalshi_0.07p(1-p),0.820773,0.020427,0.113973,0.028493,scheduled,2026-07-25T05:10:39.384180+00:00,,"scheduled run; SHADOW — observational, not a recommendation; degraded inputs: AVAILABILITY_COMPLETE,GOALKEEPER_CONFIRMED,LINEUP_CONFIRMED,PLAYER_DATA_FRESH"
2026-07-25-0917,mls,New England Revolution v Atlanta United FC,2026-07-25T23:30Z,KXMLSSPREAD-26JUL25NEATL-ATL3,Atlanta wins by more than 2.5 goals,away_margin_3,0.0524,0.03,,33.3333,0.002037,kalshi_0.07p(1-p),0.032037,0.020363,0.021037,0.005259,scheduled,2026-07-25T05:10:38.835806+00:00,,"scheduled run; SHADOW — observational, not a recommendation; degraded inputs: AVAILABILITY_COMPLETE,GOALKEEPER_CONFIRMED,LINEUP_CONFIRMED,PLAYER_DATA_FRESH"
2026-07-25-0917,mls,San Diego FC v FC Dallas,2026-07-26T01:30Z,KXMLSTEAMTOTAL-26JUL25SDDAL-DAL2,Dallas over 1.5 goals,away_team_over_1_5,0.5373,0.5,,2.0,0.0175,kalshi_0.07p(1-p),0.5175,0.0198,0.041036,0.010259,scheduled,2026-07-25T05:10:38.072983+00:00,,"scheduled run; SHADOW — observational, not a recommendation; degraded inputs: AVAILABILITY_COMPLETE,GOALKEEPER_CONFIRMED,LINEUP_CONFIRMED,PLAYER_DATA_FRESH"
2026-07-25-0917,mls,San Diego FC v FC Dallas,2026-07-26T01:30Z,KXMLSTEAMTOTAL-26JUL25SDDAL-DAL3,Dallas over 2.5 goals,away_team_over_2_5,0.2719,0.24,,4.1667,0.012768,kalshi_0.07p(1-p),0.252768,0.019132,0.025604,0.006401,scheduled,2026-07-25T05:10:38.072983+00:00,,"scheduled run; SHADOW — observational, not a recommendation; degraded inputs: AVAILABILITY_COMPLETE,GOALKEEPER_CONFIRMED,LINEUP_CONFIRMED,PLAYER_DATA_FRESH"
2026-07-25-0917,mls,Philadelphia Union v Seattle Sounders FC,2026-07-25T23:30Z,KXMLSTEAMTOTAL-26JUL25PHISEA-SEA2,Seattle over 1.5 goals,away_team_over_1_5,0.4146,0.38,,2.6316,0.016492,kalshi_0.07p(1-p),0.396492,0.018108,0.030005,0.007501,scheduled,2026-07-25T05:10:39.384180+00:00,,"scheduled run; SHADOW — observational, not a recommendation; degraded inputs: AVAILABILITY_COMPLETE,GOALKEEPER_CONFIRMED,LINEUP_CONFIRMED,PLAYER_DATA_FRESH"
2026-07-25-0917,mls,Portland Timbers v Real Salt Lake,2026-07-26T02:30Z,KXMLSSPREAD-26JUL25PORRSL-POR2,Portland wins by more than 1.5 goals,home_margin_2,0.2389,0.21,,4.7619,0.011613,kalshi_0.07p(1-p),0.221613,0.017287,0.022209,0.005552,scheduled,2026-07-25T05:10:39.267924+00:00,,"scheduled run; SHADOW — observational, not a recommendation; degraded inputs: AVAILABILITY_COMPLETE,GOALKEEPER_CONFIRMED,LINEUP_CONFIRMED,PLAYER_DATA_FRESH"
2026-07-25-0917,mls,Philadelphia Union v Seattle Sounders FC,2026-07-25T23:30Z,KXMLSTEAMTOTAL-26JUL25PHISEA-PHI3,Philadelphia over 2.5 goals,home_team_over_2_5,0.2905,0.26,,3.8462,0.013468,kalshi_0.07p(1-p),0.273468,0.017032,0.023443,0.005861,scheduled,2026-07-25T05:10:39.384180+00:00,,"scheduled run; SHADOW — observational, not a recommendation; degraded inputs: AVAILABILITY_COMPLETE,GOALKEEPER_CONFIRMED,LINEUP_CONFIRMED,PLAYER_DATA_FRESH"
2026-07-25-0917,mls,CF Montréal v Inter Miami CF,2026-07-25T23:30Z,KXMLSTOTAL-26JUL25MTLMIA-5,Over 4.5 goals scored,over_4_5,0.3209,0.29,,3.4483,0.014413,kalshi_0.07p(1-p),0.304413,0.016487,0.023702,0.005926,scheduled,2026-07-25T05:10:38.293629+00:00,,"scheduled run; SHADOW — observational, not a recommendation; degraded inputs: AVAILABILITY_COMPLETE,GOALKEEPER_CONFIRMED,LINEUP_CONFIRMED,PLAYER_DATA_FRESH"
2026-07-25-0917,mls,Philadelphia Union v Seattle Sounders FC,2026-07-25T23:30Z,KXMLSTEAMTOTAL-26JUL25PHISEA-SEA3,Seattle over 2.5 goals,away_team_over_2_5,0.1753,0.15,,6.6667,0.008925,kalshi_0.07p(1-p),0.158925,0.016375,0.019469,0.004867,scheduled,2026-07-25T05:10:39.384180+00:00,,"scheduled run; SHADOW — observational, not a recommendation; degraded inputs: AVAILABILITY_COMPLETE,GOALKEEPER_CONFIRMED,LINEUP_CONFIRMED,PLAYER_DATA_FRESH"
2026-07-25-0917,mls,CF Montréal v Inter Miami CF,2026-07-25T23:30Z,KXMLSTOTAL-26JUL25MTLMIA-6,Over 5.5 goals scored,over_5_5,0.1752,0.15,,6.6667,0.008925,kalshi_0.07p(1-p),0.158925,0.016275,0.01935,0.004838,scheduled,2026-07-25T05:10:38.293629+00:00,,"scheduled run; SHADOW — observational, not a recommendation; degraded inputs: AVAILABILITY_COMPLETE,GOALKEEPER_CONFIRMED,LINEUP_CONFIRMED,PLAYER_DATA_FRESH"
2026-07-25-0917,mls,New York City FC v Chicago Fire FC,2026-07-25T23:30Z,KXMLSSPREAD-26JUL25NYCCHI-CHI3,Chicago Fire wins by more than 2.5 goals,away_margin_3,0.0794,0.06,,16.6667,0.003948,kalshi_0.07p(1-p),0.063948,0.015452,0.016508,0.004127,scheduled,2026-07-25T05:10:38.904218+00:00,,"scheduled run; SHADOW — observational, not a recommendation; degraded inputs: AVAILABILITY_COMPLETE,GOALKEEPER_CONFIRMED,LINEUP_CONFIRMED,PLAYER_DATA_FRESH"
2026-07-25-0917,mls,Red Bull New York v Charlotte FC,2026-07-25T22:30Z,KXMLSSPREAD-26JUL25NYRBCLT-CLT2,Charlotte wins by more than 1.5 goals,away_margin_2,0.1742,0.15,,6.6667,0.008925,kalshi_0.07p(1-p),0.158925,0.015275,0.018161,0.00454,scheduled,2026-07-25T05:10:39.188457+00:00,,"scheduled run; SHADOW — observational, not a recommendation; degraded inputs: AVAILABILITY_COMPLETE,GOALKEEPER_CONFIRMED,LINEUP_CONFIRMED,PLAYER_DATA_FRESH"
2026-07-25-0917,mls,Portland Timbers v Real Salt Lake,2026-07-26T02:30Z,KXMLSSPREAD-26JUL25PORRSL-POR3,Portland wins by more than 2.5 goals,home_margin_3,0.111,0.09,,11.1111,0.005733,kalshi_0.07p(1-p),0.095733,0.015267,0.016883,0.004221,scheduled,2026-07-25T05:10:39.267924+00:00,,"scheduled run; SHADOW — observational, not a recommendation; degraded inputs: AVAILABILITY_COMPLETE,GOALKEEPER_CONFIRMED,LINEUP_CONFIRMED,PLAYER_DATA_FRESH"
2026-07-25-0917,mls,CF Montréal v Inter Miami CF,2026-07-25T23:30Z,KXMLSTEAMTOTAL-26JUL25MTLMIA-MTL2,Montreal over 1.5 goals,home_team_over_1_5,0.5424,0.51,,1.9608,0.017493,kalshi_0.07p(1-p),0.527493,0.014907,0.031549,0.007887,scheduled,2026-07-25T05:10:38.293629+00:00,,"scheduled run; SHADOW — observational, not a recommendation; degraded inputs: AVAILABILITY_COMPLETE,GOALKEEPER_CONFIRMED,LINEUP_CONFIRMED,PLAYER_DATA_FRESH"
2026-07-25-0917,mls,Columbus Crew v FC Cincinnati,2026-07-25T23:15Z,KXMLSGAME-26JUL25CLBCIN-CIN,Cincinnati,away_win,0.3086,0.28,0.270936,3.5714,0.014112,kalshi_0.07p(1-p),0.294112,0.014488,0.020525,0.005131,scheduled,2026-07-25T05:10:38.226744+00:00,,"scheduled run; SHADOW — observational, not a recommendation; bid/ask midpoints, overround 1.0150; degraded inputs: AVAILABILITY_COMPLETE,GOALKEEPER_CONFIRMED,LINEUP_CONFIRMED,PLAYER_DATA_FRESH"
2026-07-25-0917,mls,New York City FC v Chicago Fire FC,2026-07-25T23:30Z,KXMLSSPREAD-26JUL25NYCCHI-CHI2,Chicago Fire wins by more than 1.5 goals,away_margin_2,0.1928,0.17,,5.8824,0.009877,kalshi_0.07p(1-p),0.179877,0.012923,0.015757,0.003939,scheduled,2026-07-25T05:10:38.904218+00:00,,"scheduled run; SHADOW — observational, not a recommendation; degraded inputs: AVAILABILITY_COMPLETE,GOALKEEPER_CONFIRMED,LINEUP_CONFIRMED,PLAYER_DATA_FRESH"
2026-07-25-0917,mls,San Jose Earthquakes v LA Galaxy,2026-07-26T02:30Z,KXMLSGAME-26JUL25SJLAG-TIE,Tie,draw,0.2447,0.22,0.21608,4.5455,0.012012,kalshi_0.07p(1-p),0.232012,0.012688,0.016521,0.00413,scheduled,2026-07-25T05:10:39.454779+00:00,,"scheduled run; SHADOW — observational, not a recommendation; bid/ask midpoints, overround 0.9950; degraded inputs: AVAILABILITY_COMPLETE,GOALKEEPER_CONFIRMED,LINEUP_CONFIRMED,PLAYER_DATA_FRESH"
2026-07-25-0917,mls,Minnesota United FC v Vancouver Whitecaps,2026-07-26T00:30Z,KXMLSTOTAL-26JUL25MINVAN-6,Over 5.5 goals scored,over_5_5,0.1084,0.09,,11.1111,0.005733,kalshi_0.07p(1-p),0.095733,0.012667,0.014008,0.003502,scheduled,2026-07-25T05:10:37.982667+00:00,,"scheduled run; SHADOW — observational, not a recommendation; degraded inputs: AVAILABILITY_COMPLETE,GOALKEEPER_CONFIRMED,LINEUP_CONFIRMED,PLAYER_DATA_FRESH"
2026-07-25-0917,mls,New York City FC v Chicago Fire FC,2026-07-25T23:30Z,KXMLSSPREAD-26JUL25NYCCHI-NYC2,New York City wins by more than 1.5 goals,home_margin_2,0.2027,0.18,,5.5556,0.010332,kalshi_0.07p(1-p),0.190332,0.012368,0.015275,0.003819,scheduled,2026-07-25T05:10:38.904218+00:00,,"scheduled run; SHADOW — observational, not a recommendation; degraded inputs: AVAILABILITY_COMPLETE,GOALKEEPER_CONFIRMED,LINEUP_CONFIRMED,PLAYER_DATA_FRESH"
2026-07-25-0917,mls,St. Louis CITY SC v Colorado Rapids,2026-07-26T00:30Z,KXMLSSPREAD-26JUL25STLCOL-STL2,Saint Louis wins by more than 1.5 goals,home_margin_2,0.2858,0.26,,3.8462,0.013468,kalshi_0.07p(1-p),0.273468,0.012332,0.016974,0.004243,scheduled,2026-07-25T05:10:38.524779+00:00,,"scheduled run; SHADOW — observational, not a recommendation; degraded inputs: AVAILABILITY_COMPLETE,GOALKEEPER_CONFIRMED,LINEUP_CONFIRMED,PLAYER_DATA_FRESH"
2026-07-25-0917,mls,CF Montréal v Inter Miami CF,2026-07-25T23:30Z,KXMLSFTTS-26JUL25MTLMIA-MTL,CF Montreal,home_first_goal,0.4789,0.45,,2.2222,0.017325,kalshi_0.07p(1-p),0.467325,0.011575,0.02173,0.005432,scheduled,2026-07-25T05:10:38.293629+00:00,,"scheduled run; SHADOW — observational, not a recommendation; degraded inputs: AVAILABILITY_COMPLETE,GOALKEEPER_CONFIRMED,LINEUP_CONFIRMED,PLAYER_DATA_FRESH"
2026-07-25-0917,mls,New York City FC v Chicago Fire FC,2026-07-25T23:30Z,KXMLSTEAMTOTAL-26JUL25NYCCHI-NYC3,New York City over 2.5 goals,home_team_over_2_5,0.2433,0.22,,4.5455,0.012012,kalshi_0.07p(1-p),0.232012,0.011288,0.014698,0.003675,scheduled,2026-07-25T05:10:38.904218+00:00,,"scheduled run; SHADOW — observational, not a recommendation; degraded inputs: AVAILABILITY_COMPLETE,GOALKEEPER_CONFIRMED,LINEUP_CONFIRMED,PLAYER_DATA_FRESH"
2026-07-25-0917,mls,Houston Dynamo FC v Austin FC,2026-07-26T00:30Z,KXMLSSPREAD-26JUL25HOUATX-ATX2,Austin wins by more than 1.5 goals,away_margin_2,0.0856,0.07,,14.2857,0.004557,kalshi_0.07p(1-p),0.074557,0.011043,0.011933,0.002983,scheduled,2026-07-25T05:10:38.713342+00:00,,"scheduled run; SHADOW — observational, not a recommendation; degraded inputs: AVAILABILITY_COMPLETE,GOALKEEPER_CONFIRMED,LINEUP_CONFIRMED,PLAYER_DATA_FRESH"
2026-07-25-0917,mls,New York City FC v Chicago Fire FC,2026-07-25T23:30Z,KXMLSSPREAD-26JUL25NYCCHI-NYC3,New York City wins by more than 2.5 goals,home_margin_3,0.0854,0.07,,14.2857,0.004557,kalshi_0.07p(1-p),0.074557,0.010843,0.011717,0.002929,scheduled,2026-07-25T05:10:38.904218+00:00,,"scheduled run; SHADOW — observational, not a recommendation; degraded inputs: AVAILABILITY_COMPLETE,GOALKEEPER_CONFIRMED,LINEUP_CONFIRMED,PLAYER_DATA_FRESH"
2026-07-25-0917,mls,CF Montréal v Inter Miami CF,2026-07-25T23:30Z,KXMLSTOTAL-26JUL25MTLMIA-2,Over 1.5 goals scored,over_1_5,0.8886,0.87,,1.1494,0.007917,kalshi_0.07p(1-p),0.877917,0.010683,0.087506,0.021877,scheduled,2026-07-25T05:10:38.293629+00:00,,"scheduled run; SHADOW — observational, not a recommendation; degraded inputs: AVAILABILITY_COMPLETE,GOALKEEPER_CONFIRMED,LINEUP_CONFIRMED,PLAYER_DATA_FRESH"
2026-07-25-0917,mls,CF Montréal v Inter Miami CF,2026-07-25T23:30Z,KXMLSTOTAL-26JUL25MTLMIA-3,Over 2.5 goals scored,over_2_5,0.7252,0.7,,1.4286,0.0147,kalshi_0.07p(1-p),0.7147,0.0105,0.036803,0.009201,scheduled,2026-07-25T05:10:38.293629+00:00,,"scheduled run; SHADOW — observational, not a recommendation; degraded inputs: AVAILABILITY_COMPLETE,GOALKEEPER_CONFIRMED,LINEUP_CONFIRMED,PLAYER_DATA_FRESH"
2026-07-25-0917,mls,San Diego FC v FC Dallas,2026-07-26T01:30Z,KXMLSTOTAL-26JUL25SDDAL-3,Over 2.5 goals scored,over_2_5,0.6957,0.67,,1.4925,0.015477,kalshi_0.07p(1-p),0.685477,0.010223,0.032503,0.008126,scheduled,2026-07-25T05:10:38.072983+00:00,,"scheduled run; SHADOW — observational, not a recommendation; degraded inputs: AVAILABILITY_COMPLETE,GOALKEEPER_CONFIRMED,LINEUP_CONFIRMED,PLAYER_DATA_FRESH"
2026-07-25-0917,mls,San Diego FC v FC Dallas,2026-07-26T01:30Z,KXMLSTOTAL-26JUL25SDDAL-5,Over 4.5 goals scored,over_4_5,0.2939,0.27,,3.7037,0.013797,kalshi_0.07p(1-p),0.283797,0.010103,0.014106,0.003527,scheduled,2026-07-25T05:10:38.072983+00:00,,"scheduled run; SHADOW — observational, not a recommendation; degraded inputs: AVAILABILITY_COMPLETE,GOALKEEPER_CONFIRMED,LINEUP_CONFIRMED,PLAYER_DATA_FRESH"
2026-07-25-0917,mls,New England Revolution v Atlanta United FC,2026-07-25T23:30Z,KXMLSBTTS-26JUL25NEATL-BTTS,Both Teams To Score,btts,0.6269,0.6,,1.6667,0.0168,kalshi_0.07p(1-p),0.6168,0.0101,0.026357,0.006589,scheduled,2026-07-25T05:10:38.835806+00:00,,"scheduled run; SHADOW — observational, not a recommendation; degraded inputs: AVAILABILITY_COMPLETE,GOALKEEPER_CONFIRMED,LINEUP_CONFIRMED,PLAYER_DATA_FRESH"
2026-07-25-0917,mls,Houston Dynamo FC v Austin FC,2026-07-26T00:30Z,KXMLSTOTAL-26JUL25HOUATX-5,Over 4.5 goals scored,over_4_5,0.1689,0.15,,6.6667,0.008925,kalshi_0.07p(1-p),0.158925,0.009975,0.01186,0.002965,scheduled,2026-07-25T05:10:38.713342+00:00,,"scheduled run; SHADOW — observational, not a recommendation; degraded inputs: AVAILABILITY_COMPLETE,GOALKEEPER_CONFIRMED,LINEUP_CONFIRMED,PLAYER_DATA_FRESH"
2026-07-25-0917,mls,St. Louis CITY SC v Colorado Rapids,2026-07-26T00:30Z,KXMLSSPREAD-26JUL25STLCOL-STL3,Saint Louis wins by more than 2.5 goals,home_margin_3,0.1267,0.11,,9.0909,0.006853,kalshi_0.07p(1-p),0.116853,0.009847,0.01115,0.002787,scheduled,2026-07-25T05:10:38.524779+00:00,,"scheduled run; SHADOW — observational, not a recommendation; degraded inputs: AVAILABILITY_COMPLETE,GOALKEEPER_CONFIRMED,LINEUP_CONFIRMED,PLAYER_DATA_FRESH"
2026-07-25-0917,mls,Orlando City SC v Nashville SC,2026-07-25T23:30Z,KXMLSTEAMTOTAL-26JUL25ORLNSH-ORL3,Orlando over 2.5 goals,home_team_over_2_5,0.2104,0.19,,5.2632,0.010773,kalshi_0.07p(1-p),0.200773,0.009627,0.012045,0.003011,scheduled,2026-07-25T05:10:38.980692+00:00,,"scheduled run; SHADOW — observational, not a recommendation; degraded inputs: AVAILABILITY_COMPLETE,GOALKEEPER_CONFIRMED,LINEUP_CONFIRMED,PLAYER_DATA_FRESH"
2026-07-25-0917,mls,Houston Dynamo FC v Austin FC,2026-07-26T00:30Z,KXMLSTOTAL-26JUL25HOUATX-6,Over 5.5 goals scored,over_5_5,0.0732,0.06,,16.6667,0.003948,kalshi_0.07p(1-p),0.063948,0.009252,0.009884,0.002471,scheduled,2026-07-25T05:10:38.713342+00:00,,"scheduled run; SHADOW — observational, not a recommendation; degraded inputs: AVAILABILITY_COMPLETE,GOALKEEPER_CONFIRMED,LINEUP_CONFIRMED,PLAYER_DATA_FRESH"
2026-07-25-0917,mls,D.C. United v Toronto FC,2026-07-25T23:30Z,KXMLSSPREAD-26JUL25DCUTOR-TOR3,Toronto wins by more than 2.5 goals,away_margin_3,0.0412,0.03,,33.3333,0.002037,kalshi_0.07p(1-p),0.032037,0.009163,0.009466,0.002367,scheduled,2026-07-25T05:10:38.361236+00:00,,"scheduled run; SHADOW — observational, not a recommendation; degraded inputs: AVAILABILITY_COMPLETE,GOALKEEPER_CONFIRMED,LINEUP_CONFIRMED,PLAYER_DATA_FRESH"
2026-07-25-0917,mls,Orlando City SC v Nashville SC,2026-07-25T23:30Z,KXMLSSPREAD-26JUL25ORLNSH-ORL3,Orlando wins by more than 2.5 goals,home_margin_3,0.0724,0.06,,16.6667,0.003948,kalshi_0.07p(1-p),0.063948,0.008452,0.009029,0.002257,scheduled,2026-07-25T05:10:38.980692+00:00,,"scheduled run; SHADOW — observational, not a recommendation; degraded inputs: AVAILABILITY_COMPLETE,GOALKEEPER_CONFIRMED,LINEUP_CONFIRMED,PLAYER_DATA_FRESH"
2026-07-25-0917,mls,Minnesota United FC v Vancouver Whitecaps,2026-07-26T00:30Z,KXMLSTOTAL-26JUL25MINVAN-5,Over 4.5 goals scored,over_4_5,0.2196,0.2,,5.0,0.0112,kalshi_0.07p(1-p),0.2112,0.0084,0.010649,0.002662,scheduled,2026-07-25T05:10:37.982667+00:00,,"scheduled run; SHADOW — observational, not a recommendation; degraded inputs: AVAILABILITY_COMPLETE,GOALKEEPER_CONFIRMED,LINEUP_CONFIRMED,PLAYER_DATA_FRESH"
2026-07-25-0917,mls,Minnesota United FC v Vancouver Whitecaps,2026-07-26T00:30Z,KXMLSTEAMTOTAL-26JUL25MINVAN-MIN1,Minnesota over 0.5 goals,home_team_over_0_5,0.7714,0.75,,1.3333,0.013125,kalshi_0.07p(1-p),0.763125,0.008275,0.034934,0.008734,scheduled,2026-07-25T05:10:37.982667+00:00,,"scheduled run; SHADOW — observational, not a recommendation; wide spread 5c; degraded inputs: AVAILABILITY_COMPLETE,GOALKEEPER_CONFIRMED,LINEUP_CONFIRMED,PLAYER_DATA_FRESH"
2026-07-25-0917,mls,Red Bull New York v Charlotte FC,2026-07-25T22:30Z,KXMLSSPREAD-26JUL25NYRBCLT-CLT3,Charlotte wins by more than 2.5 goals,away_margin_3,0.072,0.06,,16.6667,0.003948,kalshi_0.07p(1-p),0.063948,0.008052,0.008602,0.002151,scheduled,2026-07-25T05:10:39.188457+00:00,,"scheduled run; SHADOW — observational, not a recommendation; degraded inputs: AVAILABILITY_COMPLETE,GOALKEEPER_CONFIRMED,LINEUP_CONFIRMED,PLAYER_DATA_FRESH"
2026-07-25-0917,mls,Philadelphia Union v Seattle Sounders FC,2026-07-25T23:30Z,KXMLSSPREAD-26JUL25PHISEA-SEA3,Seattle wins by more than 2.5 goals,away_margin_3,0.0502,0.04,,25.0,0.002688,kalshi_0.07p(1-p),0.042688,0.007512,0.007847,0.001962,scheduled,2026-07-25T05:10:39.384180+00:00,,"scheduled run; SHADOW — observational, not a recommendation; degraded inputs: AVAILABILITY_COMPLETE,GOALKEEPER_CONFIRMED,LINEUP_CONFIRMED,PLAYER_DATA_FRESH"
2026-07-25-0917,mls,Columbus Crew v FC Cincinnati,2026-07-25T23:15Z,KXMLSTOTAL-26JUL25CLBCIN-6,Over 5.5 goals scored,over_5_5,0.1559,0.14,,7.1429,0.008428,kalshi_0.07p(1-p),0.148428,0.007472,0.008774,0.002194,scheduled,2026-07-25T05:10:38.226744+00:00,,"scheduled run; SHADOW — observational, not a recommendation; degraded inputs: AVAILABILITY_COMPLETE,GOALKEEPER_CONFIRMED,LINEUP_CONFIRMED,PLAYER_DATA_FRESH"
2026-07-25-0917,mls,New England Revolution v Atlanta United FC,2026-07-25T23:30Z,KXMLSTEAMTOTAL-26JUL25NEATL-NE3,New England over 2.5 goals,home_team_over_2_5,0.2602,0.24,,4.1667,0.012768,kalshi_0.07p(1-p),0.252768,0.007432,0.009946,0.002487,scheduled,2026-07-25T05:10:38.835806+00:00,,"scheduled run; SHADOW — observational, not a recommendation; degraded inputs: AVAILABILITY_COMPLETE,GOALKEEPER_CONFIRMED,LINEUP_CONFIRMED,PLAYER_DATA_FRESH"
2026-07-25-0917,mls,Red Bull New York v Charlotte FC,2026-07-25T22:30Z,KXMLSTOTAL-26JUL25NYRBCLT-5,Over 4.5 goals scored,over_4_5,0.2598,0.24,,4.1667,0.012768,kalshi_0.07p(1-p),0.252768,0.007032,0.009411,0.002353,scheduled,2026-07-25T05:10:39.188457+00:00,,"scheduled run; SHADOW — observational, not a recommendation; degraded inputs: AVAILABILITY_COMPLETE,GOALKEEPER_CONFIRMED,LINEUP_CONFIRMED,PLAYER_DATA_FRESH"
2026-07-25-0917,mls,San Diego FC v FC Dallas,2026-07-26T01:30Z,KXMLSTOTAL-26JUL25SDDAL-4,Over 3.5 goals scored,over_3_5,0.4843,0.46,,2.1739,0.017388,kalshi_0.07p(1-p),0.477388,0.006912,0.013226,0.003306,scheduled,2026-07-25T05:10:38.072983+00:00,,"scheduled run; SHADOW — observational, not a recommendation; degraded inputs: AVAILABILITY_COMPLETE,GOALKEEPER_CONFIRMED,LINEUP_CONFIRMED,PLAYER_DATA_FRESH"
2026-07-25-0917,mls,New York City FC v Chicago Fire FC,2026-07-25T23:30Z,KXMLSBTTS-26JUL25NYCCHI-BTTS,Both Teams To Score,btts,0.663,0.64,,1.5625,0.016128,kalshi_0.07p(1-p),0.656128,0.006872,0.019984,0.004996,scheduled,2026-07-25T05:10:38.904218+00:00,,"scheduled run; SHADOW — observational, not a recommendation; degraded inputs: AVAILABILITY_COMPLETE,GOALKEEPER_CONFIRMED,LINEUP_CONFIRMED,PLAYER_DATA_FRESH"
2026-07-25-0917,mls,Philadelphia Union v Seattle Sounders FC,2026-07-25T23:30Z,KXMLSTEAMTOTAL-26JUL25PHISEA-SEA1,Seattle over 0.5 goals,away_team_over_0_5,0.7602,0.74,,1.3514,0.013468,kalshi_0.07p(1-p),0.753468,0.006732,0.027307,0.006827,scheduled,2026-07-25T05:10:39.384180+00:00,,"scheduled run; SHADOW — observational, not a recommendation; degraded inputs: AVAILABILITY_COMPLETE,GOALKEEPER_CONFIRMED,LINEUP_CONFIRMED,PLAYER_DATA_FRESH"
2026-07-25-0917,mls,San Diego FC v FC Dallas,2026-07-26T01:30Z,KXMLSTOTAL-26JUL25SDDAL-6,Over 5.5 goals scored,over_5_5,0.1551,0.14,,7.1429,0.008428,kalshi_0.07p(1-p),0.148428,0.006672,0.007835,0.001959,scheduled,2026-07-25T05:10:38.072983+00:00,,"scheduled run; SHADOW — observational, not a recommendation; degraded inputs: AVAILABILITY_COMPLETE,GOALKEEPER_CONFIRMED,LINEUP_CONFIRMED,PLAYER_DATA_FRESH"
2026-07-25-0917,mls,D.C. United v Toronto FC,2026-07-25T23:30Z,KXMLSSPREAD-26JUL25DCUTOR-TOR2,Toronto wins by more than 1.5 goals,away_margin_2,0.1232,0.11,,9.0909,0.006853,kalshi_0.07p(1-p),0.116853,0.006347,0.007187,0.001797,scheduled,2026-07-25T05:10:38.361236+00:00,,"scheduled run; SHADOW — observational, not a recommendation; degraded inputs: AVAILABILITY_COMPLETE,GOALKEEPER_CONFIRMED,LINEUP_CONFIRMED,PLAYER_DATA_FRESH"
2026-07-25-0917,mls,Minnesota United FC v Vancouver Whitecaps,2026-07-26T00:30Z,KXMLSTOTAL-26JUL25MINVAN-3,Over 2.5 goals scored,over_2_5,0.623,0.6,,1.6667,0.0168,kalshi_0.07p(1-p),0.6168,0.0062,0.01618,0.004045,scheduled,2026-07-25T05:10:37.982667+00:00,,"scheduled run; SHADOW — observational, not a recommendation; degraded inputs: AVAILABILITY_COMPLETE,GOALKEEPER_CONFIRMED,LINEUP_CONFIRMED,PLAYER_DATA_FRESH"
2026-07-25-0917,mls,New England Revolution v Atlanta United FC,2026-07-25T23:30Z,KXMLSTOTAL-26JUL25NEATL-1,Over 0.5 goals scored,over_0_5,0.9593,0.95,,1.0526,0.003325,kalshi_0.07p(1-p),0.953325,0.005975,0.128013,0.032003,scheduled,2026-07-25T05:10:38.835806+00:00,,"scheduled run; SHADOW — observational, not a recommendation; degraded inputs: AVAILABILITY_COMPLETE,GOALKEEPER_CONFIRMED,LINEUP_CONFIRMED,PLAYER_DATA_FRESH"
2026-07-25-0917,mls,Minnesota United FC v Vancouver Whitecaps,2026-07-26T00:30Z,KXMLSSCORE-26JUL25MINVAN-MIN3VAN1,Minnesota United FC wins 3-1,score_3_1,0.0377,0.03,,33.3333,0.002037,kalshi_0.07p(1-p),0.032037,0.005663,0.00585,0.001463,scheduled,2026-07-25T05:10:37.982667+00:00,,"scheduled run; SHADOW — observational, not a recommendation; degraded inputs: AVAILABILITY_COMPLETE,GOALKEEPER_CONFIRMED,LINEUP_CONFIRMED,PLAYER_DATA_FRESH"
2026-07-25-0917,mls,Portland Timbers v Real Salt Lake,2026-07-26T02:30Z,KXMLSGAME-26JUL25PORRSL-POR,Portland,home_win,0.4122,0.39,0.386935,2.5641,0.016653,kalshi_0.07p(1-p),0.406653,0.005547,0.009349,0.002337,scheduled,2026-07-25T05:10:39.267924+00:00,,"scheduled run; SHADOW — observational, not a recommendation; bid/ask midpoints, overround 0.9950; degraded inputs: AVAILABILITY_COMPLETE,GOALKEEPER_CONFIRMED,LINEUP_CONFIRMED,PLAYER_DATA_FRESH"
2026-07-25-0917,mls,CF Montréal v Inter Miami CF,2026-07-25T23:30Z,KXMLSTEAMTOTAL-26JUL25MTLMIA-MTL1,Montreal over 0.5 goals,home_team_over_0_5,0.8452,0.83,,1.2048,0.009877,kalshi_0.07p(1-p),0.839877,0.005323,0.033243,0.008311,scheduled,2026-07-25T05:10:38.293629+00:00,,"scheduled run; SHADOW — observational, not a recommendation; wide spread 6c; degraded inputs: AVAILABILITY_COMPLETE,GOALKEEPER_CONFIRMED,LINEUP_CONFIRMED,PLAYER_DATA_FRESH"
2026-07-25-0917,mls,New England Revolution v Atlanta United FC,2026-07-25T23:30Z,KXMLSSPREAD-26JUL25NEATL-NE3,New England wins by more than 2.5 goals,home_margin_3,0.1116,0.1,,10.0,0.0063,kalshi_0.07p(1-p),0.1063,0.0053,0.00593,0.001483,scheduled,2026-07-25T05:10:38.835806+00:00,,"scheduled run; SHADOW — observational, not a recommendation; degraded inputs: AVAILABILITY_COMPLETE,GOALKEEPER_CONFIRMED,LINEUP_CONFIRMED,PLAYER_DATA_FRESH"
2026-07-25-0917,mls,CF Montréal v Inter Miami CF,2026-07-25T23:30Z,KXMLSTOTAL-26JUL25MTLMIA-1,Over 0.5 goals scored,over_0_5,0.9772,0.97,,1.0309,0.002037,kalshi_0.07p(1-p),0.972037,0.005163,0.184637,0.046159,scheduled,2026-07-25T05:10:38.293629+00:00,,"scheduled run; SHADOW — observational, not a recommendation; degraded inputs: AVAILABILITY_COMPLETE,GOALKEEPER_CONFIRMED,LINEUP_CONFIRMED,PLAYER_DATA_FRESH"
2026-07-25-0917,mls,Orlando City SC v Nashville SC,2026-07-25T23:30Z,KXMLSTEAMTOTAL-26JUL25ORLNSH-ORL2,Orlando over 1.5 goals,home_team_over_1_5,0.4622,0.44,,2.2727,0.017248,kalshi_0.07p(1-p),0.457248,0.004952,0.009124,0.002281,scheduled,2026-07-25T05:10:38.980692+00:00,,"scheduled run; SHADOW — observational, not a recommendation; degraded inputs: AVAILABILITY_COMPLETE,GOALKEEPER_CONFIRMED,LINEUP_CONFIRMED,PLAYER_DATA_FRESH"
2026-07-25-0917,mls,Red Bull New York v Charlotte FC,2026-07-25T22:30Z,KXMLSGAME-26JUL25NYRBCLT-CLT,Charlotte,away_win,0.35,0.33,0.323383,3.0303,0.015477,kalshi_0.07p(1-p),0.345477,0.004523,0.00691,0.001728,scheduled,2026-07-25T05:10:39.188457+00:00,,"scheduled run; SHADOW — observational, not a recommendation; bid/ask midpoints, overround 1.0050; degraded inputs: AVAILABILITY_COMPLETE,GOALKEEPER_CONFIRMED,LINEUP_CONFIRMED,PLAYER_DATA_FRESH"
2026-07-25-0917,mls,Columbus Crew v FC Cincinnati,2026-07-25T23:15Z,KXMLSSCORE-26JUL25CLBCIN-CLB2CIN3,FC Cincinnati wins 3-2,score_2_3,0.0365,0.03,,33.3333,0.002037,kalshi_0.07p(1-p),0.032037,0.004463,0.004611,0.001153,scheduled,2026-07-25T05:10:38.226744+00:00,,"scheduled run; SHADOW — observational, not a recommendation; degraded inputs: AVAILABILITY_COMPLETE,GOALKEEPER_CONFIRMED,LINEUP_CONFIRMED,PLAYER_DATA_FRESH"
2026-07-25-0917,mls,Columbus Crew v FC Cincinnati,2026-07-25T23:15Z,KXMLSFTTS-26JUL25CLBCIN-CIN,FC Cincinnati,away_first_goal,0.4211,0.4,,2.5,0.0168,kalshi_0.07p(1-p),0.4168,0.0043,0.007373,0.001843,scheduled,2026-07-25T05:10:38.226744+00:00,,"scheduled run; SHADOW — observational, not a recommendation; wide spread 7c; degraded inputs: AVAILABILITY_COMPLETE,GOALKEEPER_CONFIRMED,LINEUP_CONFIRMED,PLAYER_DATA_FRESH"
2026-07-25-0917,mls,Orlando City SC v Nashville SC,2026-07-25T23:30Z,KXMLSTOTAL-26JUL25ORLNSH-6,Over 5.5 goals scored,over_5_5,0.1106,0.1,,10.0,0.0063,kalshi_0.07p(1-p),0.1063,0.0043,0.004811,0.001203,scheduled,2026-07-25T05:10:38.980692+00:00,,"scheduled run; SHADOW — observational, not a recommendation; degraded inputs: AVAILABILITY_COMPLETE,GOALKEEPER_CONFIRMED,LINEUP_CONFIRMED,PLAYER_DATA_FRESH"
2026-07-25-0917,mls,Orlando City SC v Nashville SC,2026-07-25T23:30Z,KXMLSTOTAL-26JUL25ORLNSH-2,Over 1.5 goals scored,over_1_5,0.844,0.83,,1.2048,0.009877,kalshi_0.07p(1-p),0.839877,0.004123,0.025749,0.006437,scheduled,2026-07-25T05:10:38.980692+00:00,,"scheduled run; SHADOW — observational, not a recommendation; degraded inputs: AVAILABILITY_COMPLETE,GOALKEEPER_CONFIRMED,LINEUP_CONFIRMED,PLAYER_DATA_FRESH"
2026-07-25-0917,mls,Red Bull New York v Charlotte FC,2026-07-25T22:30Z,KXMLSTOTAL-26JUL25NYRBCLT-6,Over 5.5 goals scored,over_5_5,0.1315,0.12,,8.3333,0.007392,kalshi_0.07p(1-p),0.127392,0.004108,0.004708,0.001177,scheduled,2026-07-25T05:10:39.188457+00:00,,"scheduled run; SHADOW — observational, not a recommendation; degraded inputs: AVAILABILITY_COMPLETE,GOALKEEPER_CONFIRMED,LINEUP_CONFIRMED,PLAYER_DATA_FRESH"
2026-07-25-0917,mls,Houston Dynamo FC v Austin FC,2026-07-26T00:30Z,KXMLSSPREAD-26JUL25HOUATX-ATX3,Austin wins by more than 2.5 goals,away_margin_3,0.0254,0.02,,50.0,0.001372,kalshi_0.07p(1-p),0.021372,0.004028,0.004116,0.001029,scheduled,2026-07-25T05:10:38.713342+00:00,,"scheduled run; SHADOW — observational, not a recommendation; degraded inputs: AVAILABILITY_COMPLETE,GOALKEEPER_CONFIRMED,LINEUP_CONFIRMED,PLAYER_DATA_FRESH"
2026-07-25-0917,mls,Orlando City SC v Nashville SC,2026-07-25T23:30Z,KXMLSSCORE-26JUL25ORLNSH-ORL3NSH2,Orlando City SC wins 3-2,score_3_2,0.036,0.03,,33.3333,0.002037,kalshi_0.07p(1-p),0.032037,0.003963,0.004094,0.001024,scheduled,2026-07-25T05:10:38.980692+00:00,,"scheduled run; SHADOW — observational, not a recommendation; degraded inputs: AVAILABILITY_COMPLETE,GOALKEEPER_CONFIRMED,LINEUP_CONFIRMED,PLAYER_DATA_FRESH"
2026-07-25-0917,mls,CF Montréal v Inter Miami CF,2026-07-25T23:30Z,KXMLSSCORE-26JUL25MTLMIA-MTL3MIA2,CF Montreal wins 3-2,score_3_2,0.0465,0.04,,25.0,0.002688,kalshi_0.07p(1-p),0.042688,0.003812,0.003982,0.000995,scheduled,2026-07-25T05:10:38.293629+00:00,,"scheduled run; SHADOW — observational, not a recommendation; degraded inputs: AVAILABILITY_COMPLETE,GOALKEEPER_CONFIRMED,LINEUP_CONFIRMED,PLAYER_DATA_FRESH"
2026-07-25-0917,mls,D.C. United v Toronto FC,2026-07-25T23:30Z,KXMLSTOTAL-26JUL25DCUTOR-5,Over 4.5 goals scored,over_4_5,0.1519,0.14,,7.1429,0.008428,kalshi_0.07p(1-p),0.148428,0.003472,0.004077,0.001019,scheduled,2026-07-25T05:10:38.361236+00:00,,"scheduled run; SHADOW — observational, not a recommendation; degraded inputs: AVAILABILITY_COMPLETE,GOALKEEPER_CONFIRMED,LINEUP_CONFIRMED,PLAYER_DATA_FRESH"
2026-07-25-0917,mls,San Jose Earthquakes v LA Galaxy,2026-07-26T02:30Z,KXMLSGAME-26JUL25SJLAG-LAG,Los Angeles G,away_win,0.2769,0.26,0.256281,3.8462,0.013468,kalshi_0.07p(1-p),0.273468,0.003432,0.004724,0.001181,scheduled,2026-07-25T05:10:39.454779+00:00,,"scheduled run; SHADOW — observational, not a recommendation; bid/ask midpoints, overround 0.9950; degraded inputs: AVAILABILITY_COMPLETE,GOALKEEPER_CONFIRMED,LINEUP_CONFIRMED,PLAYER_DATA_FRESH"
2026-07-25-0917,mls,New York City FC v Chicago Fire FC,2026-07-25T23:30Z,KXMLSTOTAL-26JUL25NYCCHI-1,Over 0.5 goals scored,over_0_5,0.966,0.96,,1.0417,0.002688,kalshi_0.07p(1-p),0.962688,0.003312,0.088765,0.022191,scheduled,2026-07-25T05:10:38.904218+00:00,,"scheduled run; SHADOW — observational, not a recommendation; degraded inputs: AVAILABILITY_COMPLETE,GOALKEEPER_CONFIRMED,LINEUP_CONFIRMED,PLAYER_DATA_FRESH"
2026-07-25-0917,mls,Minnesota United FC v Vancouver Whitecaps,2026-07-26T00:30Z,KXMLSTOTAL-26JUL25MINVAN-4,Over 3.5 goals scored,over_3_5,0.3996,0.38,,2.6316,0.016492,kalshi_0.07p(1-p),0.396492,0.003108,0.00515,0.001287,scheduled,2026-07-25T05:10:37.982667+00:00,,"scheduled run; SHADOW — observational, not a recommendation; degraded inputs: AVAILABILITY_COMPLETE,GOALKEEPER_CONFIRMED,LINEUP_CONFIRMED,PLAYER_DATA_FRESH"
2026-07-25-0917,mls,Minnesota United FC v Vancouver Whitecaps,2026-07-26T00:30Z,KXMLSGAME-26JUL25MINVAN-TIE,Tie,draw,0.2555,0.24,0.233831,4.1667,0.012768,kalshi_0.07p(1-p),0.252768,0.002732,0.003656,0.000914,scheduled,2026-07-25T05:10:37.982667+00:00,,"scheduled run; SHADOW — observational, not a recommendation; bid/ask midpoints, overround 1.0050; degraded inputs: AVAILABILITY_COMPLETE,GOALKEEPER_CONFIRMED,LINEUP_CONFIRMED,PLAYER_DATA_FRESH"
2026-07-25-0917,mls,New York City FC v Chicago Fire FC,2026-07-25T23:30Z,KXMLSTEAMTOTAL-26JUL25NYCCHI-CHI1,Chicago Fire over 0.5 goals,away_team_over_0_5,0.804,0.79,,1.2658,0.011613,kalshi_0.07p(1-p),0.801613,0.002387,0.012032,0.003008,scheduled,2026-07-25T05:10:38.904218+00:00,,"scheduled run; SHADOW — observational, not a recommendation; degraded inputs: AVAILABILITY_COMPLETE,GOALKEEPER_CONFIRMED,LINEUP_CONFIRMED,PLAYER_DATA_FRESH"
2026-07-25-0917,mls,Red Bull New York v Charlotte FC,2026-07-25T22:30Z,KXMLSTOTAL-26JUL25NYRBCLT-4,Over 3.5 goals scored,over_3_5,0.4495,0.43,,2.3256,0.017157,kalshi_0.07p(1-p),0.447157,0.002343,0.004238,0.00106,scheduled,2026-07-25T05:10:39.188457+00:00,,"scheduled run; SHADOW — observational, not a recommendation; degraded inputs: AVAILABILITY_COMPLETE,GOALKEEPER_CONFIRMED,LINEUP_CONFIRMED,PLAYER_DATA_FRESH"
2026-07-25-0917,mls,D.C. United v Toronto FC,2026-07-25T23:30Z,KXMLSSCORE-26JUL25DCUTOR-DCU0TOR1,Toronto FC wins 1-0,score_0_1,0.0768,0.07,,14.2857,0.004557,kalshi_0.07p(1-p),0.074557,0.002243,0.002424,0.000606,scheduled,2026-07-25T05:10:38.361236+00:00,,"scheduled run; SHADOW — observational, not a recommendation; degraded inputs: AVAILABILITY_COMPLETE,GOALKEEPER_CONFIRMED,LINEUP_CONFIRMED,PLAYER_DATA_FRESH"
2026-07-25-0917,mls,Red Bull New York v Charlotte FC,2026-07-25T22:30Z,KXMLSSPREAD-26JUL25NYRBCLT-NYRB3,New York RB wins by more than 2.5 goals,home_margin_3,0.1085,0.1,,10.0,0.0063,kalshi_0.07p(1-p),0.1063,0.0022,0.002462,0.000615,scheduled,2026-07-25T05:10:39.188457+00:00,,"scheduled run; SHADOW — observational, not a recommendation; degraded inputs: AVAILABILITY_COMPLETE,GOALKEEPER_CONFIRMED,LINEUP_CONFIRMED,PLAYER_DATA_FRESH"
2026-07-25-0917,mls,Columbus Crew v FC Cincinnati,2026-07-25T23:15Z,KXMLSSCORE-26JUL25CLBCIN-CLB0CIN1,FC Cincinnati wins 1-0,score_0_1,0.0444,0.04,,25.0,0.002688,kalshi_0.07p(1-p),0.042688,0.001712,0.001788,0.000447,scheduled,2026-07-25T05:10:38.226744+00:00,,"scheduled run; SHADOW — observational, not a recommendation; degraded inputs: AVAILABILITY_COMPLETE,GOALKEEPER_CONFIRMED,LINEUP_CONFIRMED,PLAYER_DATA_FRESH"
2026-07-25-0917,mls,Minnesota United FC v Vancouver Whitecaps,2026-07-26T00:30Z,KXMLSSCORE-26JUL25MINVAN-MIN2VAN0,Minnesota United FC wins 2-0,score_2_0,0.0443,0.04,,25.0,0.002688,kalshi_0.07p(1-p),0.042688,0.001612,0.001684,0.000421,scheduled,2026-07-25T05:10:37.982667+00:00,,"scheduled run; SHADOW — observational, not a recommendation; degraded inputs: AVAILABILITY_COMPLETE,GOALKEEPER_CONFIRMED,LINEUP_CONFIRMED,PLAYER_DATA_FRESH"
2026-07-25-0917,mls,New England Revolution v Atlanta United FC,2026-07-25T23:30Z,KXMLSFTTS-26JUL25NEATL-ATL,Atlanta United FC,away_first_goal,0.4285,0.41,,2.439,0.016933,kalshi_0.07p(1-p),0.426933,0.001567,0.002734,0.000684,scheduled,2026-07-25T05:10:38.835806+00:00,,"scheduled run; SHADOW — observational, not a recommendation; wide spread 7c; degraded inputs: AVAILABILITY_COMPLETE,GOALKEEPER_CONFIRMED,LINEUP_CONFIRMED,PLAYER_DATA_FRESH"
2026-07-25-0917,mls,St. Louis CITY SC v Colorado Rapids,2026-07-26T00:30Z,KXMLSFTTS-26JUL25STLCOL-NONE,No Goal,no_goal,0.0548,0.05,,20.0,0.003325,kalshi_0.07p(1-p),0.053325,0.001475,0.001558,0.00039,scheduled,2026-07-25T05:10:38.524779+00:00,,"scheduled run; SHADOW — observational, not a recommendation; degraded inputs: AVAILABILITY_COMPLETE,GOALKEEPER_CONFIRMED,LINEUP_CONFIRMED,PLAYER_DATA_FRESH"
2026-07-25-0917,mls,Columbus Crew v FC Cincinnati,2026-07-25T23:15Z,KXMLSTOTAL-26JUL25CLBCIN-1,Over 0.5 goals scored,over_0_5,0.9733,0.97,,1.0309,0.002037,kalshi_0.07p(1-p),0.972037,0.001263,0.045167,0.011292,scheduled,2026-07-25T05:10:38.226744+00:00,,"scheduled run; SHADOW — observational, not a recommendation; degraded inputs: AVAILABILITY_COMPLETE,GOALKEEPER_CONFIRMED,LINEUP_CONFIRMED,PLAYER_DATA_FRESH"
2026-07-25-0917,mls,St. Louis CITY SC v Colorado Rapids,2026-07-26T00:30Z,KXMLSGAME-26JUL25STLCOL-TIE,Tie,draw,0.254,0.24,0.233831,4.1667,0.012768,kalshi_0.07p(1-p),0.252768,0.001232,0.001649,0.000412,scheduled,2026-07-25T05:10:38.524779+00:00,,"scheduled run; SHADOW — observational, not a recommendation; bid/ask midpoints, overround 1.0050; degraded inputs: AVAILABILITY_COMPLETE,GOALKEEPER_CONFIRMED,LINEUP_CONFIRMED,PLAYER_DATA_FRESH"
2026-07-25-0917,mls,Philadelphia Union v Seattle Sounders FC,2026-07-25T23:30Z,KXMLSTOTAL-26JUL25PHISEA-1,Over 0.5 goals scored,over_0_5,0.9639,0.96,,1.0417,0.002688,kalshi_0.07p(1-p),0.962688,0.001212,0.032483,0.008121,scheduled,2026-07-25T05:10:39.384180+00:00,,"scheduled run; SHADOW — observational, not a recommendation; degraded inputs: AVAILABILITY_COMPLETE,GOALKEEPER_CONFIRMED,LINEUP_CONFIRMED,PLAYER_DATA_FRESH"
2026-07-25-0917,mls,St. Louis CITY SC v Colorado Rapids,2026-07-26T00:30Z,KXMLSSCORE-26JUL25STLCOL-STL2COL0,Saint Louis City SC wins 2-0,score_2_0,0.0863,0.08,,12.5,0.005152,kalshi_0.07p(1-p),0.085152,0.001148,0.001255,0.000314,scheduled,2026-07-25T05:10:38.524779+00:00,,"scheduled run; SHADOW — observational, not a recommendation; degraded inputs: AVAILABILITY_COMPLETE,GOALKEEPER_CONFIRMED,LINEUP_CONFIRMED,PLAYER_DATA_FRESH"
2026-07-25-0917,mls,San Jose Earthquakes v LA Galaxy,2026-07-26T02:30Z,KXMLSFTTS-26JUL25SJLAG-NONE,No Goal,no_goal,0.0331,0.03,,33.3333,0.002037,kalshi_0.07p(1-p),0.032037,0.001063,0.001098,0.000275,scheduled,2026-07-25T05:10:39.454779+00:00,,"scheduled run; SHADOW — observational, not a recommendation; degraded inputs: AVAILABILITY_COMPLETE,GOALKEEPER_CONFIRMED,LINEUP_CONFIRMED,PLAYER_DATA_FRESH"
2026-07-25-0917,mls,San Diego FC v FC Dallas,2026-07-26T01:30Z,KXMLSSCORE-26JUL25SDDAL-SD2DAL3,FC Dallas wins 3-2,score_2_3,0.0437,0.04,,25.0,0.002688,kalshi_0.07p(1-p),0.042688,0.001012,0.001057,0.000264,scheduled,2026-07-25T05:10:38.072983+00:00,,"scheduled run; SHADOW — observational, not a recommendation; degraded inputs: AVAILABILITY_COMPLETE,GOALKEEPER_CONFIRMED,LINEUP_CONFIRMED,PLAYER_DATA_FRESH"
2026-07-25-0917,mls,Red Bull New York v Charlotte FC,2026-07-25T22:30Z,KXMLSSCORE-26JUL25NYRBCLT-NYRB0CLT1,Charlotte FC wins 1-0,score_0_1,0.054,0.05,,20.0,0.003325,kalshi_0.07p(1-p),0.053325,0.000675,0.000713,0.000178,scheduled,2026-07-25T05:10:39.188457+00:00,,"scheduled run; SHADOW — observational, not a recommendation; degraded inputs: AVAILABILITY_COMPLETE,GOALKEEPER_CONFIRMED,LINEUP_CONFIRMED,PLAYER_DATA_FRESH"
2026-07-25-0917,mls,D.C. United v Toronto FC,2026-07-25T23:30Z,KXMLSSPREAD-26JUL25DCUTOR-DCU3,DC United wins by more than 2.5 goals,home_margin_3,0.0962,0.09,,11.1111,0.005733,kalshi_0.07p(1-p),0.095733,0.000467,0.000516,0.000129,scheduled,2026-07-25T05:10:38.361236+00:00,,"scheduled run; SHADOW — observational, not a recommendation; degraded inputs: AVAILABILITY_COMPLETE,GOALKEEPER_CONFIRMED,LINEUP_CONFIRMED,PLAYER_DATA_FRESH"
2026-07-25-0917,mls,Columbus Crew v FC Cincinnati,2026-07-25T23:15Z,KXMLSGAME-26JUL25CLBCIN-TIE,Tie,draw,0.2428,0.23,0.221675,4.3478,0.012397,kalshi_0.07p(1-p),0.242397,0.000403,0.000532,0.000133,scheduled,2026-07-25T05:10:38.226744+00:00,,"scheduled run; SHADOW — observational, not a recommendation; bid/ask midpoints, overround 1.0150; degraded inputs: AVAILABILITY_COMPLETE,GOALKEEPER_CONFIRMED,LINEUP_CONFIRMED,PLAYER_DATA_FRESH"
2026-07-25-0917,mls,Columbus Crew v FC Cincinnati,2026-07-25T23:15Z,KXMLSSPREAD-26JUL25CLBCIN-CIN3,Cincinnati wins by more than 2.5 goals,away_margin_3,0.0536,0.05,,20.0,0.003325,kalshi_0.07p(1-p),0.053325,0.000275,0.00029,7.3e-05,scheduled,2026-07-25T05:10:38.226744+00:00,,"scheduled run; SHADOW — observational, not a recommendation; degraded inputs: AVAILABILITY_COMPLETE,GOALKEEPER_CONFIRMED,LINEUP_CONFIRMED,PLAYER_DATA_FRESH"
2026-07-25-0917,mls,CF Montréal v Inter Miami CF,2026-07-25T23:30Z,KXMLSBTTS-26JUL25MTLMIA-BTTS,Both Teams To Score,btts,0.7148,0.7,,1.4286,0.0147,kalshi_0.07p(1-p),0.7147,0.0001,0.000351,8.8e-05,scheduled,2026-07-25T05:10:38.293629+00:00,,"scheduled run; SHADOW — observational, not a recommendation; degraded inputs: AVAILABILITY_COMPLETE,GOALKEEPER_CONFIRMED,LINEUP_CONFIRMED,PLAYER_DATA_FRESH"
2026-07-25-0917,mls,Red Bull New York v Charlotte FC,2026-07-25T22:30Z,KXMLSTOTAL-26JUL25NYRBCLT-3,Over 2.5 goals scored,over_2_5,0.6757,0.66,,1.5152,0.015708,kalshi_0.07p(1-p),0.675708,-8e-06,0.0,0.0,scheduled,2026-07-25T05:10:39.188457+00:00,,"scheduled run; SHADOW — observational, not a recommendation; degraded inputs: AVAILABILITY_COMPLETE,GOALKEEPER_CONFIRMED,LINEUP_CONFIRMED,PLAYER_DATA_FRESH"
2026-07-25-0917,mls,D.C. United v Toronto FC,2026-07-25T23:30Z,KXMLSSPREAD-26JUL25DCUTOR-DCU2,DC United wins by more than 1.5 goals,home_margin_2,0.2319,0.22,,4.5455,0.012012,kalshi_0.07p(1-p),0.232012,-0.000112,0.0,0.0,scheduled,2026-07-25T05:10:38.361236+00:00,,"scheduled run; SHADOW — observational, not a recommendation; degraded inputs: AVAILABILITY_COMPLETE,GOALKEEPER_CONFIRMED,LINEUP_CONFIRMED,PLAYER_DATA_FRESH"
2026-07-25-0917,mls,Orlando City SC v Nashville SC,2026-07-25T23:30Z,KXMLSSCORE-26JUL25ORLNSH-ORL3NSH1,Orlando City SC wins 3-1,score_3_1,0.0425,0.04,,25.0,0.002688,kalshi_0.07p(1-p),0.042688,-0.000188,0.0,0.0,scheduled,2026-07-25T05:10:38.980692+00:00,,"scheduled run; SHADOW — observational, not a recommendation; degraded inputs: AVAILABILITY_COMPLETE,GOALKEEPER_CONFIRMED,LINEUP_CONFIRMED,PLAYER_DATA_FRESH"
2026-07-25-0917,mls,San Diego FC v FC Dallas,2026-07-26T01:30Z,KXMLSTOTAL-26JUL25SDDAL-1,Over 0.5 goals scored,over_0_5,0.9717,0.97,,1.0309,0.002037,kalshi_0.07p(1-p),0.972037,-0.000337,0.0,0.0,scheduled,2026-07-25T05:10:38.072983+00:00,,"scheduled run; SHADOW — observational, not a recommendation; degraded inputs: AVAILABILITY_COMPLETE,GOALKEEPER_CONFIRMED,LINEUP_CONFIRMED,PLAYER_DATA_FRESH"
2026-07-25-0917,mls,Houston Dynamo FC v Austin FC,2026-07-26T00:30Z,KXMLSGAME-26JUL25HOUATX-TIE,Tie,draw,0.2523,0.24,0.236181,4.1667,0.012768,kalshi_0.07p(1-p),0.252768,-0.000468,0.0,0.0,scheduled,2026-07-25T05:10:38.713342+00:00,,"scheduled run; SHADOW — observational, not a recommendation; bid/ask midpoints, overround 0.9950; degraded inputs: AVAILABILITY_COMPLETE,GOALKEEPER_CONFIRMED,LINEUP_CONFIRMED,PLAYER_DATA_FRESH"
2026-07-25-0917,mls,Red Bull New York v Charlotte FC,2026-07-25T22:30Z,KXMLSTOTAL-26JUL25NYRBCLT-2,Over 1.5 goals scored,over_1_5,0.8584,0.85,,1.1765,0.008925,kalshi_0.07p(1-p),0.858925,-0.000525,0.0,0.0,scheduled,2026-07-25T05:10:39.188457+00:00,,"scheduled run; SHADOW — observational, not a recommendation; degraded inputs: AVAILABILITY_COMPLETE,GOALKEEPER_CONFIRMED,LINEUP_CONFIRMED,PLAYER_DATA_FRESH"
2026-07-25-0917,mls,San Diego FC v FC Dallas,2026-07-26T01:30Z,KXMLSSCORE-26JUL25SDDAL-SD3DAL2,San Diego FC wins 3-2,score_3_2,0.042,0.04,,25.0,0.002688,kalshi_0.07p(1-p),0.042688,-0.000688,0.0,0.0,scheduled,2026-07-25T05:10:38.072983+00:00,,"scheduled run; SHADOW — observational, not a recommendation; degraded inputs: AVAILABILITY_COMPLETE,GOALKEEPER_CONFIRMED,LINEUP_CONFIRMED,PLAYER_DATA_FRESH"
2026-07-25-0917,mls,San Diego FC v FC Dallas,2026-07-26T01:30Z,KXMLSSCORE-26JUL25SDDAL-SD0DAL2,FC Dallas wins 2-0,score_0_2,0.0419,0.04,,25.0,0.002688,kalshi_0.07p(1-p),0.042688,-0.000788,0.0,0.0,scheduled,2026-07-25T05:10:38.072983+00:00,,"scheduled run; SHADOW — observational, not a recommendation; degraded inputs: AVAILABILITY_COMPLETE,GOALKEEPER_CONFIRMED,LINEUP_CONFIRMED,PLAYER_DATA_FRESH"
2026-07-25-0917,mls,Orlando City SC v Nashville SC,2026-07-25T23:30Z,KXMLSTOTAL-26JUL25ORLNSH-5,Over 4.5 goals scored,over_4_5,0.231,0.22,,4.5455,0.012012,kalshi_0.07p(1-p),0.232012,-0.001012,0.0,0.0,scheduled,2026-07-25T05:10:38.980692+00:00,,"scheduled run; SHADOW — observational, not a recommendation; degraded inputs: AVAILABILITY_COMPLETE,GOALKEEPER_CONFIRMED,LINEUP_CONFIRMED,PLAYER_DATA_FRESH"
2026-07-25-0917,mls,Philadelphia Union v Seattle Sounders FC,2026-07-25T23:30Z,KXMLSSPREAD-26JUL25PHISEA-PHI3,Philadelphia wins by more than 2.5 goals,home_margin_3,0.1263,0.12,,8.3333,0.007392,kalshi_0.07p(1-p),0.127392,-0.001092,0.0,0.0,scheduled,2026-07-25T05:10:39.384180+00:00,,"scheduled run; SHADOW — observational, not a recommendation; degraded inputs: AVAILABILITY_COMPLETE,GOALKEEPER_CONFIRMED,LINEUP_CONFIRMED,PLAYER_DATA_FRESH"
2026-07-25-0917,mls,Orlando City SC v Nashville SC,2026-07-25T23:30Z,KXMLSTOTAL-26JUL25ORLNSH-3,Over 2.5 goals scored,over_2_5,0.6352,0.62,,1.6129,0.016492,kalshi_0.07p(1-p),0.636492,-0.001292,0.0,0.0,scheduled,2026-07-25T05:10:38.980692+00:00,,"scheduled run; SHADOW — observational, not a recommendation; degraded inputs: AVAILABILITY_COMPLETE,GOALKEEPER_CONFIRMED,LINEUP_CONFIRMED,PLAYER_DATA_FRESH"
2026-07-25-0917,mls,New York City FC v Chicago Fire FC,2026-07-25T23:30Z,KXMLSSCORE-26JUL25NYCCHI-NYC3CHI2,New York City FC wins 3-2,score_3_2,0.0413,0.04,,25.0,0.002688,kalshi_0.07p(1-p),0.042688,-0.001388,0.0,0.0,scheduled,2026-07-25T05:10:38.904218+00:00,,"scheduled run; SHADOW — observational, not a recommendation; degraded inputs: AVAILABILITY_COMPLETE,GOALKEEPER_CONFIRMED,LINEUP_CONFIRMED,PLAYER_DATA_FRESH"
2026-07-25-0917,mls,D.C. United v Toronto FC,2026-07-25T23:30Z,KXMLSTOTAL-26JUL25DCUTOR-6,Over 5.5 goals scored,over_5_5,0.0623,0.06,,16.6667,0.003948,kalshi_0.07p(1-p),0.063948,-0.001648,0.0,0.0,scheduled,2026-07-25T05:10:38.361236+00:00,,"scheduled run; SHADOW — observational, not a recommendation; degraded inputs: AVAILABILITY_COMPLETE,GOALKEEPER_CONFIRMED,LINEUP_CONFIRMED,PLAYER_DATA_FRESH"
2026-07-25-0917,mls,Columbus Crew v FC Cincinnati,2026-07-25T23:15Z,KXMLSTOTAL-26JUL25CLBCIN-5,Over 4.5 goals scored,over_4_5,0.2924,0.28,,3.5714,0.014112,kalshi_0.07p(1-p),0.294112,-0.001712,0.0,0.0,scheduled,2026-07-25T05:10:38.226744+00:00,,"scheduled run; SHADOW — observational, not a recommendation; degraded inputs: AVAILABILITY_COMPLETE,GOALKEEPER_CONFIRMED,LINEUP_CONFIRMED,PLAYER_DATA_FRESH"
2026-07-25-0917,mls,Houston Dynamo FC v Austin FC,2026-07-26T00:30Z,KXMLSSCORE-26JUL25HOUATX-HOU2ATX2,Draw 2-2,score_2_2,0.0516,0.05,,20.0,0.003325,kalshi_0.07p(1-p),0.053325,-0.001725,0.0,0.0,scheduled,2026-07-25T05:10:38.713342+00:00,,"scheduled run; SHADOW — observational, not a recommendation; degraded inputs: AVAILABILITY_COMPLETE,GOALKEEPER_CONFIRMED,LINEUP_CONFIRMED,PLAYER_DATA_FRESH"
2026-07-25-0917,mls,Columbus Crew v FC Cincinnati,2026-07-25T23:15Z,KXMLSTEAMTOTAL-26JUL25CLBCIN-CIN2,Cincinnati over 1.5 goals,away_team_over_1_5,0.4555,0.44,,2.2727,0.017248,kalshi_0.07p(1-p),0.457248,-0.001748,0.0,0.0,scheduled,2026-07-25T05:10:38.226744+00:00,,"scheduled run; SHADOW — observational, not a recommendation; degraded inputs: AVAILABILITY_COMPLETE,GOALKEEPER_CONFIRMED,LINEUP_CONFIRMED,PLAYER_DATA_FRESH"
2026-07-25-0917,mls,Portland Timbers v Real Salt Lake,2026-07-26T02:30Z,KXMLSTOTAL-26JUL25PORRSL-6,Over 5.5 goals scored,over_5_5,0.1361,0.13,,7.6923,0.007917,kalshi_0.07p(1-p),0.137917,-0.001817,0.0,0.0,scheduled,2026-07-25T05:10:39.267924+00:00,,"scheduled run; SHADOW — observational, not a recommendation; degraded inputs: AVAILABILITY_COMPLETE,GOALKEEPER_CONFIRMED,LINEUP_CONFIRMED,PLAYER_DATA_FRESH"
2026-07-25-0917,mls,St. Louis CITY SC v Colorado Rapids,2026-07-26T00:30Z,KXMLSSCORE-26JUL25STLCOL-STL1COL0,Saint Louis City SC wins 1-0,score_1_0,0.0938,0.09,,11.1111,0.005733,kalshi_0.07p(1-p),0.095733,-0.001933,0.0,0.0,scheduled,2026-07-25T05:10:38.524779+00:00,,"scheduled run; SHADOW — observational, not a recommendation; degraded inputs: AVAILABILITY_COMPLETE,GOALKEEPER_CONFIRMED,LINEUP_CONFIRMED,PLAYER_DATA_FRESH"
2026-07-25-0917,mls,San Diego FC v FC Dallas,2026-07-26T01:30Z,KXMLSTOTAL-26JUL25SDDAL-2,Over 1.5 goals scored,over_1_5,0.8758,0.87,,1.1494,0.007917,kalshi_0.07p(1-p),0.877917,-0.002117,0.0,0.0,scheduled,2026-07-25T05:10:38.072983+00:00,,"scheduled run; SHADOW — observational, not a recommendation; degraded inputs: AVAILABILITY_COMPLETE,GOALKEEPER_CONFIRMED,LINEUP_CONFIRMED,PLAYER_DATA_FRESH"
2026-07-25-0917,mls,Portland Timbers v Real Salt Lake,2026-07-26T02:30Z,KXMLSTOTAL-26JUL25PORRSL-1,Over 0.5 goals scored,over_0_5,0.9698,0.97,,1.0309,0.002037,kalshi_0.07p(1-p),0.972037,-0.002237,0.0,0.0,scheduled,2026-07-25T05:10:39.267924+00:00,,"scheduled run; SHADOW — observational, not a recommendation; degraded inputs: AVAILABILITY_COMPLETE,GOALKEEPER_CONFIRMED,LINEUP_CONFIRMED,PLAYER_DATA_FRESH"
2026-07-25-0917,mls,CF Montréal v Inter Miami CF,2026-07-25T23:30Z,KXMLSGAME-26JUL25MTLMIA-TIE,Tie,draw,0.2401,0.23,0.226131,4.3478,0.012397,kalshi_0.07p(1-p),0.242397,-0.002297,0.0,0.0,scheduled,2026-07-25T05:10:38.293629+00:00,,"scheduled run; SHADOW — observational, not a recommendation; bid/ask midpoints, overround 0.9950; degraded inputs: AVAILABILITY_COMPLETE,GOALKEEPER_CONFIRMED,LINEUP_CONFIRMED,PLAYER_DATA_FRESH"
2026-07-25-0917,mls,St. Louis CITY SC v Colorado Rapids,2026-07-26T00:30Z,KXMLSSCORE-26JUL25STLCOL-STL0COL0,Draw 0-0,score_0_0,0.0509,0.05,,20.0,0.003325,kalshi_0.07p(1-p),0.053325,-0.002425,0.0,0.0,scheduled,2026-07-25T05:10:38.524779+00:00,,"scheduled run; SHADOW — observational, not a recommendation; degraded inputs: AVAILABILITY_COMPLETE,GOALKEEPER_CONFIRMED,LINEUP_CONFIRMED,PLAYER_DATA_FRESH"
2026-07-25-0917,mls,Houston Dynamo FC v Austin FC,2026-07-26T00:30Z,KXMLSTOTAL-26JUL25HOUATX-3,Over 2.5 goals scored,over_2_5,0.545,0.53,,1.8868,0.017437,kalshi_0.07p(1-p),0.547437,-0.002437,0.0,0.0,scheduled,2026-07-25T05:10:38.713342+00:00,,"scheduled run; SHADOW — observational, not a recommendation; degraded inputs: AVAILABILITY_COMPLETE,GOALKEEPER_CONFIRMED,LINEUP_CONFIRMED,PLAYER_DATA_FRESH"
2026-07-25-0917,mls,New York City FC v Chicago Fire FC,2026-07-25T23:30Z,KXMLSTEAMTOTAL-26JUL25NYCCHI-CHI3,Chicago Fire over 2.5 goals,away_team_over_2_5,0.2293,0.22,,4.5455,0.012012,kalshi_0.07p(1-p),0.232012,-0.002712,0.0,0.0,scheduled,2026-07-25T05:10:38.904218+00:00,,"scheduled run; SHADOW — observational, not a recommendation; degraded inputs: AVAILABILITY_COMPLETE,GOALKEEPER_CONFIRMED,LINEUP_CONFIRMED,PLAYER_DATA_FRESH"
2026-07-25-0917,mls,Houston Dynamo FC v Austin FC,2026-07-26T00:30Z,KXMLSSCORE-26JUL25HOUATX-HOU3ATX1,Houston Dynamo wins 3-1,score_3_1,0.0611,0.06,,16.6667,0.003948,kalshi_0.07p(1-p),0.063948,-0.002848,0.0,0.0,scheduled,2026-07-25T05:10:38.713342+00:00,,"scheduled run; SHADOW — observational, not a recommendation; degraded inputs: AVAILABILITY_COMPLETE,GOALKEEPER_CONFIRMED,LINEUP_CONFIRMED,PLAYER_DATA_FRESH"
2026-07-25-0917,mls,New England Revolution v Atlanta United FC,2026-07-25T23:30Z,KXMLSSPREAD-26JUL25NEATL-NE2,New England wins by more than 1.5 goals,home_margin_2,0.2499,0.24,,4.1667,0.012768,kalshi_0.07p(1-p),0.252768,-0.002868,0.0,0.0,scheduled,2026-07-25T05:10:38.835806+00:00,,"scheduled run; SHADOW — observational, not a recommendation; degraded inputs: AVAILABILITY_COMPLETE,GOALKEEPER_CONFIRMED,LINEUP_CONFIRMED,PLAYER_DATA_FRESH"
2026-07-25-0917,mls,Orlando City SC v Nashville SC,2026-07-25T23:30Z,KXMLSGAME-26JUL25ORLNSH-ORL,Orlando,home_win,0.3527,0.34,0.333333,2.9412,0.015708,kalshi_0.07p(1-p),0.355708,-0.003008,0.0,0.0,scheduled,2026-07-25T05:10:38.980692+00:00,,"scheduled run; SHADOW — observational, not a recommendation; bid/ask midpoints, overround 1.0050; degraded inputs: AVAILABILITY_COMPLETE,GOALKEEPER_CONFIRMED,LINEUP_CONFIRMED,PLAYER_DATA_FRESH"
2026-07-25-0917,mls,Philadelphia Union v Seattle Sounders FC,2026-07-25T23:30Z,KXMLSBTTS-26JUL25PHISEA-BTTS,Both Teams To Score,btts,0.6432,0.63,,1.5873,0.016317,kalshi_0.07p(1-p),0.646317,-0.003117,0.0,0.0,scheduled,2026-07-25T05:10:39.384180+00:00,,"scheduled run; SHADOW — observational, not a recommendation; degraded inputs: AVAILABILITY_COMPLETE,GOALKEEPER_CONFIRMED,LINEUP_CONFIRMED,PLAYER_DATA_FRESH"
2026-07-25-0917,mls,D.C. United v Toronto FC,2026-07-25T23:30Z,KXMLSTOTAL-26JUL25DCUTOR-4,Over 3.5 goals scored,over_3_5,0.3011,0.29,,3.4483,0.014413,kalshi_0.07p(1-p),0.304413,-0.003313,0.0,0.0,scheduled,2026-07-25T05:10:38.361236+00:00,,"scheduled run; SHADOW — observational, not a recommendation; degraded inputs: AVAILABILITY_COMPLETE,GOALKEEPER_CONFIRMED,LINEUP_CONFIRMED,PLAYER_DATA_FRESH"
2026-07-25-0917,mls,Red Bull New York v Charlotte FC,2026-07-25T22:30Z,KXMLSTOTAL-26JUL25NYRBCLT-1,Over 0.5 goals scored,over_0_5,0.9687,0.97,,1.0309,0.002037,kalshi_0.07p(1-p),0.972037,-0.003337,0.0,0.0,scheduled,2026-07-25T05:10:39.188457+00:00,,"scheduled run; SHADOW — observational, not a recommendation; degraded inputs: AVAILABILITY_COMPLETE,GOALKEEPER_CONFIRMED,LINEUP_CONFIRMED,PLAYER_DATA_FRESH"
2026-07-25-0917,mls,Columbus Crew v FC Cincinnati,2026-07-25T23:15Z,KXMLSTEAMTOTAL-26JUL25CLBCIN-CIN1,Cincinnati over 0.5 goals,away_team_over_0_5,0.7881,0.78,,1.2821,0.012012,kalshi_0.07p(1-p),0.792012,-0.003912,0.0,0.0,scheduled,2026-07-25T05:10:38.226744+00:00,,"scheduled run; SHADOW — observational, not a recommendation; degraded inputs: AVAILABILITY_COMPLETE,GOALKEEPER_CONFIRMED,LINEUP_CONFIRMED,PLAYER_DATA_FRESH"
2026-07-25-0917,mls,Minnesota United FC v Vancouver Whitecaps,2026-07-26T00:30Z,KXMLSTOTAL-26JUL25MINVAN-1,Over 0.5 goals scored,over_0_5,0.9587,0.96,,1.0417,0.002688,kalshi_0.07p(1-p),0.962688,-0.003988,0.0,0.0,scheduled,2026-07-25T05:10:37.982667+00:00,,"scheduled run; SHADOW — observational, not a recommendation; degraded inputs: AVAILABILITY_COMPLETE,GOALKEEPER_CONFIRMED,LINEUP_CONFIRMED,PLAYER_DATA_FRESH"
2026-07-25-0917,mls,New York City FC v Chicago Fire FC,2026-07-25T23:30Z,KXMLSTEAMTOTAL-26JUL25NYCCHI-NYC2,New York City over 1.5 goals,home_team_over_1_5,0.503,0.49,,2.0408,0.017493,kalshi_0.07p(1-p),0.507493,-0.004493,0.0,0.0,scheduled,2026-07-25T05:10:38.904218+00:00,,"scheduled run; SHADOW — observational, not a recommendation; degraded inputs: AVAILABILITY_COMPLETE,GOALKEEPER_CONFIRMED,LINEUP_CONFIRMED,PLAYER_DATA_FRESH"
2026-07-25-0917,mls,San Diego FC v FC Dallas,2026-07-26T01:30Z,KXMLSSCORE-26JUL25SDDAL-SD0DAL1,FC Dallas wins 1-0,score_0_1,0.0486,0.05,,20.0,0.003325,kalshi_0.07p(1-p),0.053325,-0.004725,0.0,0.0,scheduled,2026-07-25T05:10:38.072983+00:00,,"scheduled run; SHADOW — observational, not a recommendation; degraded inputs: AVAILABILITY_COMPLETE,GOALKEEPER_CONFIRMED,LINEUP_CONFIRMED,PLAYER_DATA_FRESH"
2026-07-25-0917,mls,Orlando City SC v Nashville SC,2026-07-25T23:30Z,KXMLSTOTAL-26JUL25ORLNSH-4,Over 3.5 goals scored,over_3_5,0.4117,0.4,,2.5,0.0168,kalshi_0.07p(1-p),0.4168,-0.0051,0.0,0.0,scheduled,2026-07-25T05:10:38.980692+00:00,,"scheduled run; SHADOW — observational, not a recommendation; degraded inputs: AVAILABILITY_COMPLETE,GOALKEEPER_CONFIRMED,LINEUP_CONFIRMED,PLAYER_DATA_FRESH"
2026-07-25-0917,mls,New York City FC v Chicago Fire FC,2026-07-25T23:30Z,KXMLSTEAMTOTAL-26JUL25NYCCHI-NYC1,New York City over 0.5 goals,home_team_over_0_5,0.825,0.82,,1.2195,0.010332,kalshi_0.07p(1-p),0.830332,-0.005332,0.0,0.0,scheduled,2026-07-25T05:10:38.904218+00:00,,"scheduled run; SHADOW — observational, not a recommendation; degraded inputs: AVAILABILITY_COMPLETE,GOALKEEPER_CONFIRMED,LINEUP_CONFIRMED,PLAYER_DATA_FRESH"
2026-07-25-0917,mls,New England Revolution v Atlanta United FC,2026-07-25T23:30Z,KXMLSSCORE-26JUL25NEATL-NE3ATL2,New England Revolution wins 3-2,score_3_2,0.0373,0.04,,25.0,0.002688,kalshi_0.07p(1-p),0.042688,-0.005388,0.0,0.0,scheduled,2026-07-25T05:10:38.835806+00:00,,"scheduled run; SHADOW — observational, not a recommendation; degraded inputs: AVAILABILITY_COMPLETE,GOALKEEPER_CONFIRMED,LINEUP_CONFIRMED,PLAYER_DATA_FRESH"
2026-07-25-0917,mls,Portland Timbers v Real Salt Lake,2026-07-26T02:30Z,KXMLSSCORE-26JUL25PORRSL-POR1RSL0,Portland Timbers wins 1-0,score_1_0,0.0584,0.06,,16.6667,0.003948,kalshi_0.07p(1-p),0.063948,-0.005548,0.0,0.0,scheduled,2026-07-25T05:10:39.267924+00:00,,"scheduled run; SHADOW — observational, not a recommendation; degraded inputs: AVAILABILITY_COMPLETE,GOALKEEPER_CONFIRMED,LINEUP_CONFIRMED,PLAYER_DATA_FRESH"
2026-07-25-0917,mls,San Jose Earthquakes v LA Galaxy,2026-07-26T02:30Z,KXMLSSPREAD-26JUL25SJLAG-LAG2,Los Angeles G wins by more than 1.5 goals,away_margin_2,0.1113,0.11,,9.0909,0.006853,kalshi_0.07p(1-p),0.116853,-0.005553,0.0,0.0,scheduled,2026-07-25T05:10:39.454779+00:00,,"scheduled run; SHADOW — observational, not a recommendation; degraded inputs: AVAILABILITY_COMPLETE,GOALKEEPER_CONFIRMED,LINEUP_CONFIRMED,PLAYER_DATA_FRESH"
2026-07-25-0917,mls,Orlando City SC v Nashville SC,2026-07-25T23:30Z,KXMLSSCORE-26JUL25ORLNSH-ORL2NSH0,Orlando City SC wins 2-0,score_2_0,0.0477,0.05,,20.0,0.003325,kalshi_0.07p(1-p),0.053325,-0.005625,0.0,0.0,scheduled,2026-07-25T05:10:38.980692+00:00,,"scheduled run; SHADOW — observational, not a recommendation; degraded inputs: AVAILABILITY_COMPLETE,GOALKEEPER_CONFIRMED,LINEUP_CONFIRMED,PLAYER_DATA_FRESH"
2026-07-25-0917,mls,Houston Dynamo FC v Austin FC,2026-07-26T00:30Z,KXMLSTOTAL-26JUL25HOUATX-4,Over 3.5 goals scored,over_3_5,0.3296,0.32,,3.125,0.015232,kalshi_0.07p(1-p),0.335232,-0.005632,0.0,0.0,scheduled,2026-07-25T05:10:38.713342+00:00,,"scheduled run; SHADOW — observational, not a recommendation; degraded inputs: AVAILABILITY_COMPLETE,GOALKEEPER_CONFIRMED,LINEUP_CONFIRMED,PLAYER_DATA_FRESH"
2026-07-25-0917,mls,San Diego FC v FC Dallas,2026-07-26T01:30Z,KXMLSSCORE-26JUL25SDDAL-SD1DAL2,FC Dallas wins 2-1,score_1_2,0.0794,0.08,,12.5,0.005152,kalshi_0.07p(1-p),0.085152,-0.005752,0.0,0.0,scheduled,2026-07-25T05:10:38.072983+00:00,,"scheduled run; SHADOW — observational, not a recommendation; degraded inputs: AVAILABILITY_COMPLETE,GOALKEEPER_CONFIRMED,LINEUP_CONFIRMED,PLAYER_DATA_FRESH"
2026-07-25-0917,mls,Red Bull New York v Charlotte FC,2026-07-25T22:30Z,KXMLSTEAMTOTAL-26JUL25NYRBCLT-NYRB3,New York RB over 2.5 goals,home_team_over_2_5,0.2779,0.27,,3.7037,0.013797,kalshi_0.07p(1-p),0.283797,-0.005897,0.0,0.0,scheduled,2026-07-25T05:10:39.188457+00:00,,"scheduled run; SHADOW — observational, not a recommendation; degraded inputs: AVAILABILITY_COMPLETE,GOALKEEPER_CONFIRMED,LINEUP_CONFIRMED,PLAYER_DATA_FRESH"
2026-07-25-0917,mls,Red Bull New York v Charlotte FC,2026-07-25T22:30Z,KXMLSSPREAD-26JUL25NYRBCLT-NYRB2,New York RB wins by more than 1.5 goals,home_margin_2,0.2364,0.23,,4.3478,0.012397,kalshi_0.07p(1-p),0.242397,-0.005997,0.0,0.0,scheduled,2026-07-25T05:10:39.188457+00:00,,"scheduled run; SHADOW — observational, not a recommendation; degraded inputs: AVAILABILITY_COMPLETE,GOALKEEPER_CONFIRMED,LINEUP_CONFIRMED,PLAYER_DATA_FRESH"
2026-07-25-0917,mls,Houston Dynamo FC v Austin FC,2026-07-26T00:30Z,KXMLSSPREAD-26JUL25HOUATX-HOU3,Houston wins by more than 2.5 goals,home_margin_3,0.1424,0.14,,7.1429,0.008428,kalshi_0.07p(1-p),0.148428,-0.006028,0.0,0.0,scheduled,2026-07-25T05:10:38.713342+00:00,,"scheduled run; SHADOW — observational, not a recommendation; degraded inputs: AVAILABILITY_COMPLETE,GOALKEEPER_CONFIRMED,LINEUP_CONFIRMED,PLAYER_DATA_FRESH"
2026-07-25-0917,mls,Columbus Crew v FC Cincinnati,2026-07-25T23:15Z,KXMLSSCORE-26JUL25CLBCIN-CLB1CIN3,FC Cincinnati wins 3-1,score_1_3,0.0366,0.04,,25.0,0.002688,kalshi_0.07p(1-p),0.042688,-0.006088,0.0,0.0,scheduled,2026-07-25T05:10:38.226744+00:00,,"scheduled run; SHADOW — observational, not a recommendation; degraded inputs: AVAILABILITY_COMPLETE,GOALKEEPER_CONFIRMED,LINEUP_CONFIRMED,PLAYER_DATA_FRESH"
2026-07-25-0917,mls,San Jose Earthquakes v LA Galaxy,2026-07-26T02:30Z,KXMLSTOTAL-26JUL25SJLAG-1,Over 0.5 goals scored,over_0_5,0.9658,0.97,,1.0309,0.002037,kalshi_0.07p(1-p),0.972037,-0.006237,0.0,0.0,scheduled,2026-07-25T05:10:39.454779+00:00,,"scheduled run; SHADOW — observational, not a recommendation; degraded inputs: AVAILABILITY_COMPLETE,GOALKEEPER_CONFIRMED,LINEUP_CONFIRMED,PLAYER_DATA_FRESH"
2026-07-25-0917,mls,CF Montréal v Inter Miami CF,2026-07-25T23:30Z,KXMLSSCORE-26JUL25MTLMIA-MTL1MIA0,CF Montreal wins 1-0,score_1_0,0.047,0.05,,20.0,0.003325,kalshi_0.07p(1-p),0.053325,-0.006325,0.0,0.0,scheduled,2026-07-25T05:10:38.293629+00:00,,"scheduled run; SHADOW — observational, not a recommendation; degraded inputs: AVAILABILITY_COMPLETE,GOALKEEPER_CONFIRMED,LINEUP_CONFIRMED,PLAYER_DATA_FRESH"
2026-07-25-0917,mls,Columbus Crew v FC Cincinnati,2026-07-25T23:15Z,KXMLSTEAMTOTAL-26JUL25CLBCIN-CIN3,Cincinnati over 2.5 goals,away_team_over_2_5,0.2048,0.2,,5.0,0.0112,kalshi_0.07p(1-p),0.2112,-0.0064,0.0,0.0,scheduled,2026-07-25T05:10:38.226744+00:00,,"scheduled run; SHADOW — observational, not a recommendation; wide spread 5c; degraded inputs: AVAILABILITY_COMPLETE,GOALKEEPER_CONFIRMED,LINEUP_CONFIRMED,PLAYER_DATA_FRESH"
2026-07-25-0917,mls,Philadelphia Union v Seattle Sounders FC,2026-07-25T23:30Z,KXMLSSCORE-26JUL25PHISEA-PHI0SEA2,Seattle Sounders wins 2-0,score_0_2,0.0362,0.04,,25.0,0.002688,kalshi_0.07p(1-p),0.042688,-0.006488,0.0,0.0,scheduled,2026-07-25T05:10:39.384180+00:00,,"scheduled run; SHADOW — observational, not a recommendation; degraded inputs: AVAILABILITY_COMPLETE,GOALKEEPER_CONFIRMED,LINEUP_CONFIRMED,PLAYER_DATA_FRESH"
2026-07-25-0917,mls,Columbus Crew v FC Cincinnati,2026-07-25T23:15Z,KXMLSSCORE-26JUL25CLBCIN-CLB1CIN0,Columbus Crew wins 1-0,score_1_0,0.0572,0.06,,16.6667,0.003948,kalshi_0.07p(1-p),0.063948,-0.006748,0.0,0.0,scheduled,2026-07-25T05:10:38.226744+00:00,,"scheduled run; SHADOW — observational, not a recommendation; degraded inputs: AVAILABILITY_COMPLETE,GOALKEEPER_CONFIRMED,LINEUP_CONFIRMED,PLAYER_DATA_FRESH"
2026-07-25-0917,mls,San Diego FC v FC Dallas,2026-07-26T01:30Z,KXMLSTEAMTOTAL-26JUL25SDDAL-DAL1,Dallas over 0.5 goals,away_team_over_0_5,0.8331,0.83,,1.2048,0.009877,kalshi_0.07p(1-p),0.839877,-0.006777,0.0,0.0,scheduled,2026-07-25T05:10:38.072983+00:00,,"scheduled run; SHADOW — observational, not a recommendation; degraded inputs: AVAILABILITY_COMPLETE,GOALKEEPER_CONFIRMED,LINEUP_CONFIRMED,PLAYER_DATA_FRESH"
2026-07-25-0917,mls,New York City FC v Chicago Fire FC,2026-07-25T23:30Z,KXMLSSCORE-26JUL25NYCCHI-NYC3CHI1,New York City FC wins 3-1,score_3_1,0.0465,0.05,,20.0,0.003325,kalshi_0.07p(1-p),0.053325,-0.006825,0.0,0.0,scheduled,2026-07-25T05:10:38.904218+00:00,,"scheduled run; SHADOW — observational, not a recommendation; degraded inputs: AVAILABILITY_COMPLETE,GOALKEEPER_CONFIRMED,LINEUP_CONFIRMED,PLAYER_DATA_FRESH"
2026-07-25-0917,mls,San Diego FC v FC Dallas,2026-07-26T01:30Z,KXMLSSCORE-26JUL25SDDAL-SD1DAL3,FC Dallas wins 3-1,score_1_3,0.0464,0.05,,20.0,0.003325,kalshi_0.07p(1-p),0.053325,-0.006925,0.0,0.0,scheduled,2026-07-25T05:10:38.072983+00:00,,"scheduled run; SHADOW — observational, not a recommendation; degraded inputs: AVAILABILITY_COMPLETE,GOALKEEPER_CONFIRMED,LINEUP_CONFIRMED,PLAYER_DATA_FRESH"
2026-07-25-0917,mls,San Jose Earthquakes v LA Galaxy,2026-07-26T02:30Z,KXMLSSCORE-26JUL25SJLAG-SJ1LAG0,San Jose Earthquakes wins 1-0,score_1_0,0.0675,0.07,,14.2857,0.004557,kalshi_0.07p(1-p),0.074557,-0.007057,0.0,0.0,scheduled,2026-07-25T05:10:39.454779+00:00,,"scheduled run; SHADOW — observational, not a recommendation; degraded inputs: AVAILABILITY_COMPLETE,GOALKEEPER_CONFIRMED,LINEUP_CONFIRMED,PLAYER_DATA_FRESH"
2026-07-25-0917,mls,D.C. United v Toronto FC,2026-07-25T23:30Z,KXMLSGAME-26JUL25DCUTOR-TOR,Toronto,away_win,0.3076,0.3,0.293532,3.3333,0.0147,kalshi_0.07p(1-p),0.3147,-0.0071,0.0,0.0,scheduled,2026-07-25T05:10:38.361236+00:00,,"scheduled run; SHADOW — observational, not a recommendation; bid/ask midpoints, overround 1.0050; degraded inputs: AVAILABILITY_COMPLETE,GOALKEEPER_CONFIRMED,LINEUP_CONFIRMED,PLAYER_DATA_FRESH"
2026-07-25-0917,mls,New York City FC v Chicago Fire FC,2026-07-25T23:30Z,KXMLSSCORE-26JUL25NYCCHI-NYC2CHI3,Chicago Fire wins 3-2,score_2_3,0.0355,0.04,,25.0,0.002688,kalshi_0.07p(1-p),0.042688,-0.007188,0.0,0.0,scheduled,2026-07-25T05:10:38.904218+00:00,,"scheduled run; SHADOW — observational, not a recommendation; degraded inputs: AVAILABILITY_COMPLETE,GOALKEEPER_CONFIRMED,LINEUP_CONFIRMED,PLAYER_DATA_FRESH"
2026-07-25-0917,mls,Columbus Crew v FC Cincinnati,2026-07-25T23:15Z,KXMLSSCORE-26JUL25CLBCIN-CLB3CIN2,Columbus Crew wins 3-2,score_3_2,0.0459,0.05,,20.0,0.003325,kalshi_0.07p(1-p),0.053325,-0.007425,0.0,0.0,scheduled,2026-07-25T05:10:38.226744+00:00,,"scheduled run; SHADOW — observational, not a recommendation; degraded inputs: AVAILABILITY_COMPLETE,GOALKEEPER_CONFIRMED,LINEUP_CONFIRMED,PLAYER_DATA_FRESH"
2026-07-25-0917,mls,Houston Dynamo FC v Austin FC,2026-07-26T00:30Z,KXMLSSCORE-26JUL25HOUATX-HOU1ATX2,Austin FC wins 2-1,score_1_2,0.0565,0.06,,16.6667,0.003948,kalshi_0.07p(1-p),0.063948,-0.007448,0.0,0.0,scheduled,2026-07-25T05:10:38.713342+00:00,,"scheduled run; SHADOW — observational, not a recommendation; degraded inputs: AVAILABILITY_COMPLETE,GOALKEEPER_CONFIRMED,LINEUP_CONFIRMED,PLAYER_DATA_FRESH"
2026-07-25-0917,mls,St. Louis CITY SC v Colorado Rapids,2026-07-26T00:30Z,KXMLSSCORE-26JUL25STLCOL-STL0COL1,Colorado Rapids wins 1-0,score_0_1,0.0669,0.07,,14.2857,0.004557,kalshi_0.07p(1-p),0.074557,-0.007657,0.0,0.0,scheduled,2026-07-25T05:10:38.524779+00:00,,"scheduled run; SHADOW — observational, not a recommendation; degraded inputs: AVAILABILITY_COMPLETE,GOALKEEPER_CONFIRMED,LINEUP_CONFIRMED,PLAYER_DATA_FRESH"
2026-07-25-0917,mls,New York City FC v Chicago Fire FC,2026-07-25T23:30Z,KXMLSSCORE-26JUL25NYCCHI-NYC1CHI3,Chicago Fire wins 3-1,score_1_3,0.0456,0.05,,20.0,0.003325,kalshi_0.07p(1-p),0.053325,-0.007725,0.0,0.0,scheduled,2026-07-25T05:10:38.904218+00:00,,"scheduled run; SHADOW — observational, not a recommendation; degraded inputs: AVAILABILITY_COMPLETE,GOALKEEPER_CONFIRMED,LINEUP_CONFIRMED,PLAYER_DATA_FRESH"
2026-07-25-0917,mls,San Jose Earthquakes v LA Galaxy,2026-07-26T02:30Z,KXMLSSCORE-26JUL25SJLAG-SJ3LAG0,San Jose Earthquakes wins 3-0,score_3_0,0.0456,0.05,,20.0,0.003325,kalshi_0.07p(1-p),0.053325,-0.007725,0.0,0.0,scheduled,2026-07-25T05:10:39.454779+00:00,,"scheduled run; SHADOW — observational, not a recommendation; degraded inputs: AVAILABILITY_COMPLETE,GOALKEEPER_CONFIRMED,LINEUP_CONFIRMED,PLAYER_DATA_FRESH"
2026-07-25-0917,mls,New England Revolution v Atlanta United FC,2026-07-25T23:30Z,KXMLSSCORE-26JUL25NEATL-NE2ATL2,Draw 2-2,score_2_2,0.0667,0.07,,14.2857,0.004557,kalshi_0.07p(1-p),0.074557,-0.007857,0.0,0.0,scheduled,2026-07-25T05:10:38.835806+00:00,,"scheduled run; SHADOW — observational, not a recommendation; degraded inputs: AVAILABILITY_COMPLETE,GOALKEEPER_CONFIRMED,LINEUP_CONFIRMED,PLAYER_DATA_FRESH"
2026-07-25-0917,mls,Minnesota United FC v Vancouver Whitecaps,2026-07-26T00:30Z,KXMLSSCORE-26JUL25MINVAN-MIN2VAN1,Minnesota United FC wins 2-1,score_2_1,0.0772,0.08,,12.5,0.005152,kalshi_0.07p(1-p),0.085152,-0.007952,0.0,0.0,scheduled,2026-07-25T05:10:37.982667+00:00,,"scheduled run; SHADOW — observational, not a recommendation; degraded inputs: AVAILABILITY_COMPLETE,GOALKEEPER_CONFIRMED,LINEUP_CONFIRMED,PLAYER_DATA_FRESH"
2026-07-25-0917,mls,Houston Dynamo FC v Austin FC,2026-07-26T00:30Z,KXMLSSCORE-26JUL25HOUATX-HOU1ATX0,Houston Dynamo wins 1-0,score_1_0,0.1089,0.11,,9.0909,0.006853,kalshi_0.07p(1-p),0.116853,-0.007953,0.0,0.0,scheduled,2026-07-25T05:10:38.713342+00:00,,"scheduled run; SHADOW — observational, not a recommendation; degraded inputs: AVAILABILITY_COMPLETE,GOALKEEPER_CONFIRMED,LINEUP_CONFIRMED,PLAYER_DATA_FRESH"
2026-07-25-0917,mls,Orlando City SC v Nashville SC,2026-07-25T23:30Z,KXMLSTOTAL-26JUL25ORLNSH-1,Over 0.5 goals scored,over_0_5,0.964,0.97,,1.0309,0.002037,kalshi_0.07p(1-p),0.972037,-0.008037,0.0,0.0,scheduled,2026-07-25T05:10:38.980692+00:00,,"scheduled run; SHADOW — observational, not a recommendation; degraded inputs: AVAILABILITY_COMPLETE,GOALKEEPER_CONFIRMED,LINEUP_CONFIRMED,PLAYER_DATA_FRESH"
2026-07-25-0917,mls,Portland Timbers v Real Salt Lake,2026-07-26T02:30Z,KXMLSSCORE-26JUL25PORRSL-POR3RSL2,Portland Timbers wins 3-2,score_3_2,0.0448,0.05,,20.0,0.003325,kalshi_0.07p(1-p),0.053325,-0.008525,0.0,0.0,scheduled,2026-07-25T05:10:39.267924+00:00,,"scheduled run; SHADOW — observational, not a recommendation; degraded inputs: AVAILABILITY_COMPLETE,GOALKEEPER_CONFIRMED,LINEUP_CONFIRMED,PLAYER_DATA_FRESH"
2026-07-25-0917,mls,Portland Timbers v Real Salt Lake,2026-07-26T02:30Z,KXMLSTEAMTOTAL-26JUL25PORRSL-POR3,Portland over 2.5 goals,home_team_over_2_5,0.2855,0.28,,3.5714,0.014112,kalshi_0.07p(1-p),0.294112,-0.008612,0.0,0.0,scheduled,2026-07-25T05:10:39.267924+00:00,,"scheduled run; SHADOW — observational, not a recommendation; wide spread 5c; degraded inputs: AVAILABILITY_COMPLETE,GOALKEEPER_CONFIRMED,LINEUP_CONFIRMED,PLAYER_DATA_FRESH"
2026-07-25-0917,mls,San Diego FC v FC Dallas,2026-07-26T01:30Z,KXMLSSCORE-26JUL25SDDAL-SD3DAL1,San Diego FC wins 3-1,score_3_1,0.0446,0.05,,20.0,0.003325,kalshi_0.07p(1-p),0.053325,-0.008725,0.0,0.0,scheduled,2026-07-25T05:10:38.072983+00:00,,"scheduled run; SHADOW — observational, not a recommendation; degraded inputs: AVAILABILITY_COMPLETE,GOALKEEPER_CONFIRMED,LINEUP_CONFIRMED,PLAYER_DATA_FRESH"
2026-07-25-0917,mls,Columbus Crew v FC Cincinnati,2026-07-25T23:15Z,KXMLSSPREAD-26JUL25CLBCIN-CLB3,Columbus wins by more than 2.5 goals,home_margin_3,0.1394,0.14,,7.1429,0.008428,kalshi_0.07p(1-p),0.148428,-0.009028,0.0,0.0,scheduled,2026-07-25T05:10:38.226744+00:00,,"scheduled run; SHADOW — observational, not a recommendation; degraded inputs: AVAILABILITY_COMPLETE,GOALKEEPER_CONFIRMED,LINEUP_CONFIRMED,PLAYER_DATA_FRESH"
2026-07-25-0917,mls,Minnesota United FC v Vancouver Whitecaps,2026-07-26T00:30Z,KXMLSBTTS-26JUL25MINVAN-BTTS,Both Teams To Score,btts,0.6272,0.62,,1.6129,0.016492,kalshi_0.07p(1-p),0.636492,-0.009292,0.0,0.0,scheduled,2026-07-25T05:10:37.982667+00:00,,"scheduled run; SHADOW — observational, not a recommendation; degraded inputs: AVAILABILITY_COMPLETE,GOALKEEPER_CONFIRMED,LINEUP_CONFIRMED,PLAYER_DATA_FRESH"
2026-07-25-0917,mls,Philadelphia Union v Seattle Sounders FC,2026-07-25T23:30Z,KXMLSTEAMTOTAL-26JUL25PHISEA-PHI2,Philadelphia over 1.5 goals,home_team_over_1_5,0.558,0.55,,1.8182,0.017325,kalshi_0.07p(1-p),0.567325,-0.009325,0.0,0.0,scheduled,2026-07-25T05:10:39.384180+00:00,,"scheduled run; SHADOW — observational, not a recommendation; degraded inputs: AVAILABILITY_COMPLETE,GOALKEEPER_CONFIRMED,LINEUP_CONFIRMED,PLAYER_DATA_FRESH"
2026-07-25-0917,mls,New England Revolution v Atlanta United FC,2026-07-25T23:30Z,KXMLSTEAMTOTAL-26JUL25NEATL-NE2,New England over 1.5 goals,home_team_over_1_5,0.5279,0.52,,1.9231,0.017472,kalshi_0.07p(1-p),0.537472,-0.009572,0.0,0.0,scheduled,2026-07-25T05:10:38.835806+00:00,,"scheduled run; SHADOW — observational, not a recommendation; wide spread 5c; degraded inputs: AVAILABILITY_COMPLETE,GOALKEEPER_CONFIRMED,LINEUP_CONFIRMED,PLAYER_DATA_FRESH"
2026-07-25-0917,mls,Portland Timbers v Real Salt Lake,2026-07-26T02:30Z,KXMLSSCORE-26JUL25PORRSL-POR0RSL2,Real Salt Lake wins 2-0,score_0_2,0.0436,0.05,,20.0,0.003325,kalshi_0.07p(1-p),0.053325,-0.009725,0.0,0.0,scheduled,2026-07-25T05:10:39.267924+00:00,,"scheduled run; SHADOW — observational, not a recommendation; degraded inputs: AVAILABILITY_COMPLETE,GOALKEEPER_CONFIRMED,LINEUP_CONFIRMED,PLAYER_DATA_FRESH"
2026-07-25-0917,mls,Red Bull New York v Charlotte FC,2026-07-25T22:30Z,KXMLSSCORE-26JUL25NYRBCLT-NYRB0CLT2,Charlotte FC wins 2-0,score_0_2,0.0434,0.05,,20.0,0.003325,kalshi_0.07p(1-p),0.053325,-0.009925,0.0,0.0,scheduled,2026-07-25T05:10:39.188457+00:00,,"scheduled run; SHADOW — observational, not a recommendation; degraded inputs: AVAILABILITY_COMPLETE,GOALKEEPER_CONFIRMED,LINEUP_CONFIRMED,PLAYER_DATA_FRESH"
2026-07-25-0917,mls,New England Revolution v Atlanta United FC,2026-07-25T23:30Z,KXMLSSCORE-26JUL25NEATL-NE3ATL1,New England Revolution wins 3-1,score_3_1,0.054,0.06,,16.6667,0.003948,kalshi_0.07p(1-p),0.063948,-0.009948,0.0,0.0,scheduled,2026-07-25T05:10:38.835806+00:00,,"scheduled run; SHADOW — observational, not a recommendation; degraded inputs: AVAILABILITY_COMPLETE,GOALKEEPER_CONFIRMED,LINEUP_CONFIRMED,PLAYER_DATA_FRESH"
2026-07-25-0917,mls,San Jose Earthquakes v LA Galaxy,2026-07-26T02:30Z,KXMLSSCORE-26JUL25SJLAG-SJ3LAG1,San Jose Earthquakes wins 3-1,score_3_1,0.0646,0.07,,14.2857,0.004557,kalshi_0.07p(1-p),0.074557,-0.009957,0.0,0.0,scheduled,2026-07-25T05:10:39.454779+00:00,,"scheduled run; SHADOW — observational, not a recommendation; degraded inputs: AVAILABILITY_COMPLETE,GOALKEEPER_CONFIRMED,LINEUP_CONFIRMED,PLAYER_DATA_FRESH"
2026-07-25-0917,mls,Portland Timbers v Real Salt Lake,2026-07-26T02:30Z,KXMLSTOTAL-26JUL25PORRSL-5,Over 4.5 goals scored,over_4_5,0.2633,0.26,,3.8462,0.013468,kalshi_0.07p(1-p),0.273468,-0.010168,0.0,0.0,scheduled,2026-07-25T05:10:39.267924+00:00,,"scheduled run; SHADOW — observational, not a recommendation; degraded inputs: AVAILABILITY_COMPLETE,GOALKEEPER_CONFIRMED,LINEUP_CONFIRMED,PLAYER_DATA_FRESH"
2026-07-25-0917,mls,Houston Dynamo FC v Austin FC,2026-07-26T00:30Z,KXMLSSCORE-26JUL25HOUATX-HOU0ATX2,Austin FC wins 2-0,score_0_2,0.0325,0.04,,25.0,0.002688,kalshi_0.07p(1-p),0.042688,-0.010188,0.0,0.0,scheduled,2026-07-25T05:10:38.713342+00:00,,"scheduled run; SHADOW — observational, not a recommendation; degraded inputs: AVAILABILITY_COMPLETE,GOALKEEPER_CONFIRMED,LINEUP_CONFIRMED,PLAYER_DATA_FRESH"
2026-07-25-0917,mls,Orlando City SC v Nashville SC,2026-07-25T23:30Z,KXMLSGAME-26JUL25ORLNSH-TIE,Tie,draw,0.2529,0.25,0.243781,4.0,0.013125,kalshi_0.07p(1-p),0.263125,-0.010225,0.0,0.0,scheduled,2026-07-25T05:10:38.980692+00:00,,"scheduled run; SHADOW — observational, not a recommendation; bid/ask midpoints, overround 1.0050; degraded inputs: AVAILABILITY_COMPLETE,GOALKEEPER_CONFIRMED,LINEUP_CONFIRMED,PLAYER_DATA_FRESH"
2026-07-25-0917,mls,CF Montréal v Inter Miami CF,2026-07-25T23:30Z,KXMLSSCORE-26JUL25MTLMIA-MTL2MIA3,Inter Miami CF wins 3-2,score_2_3,0.0431,0.05,,20.0,0.003325,kalshi_0.07p(1-p),0.053325,-0.010225,0.0,0.0,scheduled,2026-07-25T05:10:38.293629+00:00,,"scheduled run; SHADOW — observational, not a recommendation; degraded inputs: AVAILABILITY_COMPLETE,GOALKEEPER_CONFIRMED,LINEUP_CONFIRMED,PLAYER_DATA_FRESH"
2026-07-25-0917,mls,Portland Timbers v Real Salt Lake,2026-07-26T02:30Z,KXMLSSCORE-26JUL25PORRSL-POR2RSL1,Portland Timbers wins 2-1,score_2_1,0.0855,0.09,,11.1111,0.005733,kalshi_0.07p(1-p),0.095733,-0.010233,0.0,0.0,scheduled,2026-07-25T05:10:39.267924+00:00,,"scheduled run; SHADOW — observational, not a recommendation; degraded inputs: AVAILABILITY_COMPLETE,GOALKEEPER_CONFIRMED,LINEUP_CONFIRMED,PLAYER_DATA_FRESH"
2026-07-25-0917,mls,Minnesota United FC v Vancouver Whitecaps,2026-07-26T00:30Z,KXMLSTOTAL-26JUL25MINVAN-2,Over 1.5 goals scored,over_1_5,0.8294,0.83,,1.2048,0.009877,kalshi_0.07p(1-p),0.839877,-0.010477,0.0,0.0,scheduled,2026-07-25T05:10:37.982667+00:00,,"scheduled run; SHADOW — observational, not a recommendation; degraded inputs: AVAILABILITY_COMPLETE,GOALKEEPER_CONFIRMED,LINEUP_CONFIRMED,PLAYER_DATA_FRESH"
2026-07-25-0917,mls,Houston Dynamo FC v Austin FC,2026-07-26T00:30Z,KXMLSSCORE-26JUL25HOUATX-HOU3ATX2,Houston Dynamo wins 3-2,score_3_2,0.0321,0.04,,25.0,0.002688,kalshi_0.07p(1-p),0.042688,-0.010588,0.0,0.0,scheduled,2026-07-25T05:10:38.713342+00:00,,"scheduled run; SHADOW — observational, not a recommendation; degraded inputs: AVAILABILITY_COMPLETE,GOALKEEPER_CONFIRMED,LINEUP_CONFIRMED,PLAYER_DATA_FRESH"
2026-07-25-0917,mls,Portland Timbers v Real Salt Lake,2026-07-26T02:30Z,KXMLSFTTS-26JUL25PORRSL-POR,Portland Timbers,home_first_goal,0.5167,0.51,,1.9608,0.017493,kalshi_0.07p(1-p),0.527493,-0.010793,0.0,0.0,scheduled,2026-07-25T05:10:39.267924+00:00,,"scheduled run; SHADOW — observational, not a recommendation; wide spread 7c; degraded inputs: AVAILABILITY_COMPLETE,GOALKEEPER_CONFIRMED,LINEUP_CONFIRMED,PLAYER_DATA_FRESH"
2026-07-25-0917,mls,New England Revolution v Atlanta United FC,2026-07-25T23:30Z,KXMLSSCORE-26JUL25NEATL-NE1ATL2,Atlanta United FC wins 2-1,score_1_2,0.0743,0.08,,12.5,0.005152,kalshi_0.07p(1-p),0.085152,-0.010852,0.0,0.0,scheduled,2026-07-25T05:10:38.835806+00:00,,"scheduled run; SHADOW — observational, not a recommendation; degraded inputs: AVAILABILITY_COMPLETE,GOALKEEPER_CONFIRMED,LINEUP_CONFIRMED,PLAYER_DATA_FRESH"
2026-07-25-0917,mls,D.C. United v Toronto FC,2026-07-25T23:30Z,KXMLSSCORE-26JUL25DCUTOR-DCU3TOR2,DC United wins 3-2,score_3_2,0.0317,0.04,,25.0,0.002688,kalshi_0.07p(1-p),0.042688,-0.010988,0.0,0.0,scheduled,2026-07-25T05:10:38.361236+00:00,,"scheduled run; SHADOW — observational, not a recommendation; degraded inputs: AVAILABILITY_COMPLETE,GOALKEEPER_CONFIRMED,LINEUP_CONFIRMED,PLAYER_DATA_FRESH"
2026-07-25-0917,mls,Houston Dynamo FC v Austin FC,2026-07-26T00:30Z,KXMLSTOTAL-26JUL25HOUATX-1,Over 0.5 goals scored,over_0_5,0.9423,0.95,,1.0526,0.003325,kalshi_0.07p(1-p),0.953325,-0.011025,0.0,0.0,scheduled,2026-07-25T05:10:38.713342+00:00,,"scheduled run; SHADOW — observational, not a recommendation; degraded inputs: AVAILABILITY_COMPLETE,GOALKEEPER_CONFIRMED,LINEUP_CONFIRMED,PLAYER_DATA_FRESH"
2026-07-25-0917,mls,D.C. United v Toronto FC,2026-07-25T23:30Z,KXMLSSCORE-26JUL25DCUTOR-DCU3TOR0,DC United wins 3-0,score_3_0,0.0422,0.05,,20.0,0.003325,kalshi_0.07p(1-p),0.053325,-0.011125,0.0,0.0,scheduled,2026-07-25T05:10:38.361236+00:00,,"scheduled run; SHADOW — observational, not a recommendation; degraded inputs: AVAILABILITY_COMPLETE,GOALKEEPER_CONFIRMED,LINEUP_CONFIRMED,PLAYER_DATA_FRESH"
2026-07-25-0917,mls,Minnesota United FC v Vancouver Whitecaps,2026-07-26T00:30Z,KXMLSSCORE-26JUL25MINVAN-MIN0VAN2,Vancouver Whitecaps FC wins 2-0,score_0_2,0.0634,0.07,,14.2857,0.004557,kalshi_0.07p(1-p),0.074557,-0.011157,0.0,0.0,scheduled,2026-07-25T05:10:37.982667+00:00,,"scheduled run; SHADOW — observational, not a recommendation; degraded inputs: AVAILABILITY_COMPLETE,GOALKEEPER_CONFIRMED,LINEUP_CONFIRMED,PLAYER_DATA_FRESH"
2026-07-25-0917,mls,Red Bull New York v Charlotte FC,2026-07-25T22:30Z,KXMLSTEAMTOTAL-26JUL25NYRBCLT-CLT3,Charlotte over 2.5 goals,away_team_over_2_5,0.2207,0.22,,4.5455,0.012012,kalshi_0.07p(1-p),0.232012,-0.011312,0.0,0.0,scheduled,2026-07-25T05:10:39.188457+00:00,,"scheduled run; SHADOW — observational, not a recommendation; degraded inputs: AVAILABILITY_COMPLETE,GOALKEEPER_CONFIRMED,LINEUP_CONFIRMED,PLAYER_DATA_FRESH"
2026-07-25-0917,mls,CF Montréal v Inter Miami CF,2026-07-25T23:30Z,KXMLSSCORE-26JUL25MTLMIA-MTL2MIA1,CF Montreal wins 2-1,score_2_1,0.0738,0.08,,12.5,0.005152,kalshi_0.07p(1-p),0.085152,-0.011352,0.0,0.0,scheduled,2026-07-25T05:10:38.293629+00:00,,"scheduled run; SHADOW — observational, not a recommendation; degraded inputs: AVAILABILITY_COMPLETE,GOALKEEPER_CONFIRMED,LINEUP_CONFIRMED,PLAYER_DATA_FRESH"
2026-07-25-0917,mls,San Jose Earthquakes v LA Galaxy,2026-07-26T02:30Z,KXMLSSCORE-26JUL25SJLAG-SJ0LAG2,Los Angeles Galaxy wins 2-0,score_0_2,0.0311,0.04,,25.0,0.002688,kalshi_0.07p(1-p),0.042688,-0.011588,0.0,0.0,scheduled,2026-07-25T05:10:39.454779+00:00,,"scheduled run; SHADOW — observational, not a recommendation; degraded inputs: AVAILABILITY_COMPLETE,GOALKEEPER_CONFIRMED,LINEUP_CONFIRMED,PLAYER_DATA_FRESH"
2026-07-25-0917,mls,Philadelphia Union v Seattle Sounders FC,2026-07-25T23:30Z,KXMLSSCORE-26JUL25PHISEA-PHI3SEA0,Philadelphia Union wins 3-0,score_3_0,0.0417,0.05,,20.0,0.003325,kalshi_0.07p(1-p),0.053325,-0.011625,0.0,0.0,scheduled,2026-07-25T05:10:39.384180+00:00,,"scheduled run; SHADOW — observational, not a recommendation; degraded inputs: AVAILABILITY_COMPLETE,GOALKEEPER_CONFIRMED,LINEUP_CONFIRMED,PLAYER_DATA_FRESH"
2026-07-25-0917,mls,San Diego FC v FC Dallas,2026-07-26T01:30Z,KXMLSSCORE-26JUL25SDDAL-SD2DAL2,Draw 2-2,score_2_2,0.0735,0.08,,12.5,0.005152,kalshi_0.07p(1-p),0.085152,-0.011652,0.0,0.0,scheduled,2026-07-25T05:10:38.072983+00:00,,"scheduled run; SHADOW — observational, not a recommendation; degraded inputs: AVAILABILITY_COMPLETE,GOALKEEPER_CONFIRMED,LINEUP_CONFIRMED,PLAYER_DATA_FRESH"
2026-07-25-0917,mls,Houston Dynamo FC v Austin FC,2026-07-26T00:30Z,KXMLSTEAMTOTAL-26JUL25HOUATX-ATX3,Austin over 2.5 goals,away_team_over_2_5,0.0946,0.1,,10.0,0.0063,kalshi_0.07p(1-p),0.1063,-0.0117,0.0,0.0,scheduled,2026-07-25T05:10:38.713342+00:00,,"scheduled run; SHADOW — observational, not a recommendation; degraded inputs: AVAILABILITY_COMPLETE,GOALKEEPER_CONFIRMED,LINEUP_CONFIRMED,PLAYER_DATA_FRESH"
2026-07-25-0917,mls,Red Bull New York v Charlotte FC,2026-07-25T22:30Z,KXMLSSCORE-26JUL25NYRBCLT-NYRB3CLT1,New York Red Bulls wins 3-1,score_3_1,0.0522,0.06,,16.6667,0.003948,kalshi_0.07p(1-p),0.063948,-0.011748,0.0,0.0,scheduled,2026-07-25T05:10:39.188457+00:00,,"scheduled run; SHADOW — observational, not a recommendation; degraded inputs: AVAILABILITY_COMPLETE,GOALKEEPER_CONFIRMED,LINEUP_CONFIRMED,PLAYER_DATA_FRESH"
2026-07-25-0917,mls,Red Bull New York v Charlotte FC,2026-07-25T22:30Z,KXMLSTEAMTOTAL-26JUL25NYRBCLT-CLT2,Charlotte over 1.5 goals,away_team_over_1_5,0.4856,0.48,,2.0833,0.017472,kalshi_0.07p(1-p),0.497472,-0.011872,0.0,0.0,scheduled,2026-07-25T05:10:39.188457+00:00,,"scheduled run; SHADOW — observational, not a recommendation; degraded inputs: AVAILABILITY_COMPLETE,GOALKEEPER_CONFIRMED,LINEUP_CONFIRMED,PLAYER_DATA_FRESH"
2026-07-25-0917,mls,San Jose Earthquakes v LA Galaxy,2026-07-26T02:30Z,KXMLSSCORE-26JUL25SJLAG-SJ2LAG1,San Jose Earthquakes wins 2-1,score_2_1,0.0944,0.1,,10.0,0.0063,kalshi_0.07p(1-p),0.1063,-0.0119,0.0,0.0,scheduled,2026-07-25T05:10:39.454779+00:00,,"scheduled run; SHADOW — observational, not a recommendation; degraded inputs: AVAILABILITY_COMPLETE,GOALKEEPER_CONFIRMED,LINEUP_CONFIRMED,PLAYER_DATA_FRESH"
2026-07-25-0917,mls,Orlando City SC v Nashville SC,2026-07-25T23:30Z,KXMLSFTTS-26JUL25ORLNSH-ORL,Orlando City SC,home_first_goal,0.4654,0.46,,2.1739,0.017388,kalshi_0.07p(1-p),0.477388,-0.011988,0.0,0.0,scheduled,2026-07-25T05:10:38.980692+00:00,,"scheduled run; SHADOW — observational, not a recommendation; wide spread 6c; degraded inputs: AVAILABILITY_COMPLETE,GOALKEEPER_CONFIRMED,LINEUP_CONFIRMED,PLAYER_DATA_FRESH"
2026-07-25-0917,mls,Philadelphia Union v Seattle Sounders FC,2026-07-25T23:30Z,KXMLSTEAMTOTAL-26JUL25PHISEA-PHI1,Philadelphia over 0.5 goals,home_team_over_0_5,0.8469,0.85,,1.1765,0.008925,kalshi_0.07p(1-p),0.858925,-0.012025,0.0,0.0,scheduled,2026-07-25T05:10:39.384180+00:00,,"scheduled run; SHADOW — observational, not a recommendation; degraded inputs: AVAILABILITY_COMPLETE,GOALKEEPER_CONFIRMED,LINEUP_CONFIRMED,PLAYER_DATA_FRESH"
2026-07-25-0917,mls,Portland Timbers v Real Salt Lake,2026-07-26T02:30Z,KXMLSSCORE-26JUL25PORRSL-POR2RSL0,Portland Timbers wins 2-0,score_2_0,0.0517,0.06,,16.6667,0.003948,kalshi_0.07p(1-p),0.063948,-0.012248,0.0,0.0,scheduled,2026-07-25T05:10:39.267924+00:00,,"scheduled run; SHADOW — observational, not a recommendation; degraded inputs: AVAILABILITY_COMPLETE,GOALKEEPER_CONFIRMED,LINEUP_CONFIRMED,PLAYER_DATA_FRESH"
2026-07-25-0917,mls,Philadelphia Union v Seattle Sounders FC,2026-07-25T23:30Z,KXMLSSPREAD-26JUL25PHISEA-PHI2,Philadelphia wins by more than 1.5 goals,home_margin_2,0.2715,0.27,,3.7037,0.013797,kalshi_0.07p(1-p),0.283797,-0.012297,0.0,0.0,scheduled,2026-07-25T05:10:39.384180+00:00,,"scheduled run; SHADOW — observational, not a recommendation; degraded inputs: AVAILABILITY_COMPLETE,GOALKEEPER_CONFIRMED,LINEUP_CONFIRMED,PLAYER_DATA_FRESH"
2026-07-25-0917,mls,San Diego FC v FC Dallas,2026-07-26T01:30Z,KXMLSGAME-26JUL25SDDAL-TIE,Tie,draw,0.2508,0.25,0.242424,4.0,0.013125,kalshi_0.07p(1-p),0.263125,-0.012325,0.0,0.0,scheduled,2026-07-25T05:10:38.072983+00:00,,"scheduled run; SHADOW — observational, not a recommendation; bid/ask midpoints, overround 0.9900; degraded inputs: AVAILABILITY_COMPLETE,GOALKEEPER_CONFIRMED,LINEUP_CONFIRMED,PLAYER_DATA_FRESH"
2026-07-25-0917,mls,San Jose Earthquakes v LA Galaxy,2026-07-26T02:30Z,KXMLSSPREAD-26JUL25SJLAG-SJ3,San Jose wins by more than 2.5 goals,home_margin_3,0.1465,0.15,,6.6667,0.008925,kalshi_0.07p(1-p),0.158925,-0.012425,0.0,0.0,scheduled,2026-07-25T05:10:39.454779+00:00,,"scheduled run; SHADOW — observational, not a recommendation; degraded inputs: AVAILABILITY_COMPLETE,GOALKEEPER_CONFIRMED,LINEUP_CONFIRMED,PLAYER_DATA_FRESH"
2026-07-25-0917,mls,Orlando City SC v Nashville SC,2026-07-25T23:30Z,KXMLSSPREAD-26JUL25ORLNSH-NSH3,Nashville wins by more than 2.5 goals,away_margin_3,0.0938,0.1,,10.0,0.0063,kalshi_0.07p(1-p),0.1063,-0.0125,0.0,0.0,scheduled,2026-07-25T05:10:38.980692+00:00,,"scheduled run; SHADOW — observational, not a recommendation; degraded inputs: AVAILABILITY_COMPLETE,GOALKEEPER_CONFIRMED,LINEUP_CONFIRMED,PLAYER_DATA_FRESH"
2026-07-25-0917,mls,San Jose Earthquakes v LA Galaxy,2026-07-26T02:30Z,KXMLSSPREAD-26JUL25SJLAG-LAG3,Los Angeles G wins by more than 2.5 goals,away_margin_3,0.0404,0.05,,20.0,0.003325,kalshi_0.07p(1-p),0.053325,-0.012925,0.0,0.0,scheduled,2026-07-25T05:10:39.454779+00:00,,"scheduled run; SHADOW — observational, not a recommendation; degraded inputs: AVAILABILITY_COMPLETE,GOALKEEPER_CONFIRMED,LINEUP_CONFIRMED,PLAYER_DATA_FRESH"
2026-07-25-0917,mls,CF Montréal v Inter Miami CF,2026-07-25T23:30Z,KXMLSSCORE-26JUL25MTLMIA-MTL1MIA3,Inter Miami CF wins 3-1,score_1_3,0.051,0.06,,16.6667,0.003948,kalshi_0.07p(1-p),0.063948,-0.012948,0.0,0.0,scheduled,2026-07-25T05:10:38.293629+00:00,,"scheduled run; SHADOW — observational, not a recommendation; degraded inputs: AVAILABILITY_COMPLETE,GOALKEEPER_CONFIRMED,LINEUP_CONFIRMED,PLAYER_DATA_FRESH"
2026-07-25-0917,mls,CF Montréal v Inter Miami CF,2026-07-25T23:30Z,KXMLSSCORE-26JUL25MTLMIA-MTL2MIA0,CF Montreal wins 2-0,score_2_0,0.0403,0.05,,20.0,0.003325,kalshi_0.07p(1-p),0.053325,-0.013025,0.0,0.0,scheduled,2026-07-25T05:10:38.293629+00:00,,"scheduled run; SHADOW — observational, not a recommendation; degraded inputs: AVAILABILITY_COMPLETE,GOALKEEPER_CONFIRMED,LINEUP_CONFIRMED,PLAYER_DATA_FRESH"
2026-07-25-0917,mls,New York City FC v Chicago Fire FC,2026-07-25T23:30Z,KXMLSSCORE-26JUL25NYCCHI-NYC2CHI0,New York City FC wins 2-0,score_2_0,0.0509,0.06,,16.6667,0.003948,kalshi_0.07p(1-p),0.063948,-0.013048,0.0,0.0,scheduled,2026-07-25T05:10:38.904218+00:00,,"scheduled run; SHADOW — observational, not a recommendation; degraded inputs: AVAILABILITY_COMPLETE,GOALKEEPER_CONFIRMED,LINEUP_CONFIRMED,PLAYER_DATA_FRESH"
2026-07-25-0917,mls,San Jose Earthquakes v LA Galaxy,2026-07-26T02:30Z,KXMLSSCORE-26JUL25SJLAG-SJ2LAG0,San Jose Earthquakes wins 2-0,score_2_0,0.0721,0.08,,12.5,0.005152,kalshi_0.07p(1-p),0.085152,-0.013052,0.0,0.0,scheduled,2026-07-25T05:10:39.454779+00:00,,"scheduled run; SHADOW — observational, not a recommendation; degraded inputs: AVAILABILITY_COMPLETE,GOALKEEPER_CONFIRMED,LINEUP_CONFIRMED,PLAYER_DATA_FRESH"
2026-07-25-0917,mls,Houston Dynamo FC v Austin FC,2026-07-26T00:30Z,KXMLSSCORE-26JUL25HOUATX-HOU1ATX1,Draw 1-1,score_1_1,0.1038,0.11,,9.0909,0.006853,kalshi_0.07p(1-p),0.116853,-0.013053,0.0,0.0,scheduled,2026-07-25T05:10:38.713342+00:00,,"scheduled run; SHADOW — observational, not a recommendation; degraded inputs: AVAILABILITY_COMPLETE,GOALKEEPER_CONFIRMED,LINEUP_CONFIRMED,PLAYER_DATA_FRESH"
2026-07-25-0917,mls,D.C. United v Toronto FC,2026-07-25T23:30Z,KXMLSTOTAL-26JUL25DCUTOR-1,Over 0.5 goals scored,over_0_5,0.9308,0.94,,1.0638,0.003948,kalshi_0.07p(1-p),0.943948,-0.013148,0.0,0.0,scheduled,2026-07-25T05:10:38.361236+00:00,,"scheduled run; SHADOW — observational, not a recommendation; degraded inputs: AVAILABILITY_COMPLETE,GOALKEEPER_CONFIRMED,LINEUP_CONFIRMED,PLAYER_DATA_FRESH"
2026-07-25-0917,mls,Portland Timbers v Real Salt Lake,2026-07-26T02:30Z,KXMLSSCORE-26JUL25PORRSL-POR0RSL1,Real Salt Lake wins 1-0,score_0_1,0.0508,0.06,,16.6667,0.003948,kalshi_0.07p(1-p),0.063948,-0.013148,0.0,0.0,scheduled,2026-07-25T05:10:39.267924+00:00,,"scheduled run; SHADOW — observational, not a recommendation; degraded inputs: AVAILABILITY_COMPLETE,GOALKEEPER_CONFIRMED,LINEUP_CONFIRMED,PLAYER_DATA_FRESH"
2026-07-25-0917,mls,Minnesota United FC v Vancouver Whitecaps,2026-07-26T00:30Z,KXMLSFTTS-26JUL25MINVAN-NONE,No Goal,no_goal,0.0401,0.05,,20.0,0.003325,kalshi_0.07p(1-p),0.053325,-0.013225,0.0,0.0,scheduled,2026-07-25T05:10:37.982667+00:00,,"scheduled run; SHADOW — observational, not a recommendation; degraded inputs: AVAILABILITY_COMPLETE,GOALKEEPER_CONFIRMED,LINEUP_CONFIRMED,PLAYER_DATA_FRESH"
2026-07-25-0917,mls,Orlando City SC v Nashville SC,2026-07-25T23:30Z,KXMLSSCORE-26JUL25ORLNSH-ORL0NSH2,Nashville SC wins 2-0,score_0_2,0.0612,0.07,,14.2857,0.004557,kalshi_0.07p(1-p),0.074557,-0.013357,0.0,0.0,scheduled,2026-07-25T05:10:38.980692+00:00,,"scheduled run; SHADOW — observational, not a recommendation; degraded inputs: AVAILABILITY_COMPLETE,GOALKEEPER_CONFIRMED,LINEUP_CONFIRMED,PLAYER_DATA_FRESH"
2026-07-25-0917,mls,D.C. United v Toronto FC,2026-07-25T23:30Z,KXMLSTEAMTOTAL-26JUL25DCUTOR-TOR2,Toronto over 1.5 goals,away_team_over_1_5,0.3423,0.34,,2.9412,0.015708,kalshi_0.07p(1-p),0.355708,-0.013408,0.0,0.0,scheduled,2026-07-25T05:10:38.361236+00:00,,"scheduled run; SHADOW — observational, not a recommendation; degraded inputs: AVAILABILITY_COMPLETE,GOALKEEPER_CONFIRMED,LINEUP_CONFIRMED,PLAYER_DATA_FRESH"
2026-07-25-0917,mls,St. Louis CITY SC v Colorado Rapids,2026-07-26T00:30Z,KXMLSTOTAL-26JUL25STLCOL-1,Over 0.5 goals scored,over_0_5,0.9491,0.96,,1.0417,0.002688,kalshi_0.07p(1-p),0.962688,-0.013588,0.0,0.0,scheduled,2026-07-25T05:10:38.524779+00:00,,"scheduled run; SHADOW — observational, not a recommendation; degraded inputs: AVAILABILITY_COMPLETE,GOALKEEPER_CONFIRMED,LINEUP_CONFIRMED,PLAYER_DATA_FRESH"
2026-07-25-0917,mls,St. Louis CITY SC v Colorado Rapids,2026-07-26T00:30Z,KXMLSSCORE-26JUL25STLCOL-STL3COL0,Saint Louis City SC wins 3-0,score_3_0,0.0503,0.06,,16.6667,0.003948,kalshi_0.07p(1-p),0.063948,-0.013648,0.0,0.0,scheduled,2026-07-25T05:10:38.524779+00:00,,"scheduled run; SHADOW — observational, not a recommendation; degraded inputs: AVAILABILITY_COMPLETE,GOALKEEPER_CONFIRMED,LINEUP_CONFIRMED,PLAYER_DATA_FRESH"
2026-07-25-0917,mls,Houston Dynamo FC v Austin FC,2026-07-26T00:30Z,KXMLSSCORE-26JUL25HOUATX-HOU0ATX1,Austin FC wins 1-0,score_0_1,0.0607,0.07,,14.2857,0.004557,kalshi_0.07p(1-p),0.074557,-0.013857,0.0,0.0,scheduled,2026-07-25T05:10:38.713342+00:00,,"scheduled run; SHADOW — observational, not a recommendation; degraded inputs: AVAILABILITY_COMPLETE,GOALKEEPER_CONFIRMED,LINEUP_CONFIRMED,PLAYER_DATA_FRESH"
2026-07-25-0917,mls,Portland Timbers v Real Salt Lake,2026-07-26T02:30Z,KXMLSGAME-26JUL25PORRSL-TIE,Tie,draw,0.2492,0.25,0.246231,4.0,0.013125,kalshi_0.07p(1-p),0.263125,-0.013925,0.0,0.0,scheduled,2026-07-25T05:10:39.267924+00:00,,"scheduled run; SHADOW — observational, not a recommendation; bid/ask midpoints, overround 0.9950; degraded inputs: AVAILABILITY_COMPLETE,GOALKEEPER_CONFIRMED,LINEUP_CONFIRMED,PLAYER_DATA_FRESH"
2026-07-25-0917,mls,Minnesota United FC v Vancouver Whitecaps,2026-07-26T00:30Z,KXMLSSCORE-26JUL25MINVAN-MIN1VAN0,Minnesota United FC wins 1-0,score_1_0,0.0606,0.07,,14.2857,0.004557,kalshi_0.07p(1-p),0.074557,-0.013957,0.0,0.0,scheduled,2026-07-25T05:10:37.982667+00:00,,"scheduled run; SHADOW — observational, not a recommendation; degraded inputs: AVAILABILITY_COMPLETE,GOALKEEPER_CONFIRMED,LINEUP_CONFIRMED,PLAYER_DATA_FRESH"
2026-07-25-0917,mls,San Diego FC v FC Dallas,2026-07-26T01:30Z,KXMLSSCORE-26JUL25SDDAL-SD1DAL1,Draw 1-1,score_1_1,0.0921,0.1,,10.0,0.0063,kalshi_0.07p(1-p),0.1063,-0.0142,0.0,0.0,scheduled,2026-07-25T05:10:38.072983+00:00,,"scheduled run; SHADOW — observational, not a recommendation; degraded inputs: AVAILABILITY_COMPLETE,GOALKEEPER_CONFIRMED,LINEUP_CONFIRMED,PLAYER_DATA_FRESH"
2026-07-25-0917,mls,Philadelphia Union v Seattle Sounders FC,2026-07-25T23:30Z,KXMLSSCORE-26JUL25PHISEA-PHI3SEA2,Philadelphia Union wins 3-2,score_3_2,0.0391,0.05,,20.0,0.003325,kalshi_0.07p(1-p),0.053325,-0.014225,0.0,0.0,scheduled,2026-07-25T05:10:39.384180+00:00,,"scheduled run; SHADOW — observational, not a recommendation; degraded inputs: AVAILABILITY_COMPLETE,GOALKEEPER_CONFIRMED,LINEUP_CONFIRMED,PLAYER_DATA_FRESH"
2026-07-25-0917,mls,New England Revolution v Atlanta United FC,2026-07-25T23:30Z,KXMLSSCORE-26JUL25NEATL-NE3ATL0,New England Revolution wins 3-0,score_3_0,0.0389,0.05,,20.0,0.003325,kalshi_0.07p(1-p),0.053325,-0.014425,0.0,0.0,scheduled,2026-07-25T05:10:38.835806+00:00,,"scheduled run; SHADOW — observational, not a recommendation; degraded inputs: AVAILABILITY_COMPLETE,GOALKEEPER_CONFIRMED,LINEUP_CONFIRMED,PLAYER_DATA_FRESH"
2026-07-25-0917,mls,New England Revolution v Atlanta United FC,2026-07-25T23:30Z,KXMLSSCORE-26JUL25NEATL-NE0ATL2,Atlanta United FC wins 2-0,score_0_2,0.0389,0.05,,20.0,0.003325,kalshi_0.07p(1-p),0.053325,-0.014425,0.0,0.0,scheduled,2026-07-25T05:10:38.835806+00:00,,"scheduled run; SHADOW — observational, not a recommendation; degraded inputs: AVAILABILITY_COMPLETE,GOALKEEPER_CONFIRMED,LINEUP_CONFIRMED,PLAYER_DATA_FRESH"
2026-07-25-0917,mls,Columbus Crew v FC Cincinnati,2026-07-25T23:15Z,KXMLSSCORE-26JUL25CLBCIN-CLB3CIN1,Columbus Crew wins 3-1,score_3_1,0.0601,0.07,,14.2857,0.004557,kalshi_0.07p(1-p),0.074557,-0.014457,0.0,0.0,scheduled,2026-07-25T05:10:38.226744+00:00,,"scheduled run; SHADOW — observational, not a recommendation; degraded inputs: AVAILABILITY_COMPLETE,GOALKEEPER_CONFIRMED,LINEUP_CONFIRMED,PLAYER_DATA_FRESH"
2026-07-25-0917,mls,D.C. United v Toronto FC,2026-07-25T23:30Z,KXMLSGAME-26JUL25DCUTOR-TIE,Tie,draw,0.2693,0.27,0.263682,3.7037,0.013797,kalshi_0.07p(1-p),0.283797,-0.014497,0.0,0.0,scheduled,2026-07-25T05:10:38.361236+00:00,,"scheduled run; SHADOW — observational, not a recommendation; bid/ask midpoints, overround 1.0050; degraded inputs: AVAILABILITY_COMPLETE,GOALKEEPER_CONFIRMED,LINEUP_CONFIRMED,PLAYER_DATA_FRESH"
2026-07-25-0917,mls,Houston Dynamo FC v Austin FC,2026-07-26T00:30Z,KXMLSSPREAD-26JUL25HOUATX-HOU2,Houston wins by more than 1.5 goals,home_margin_2,0.3104,0.31,,3.2258,0.014973,kalshi_0.07p(1-p),0.324973,-0.014573,0.0,0.0,scheduled,2026-07-25T05:10:38.713342+00:00,,"scheduled run; SHADOW — observational, not a recommendation; degraded inputs: AVAILABILITY_COMPLETE,GOALKEEPER_CONFIRMED,LINEUP_CONFIRMED,PLAYER_DATA_FRESH"
2026-07-25-0917,mls,Portland Timbers v Real Salt Lake,2026-07-26T02:30Z,KXMLSSCORE-26JUL25PORRSL-POR1RSL3,Real Salt Lake wins 3-1,score_1_3,0.0387,0.05,,20.0,0.003325,kalshi_0.07p(1-p),0.053325,-0.014625,0.0,0.0,scheduled,2026-07-25T05:10:39.267924+00:00,,"scheduled run; SHADOW — observational, not a recommendation; degraded inputs: AVAILABILITY_COMPLETE,GOALKEEPER_CONFIRMED,LINEUP_CONFIRMED,PLAYER_DATA_FRESH"
2026-07-25-0917,mls,New York City FC v Chicago Fire FC,2026-07-25T23:30Z,KXMLSSCORE-26JUL25NYCCHI-NYC0CHI2,Chicago Fire wins 2-0,score_0_2,0.0493,0.06,,16.6667,0.003948,kalshi_0.07p(1-p),0.063948,-0.014648,0.0,0.0,scheduled,2026-07-25T05:10:38.904218+00:00,,"scheduled run; SHADOW — observational, not a recommendation; degraded inputs: AVAILABILITY_COMPLETE,GOALKEEPER_CONFIRMED,LINEUP_CONFIRMED,PLAYER_DATA_FRESH"
2026-07-25-0917,mls,Philadelphia Union v Seattle Sounders FC,2026-07-25T23:30Z,KXMLSSCORE-26JUL25PHISEA-PHI1SEA2,Seattle Sounders wins 2-1,score_1_2,0.0705,0.08,,12.5,0.005152,kalshi_0.07p(1-p),0.085152,-0.014652,0.0,0.0,scheduled,2026-07-25T05:10:39.384180+00:00,,"scheduled run; SHADOW — observational, not a recommendation; degraded inputs: AVAILABILITY_COMPLETE,GOALKEEPER_CONFIRMED,LINEUP_CONFIRMED,PLAYER_DATA_FRESH"
2026-07-25-0917,mls,Philadelphia Union v Seattle Sounders FC,2026-07-25T23:30Z,KXMLSSCORE-26JUL25PHISEA-PHI3SEA1,Philadelphia Union wins 3-1,score_3_1,0.0598,0.07,,14.2857,0.004557,kalshi_0.07p(1-p),0.074557,-0.014757,0.0,0.0,scheduled,2026-07-25T05:10:39.384180+00:00,,"scheduled run; SHADOW — observational, not a recommendation; degraded inputs: AVAILABILITY_COMPLETE,GOALKEEPER_CONFIRMED,LINEUP_CONFIRMED,PLAYER_DATA_FRESH"
2026-07-25-0917,mls,Columbus Crew v FC Cincinnati,2026-07-25T23:15Z,KXMLSTOTAL-26JUL25CLBCIN-3,Over 2.5 goals scored,over_2_5,0.6902,0.69,,1.4493,0.014973,kalshi_0.07p(1-p),0.704973,-0.014773,0.0,0.0,scheduled,2026-07-25T05:10:38.226744+00:00,,"scheduled run; SHADOW — observational, not a recommendation; degraded inputs: AVAILABILITY_COMPLETE,GOALKEEPER_CONFIRMED,LINEUP_CONFIRMED,PLAYER_DATA_FRESH"
2026-07-25-0917,mls,San Jose Earthquakes v LA Galaxy,2026-07-26T02:30Z,KXMLSSPREAD-26JUL25SJLAG-SJ2,San Jose wins by more than 1.5 goals,home_margin_2,0.3102,0.31,,3.2258,0.014973,kalshi_0.07p(1-p),0.324973,-0.014773,0.0,0.0,scheduled,2026-07-25T05:10:39.454779+00:00,,"scheduled run; SHADOW — observational, not a recommendation; degraded inputs: AVAILABILITY_COMPLETE,GOALKEEPER_CONFIRMED,LINEUP_CONFIRMED,PLAYER_DATA_FRESH"
2026-07-25-0917,mls,Houston Dynamo FC v Austin FC,2026-07-26T00:30Z,KXMLSTEAMTOTAL-26JUL25HOUATX-ATX2,Austin over 1.5 goals,away_team_over_1_5,0.2896,0.29,,3.4483,0.014413,kalshi_0.07p(1-p),0.304413,-0.014813,0.0,0.0,scheduled,2026-07-25T05:10:38.713342+00:00,,"scheduled run; SHADOW — observational, not a recommendation; degraded inputs: AVAILABILITY_COMPLETE,GOALKEEPER_CONFIRMED,LINEUP_CONFIRMED,PLAYER_DATA_FRESH"
2026-07-25-0917,mls,D.C. United v Toronto FC,2026-07-25T23:30Z,KXMLSTEAMTOTAL-26JUL25DCUTOR-TOR3,Toronto over 2.5 goals,away_team_over_2_5,0.1231,0.13,,7.6923,0.007917,kalshi_0.07p(1-p),0.137917,-0.014817,0.0,0.0,scheduled,2026-07-25T05:10:38.361236+00:00,,"scheduled run; SHADOW — observational, not a recommendation; degraded inputs: AVAILABILITY_COMPLETE,GOALKEEPER_CONFIRMED,LINEUP_CONFIRMED,PLAYER_DATA_FRESH"
2026-07-25-0917,mls,Orlando City SC v Nashville SC,2026-07-25T23:30Z,KXMLSFTTS-26JUL25ORLNSH-NONE,No Goal,no_goal,0.0385,0.05,,20.0,0.003325,kalshi_0.07p(1-p),0.053325,-0.014825,0.0,0.0,scheduled,2026-07-25T05:10:38.980692+00:00,,"scheduled run; SHADOW — observational, not a recommendation; degraded inputs: AVAILABILITY_COMPLETE,GOALKEEPER_CONFIRMED,LINEUP_CONFIRMED,PLAYER_DATA_FRESH"
2026-07-25-0917,mls,CF Montréal v Inter Miami CF,2026-07-25T23:30Z,KXMLSSCORE-26JUL25MTLMIA-MTL3MIA1,CF Montreal wins 3-1,score_3_1,0.0491,0.06,,16.6667,0.003948,kalshi_0.07p(1-p),0.063948,-0.014848,0.0,0.0,scheduled,2026-07-25T05:10:38.293629+00:00,,"scheduled run; SHADOW — observational, not a recommendation; degraded inputs: AVAILABILITY_COMPLETE,GOALKEEPER_CONFIRMED,LINEUP_CONFIRMED,PLAYER_DATA_FRESH"
2026-07-25-0917,mls,New York City FC v Chicago Fire FC,2026-07-25T23:30Z,KXMLSSCORE-26JUL25NYCCHI-NYC2CHI2,Draw 2-2,score_2_2,0.0703,0.08,,12.5,0.005152,kalshi_0.07p(1-p),0.085152,-0.014852,0.0,0.0,scheduled,2026-07-25T05:10:38.904218+00:00,,"scheduled run; SHADOW — observational, not a recommendation; degraded inputs: AVAILABILITY_COMPLETE,GOALKEEPER_CONFIRMED,LINEUP_CONFIRMED,PLAYER_DATA_FRESH"
2026-07-25-0917,mls,Columbus Crew v FC Cincinnati,2026-07-25T23:15Z,KXMLSTOTAL-26JUL25CLBCIN-4,Over 3.5 goals scored,over_3_5,0.4826,0.48,,2.0833,0.017472,kalshi_0.07p(1-p),0.497472,-0.014872,0.0,0.0,scheduled,2026-07-25T05:10:38.226744+00:00,,"scheduled run; SHADOW — observational, not a recommendation; degraded inputs: AVAILABILITY_COMPLETE,GOALKEEPER_CONFIRMED,LINEUP_CONFIRMED,PLAYER_DATA_FRESH"
2026-07-25-0917,mls,Red Bull New York v Charlotte FC,2026-07-25T22:30Z,KXMLSSCORE-26JUL25NYRBCLT-NYRB2CLT2,Draw 2-2,score_2_2,0.0702,0.08,,12.5,0.005152,kalshi_0.07p(1-p),0.085152,-0.014952,0.0,0.0,scheduled,2026-07-25T05:10:39.188457+00:00,,"scheduled run; SHADOW — observational, not a recommendation; degraded inputs: AVAILABILITY_COMPLETE,GOALKEEPER_CONFIRMED,LINEUP_CONFIRMED,PLAYER_DATA_FRESH"
2026-07-25-0917,mls,Philadelphia Union v Seattle Sounders FC,2026-07-25T23:30Z,KXMLSGAME-26JUL25PHISEA-TIE,Tie,draw,0.2481,0.25,0.248731,4.0,0.013125,kalshi_0.07p(1-p),0.263125,-0.015025,0.0,0.0,scheduled,2026-07-25T05:10:39.384180+00:00,,"scheduled run; SHADOW — observational, not a recommendation; bid/ask midpoints, overround 0.9850; degraded inputs: AVAILABILITY_COMPLETE,GOALKEEPER_CONFIRMED,LINEUP_CONFIRMED,PLAYER_DATA_FRESH"
2026-07-25-0917,mls,Columbus Crew v FC Cincinnati,2026-07-25T23:15Z,KXMLSSCORE-26JUL25CLBCIN-CLB1CIN1,Draw 1-1,score_1_1,0.0912,0.1,,10.0,0.0063,kalshi_0.07p(1-p),0.1063,-0.0151,0.0,0.0,scheduled,2026-07-25T05:10:38.226744+00:00,,"scheduled run; SHADOW — observational, not a recommendation; degraded inputs: AVAILABILITY_COMPLETE,GOALKEEPER_CONFIRMED,LINEUP_CONFIRMED,PLAYER_DATA_FRESH"
2026-07-25-0917,mls,St. Louis CITY SC v Colorado Rapids,2026-07-26T00:30Z,KXMLSSCORE-26JUL25STLCOL-STL0COL2,Colorado Rapids wins 2-0,score_0_2,0.0378,0.05,,20.0,0.003325,kalshi_0.07p(1-p),0.053325,-0.015525,0.0,0.0,scheduled,2026-07-25T05:10:38.524779+00:00,,"scheduled run; SHADOW — observational, not a recommendation; degraded inputs: AVAILABILITY_COMPLETE,GOALKEEPER_CONFIRMED,LINEUP_CONFIRMED,PLAYER_DATA_FRESH"
2026-07-25-0917,mls,Orlando City SC v Nashville SC,2026-07-25T23:30Z,KXMLSSCORE-26JUL25ORLNSH-ORL1NSH0,Orlando City SC wins 1-0,score_1_0,0.0589,0.07,,14.2857,0.004557,kalshi_0.07p(1-p),0.074557,-0.015657,0.0,0.0,scheduled,2026-07-25T05:10:38.980692+00:00,,"scheduled run; SHADOW — observational, not a recommendation; degraded inputs: AVAILABILITY_COMPLETE,GOALKEEPER_CONFIRMED,LINEUP_CONFIRMED,PLAYER_DATA_FRESH"
2026-07-25-0917,mls,Columbus Crew v FC Cincinnati,2026-07-25T23:15Z,KXMLSTOTAL-26JUL25CLBCIN-2,Over 1.5 goals scored,over_1_5,0.8717,0.88,,1.1364,0.007392,kalshi_0.07p(1-p),0.887392,-0.015692,0.0,0.0,scheduled,2026-07-25T05:10:38.226744+00:00,,"scheduled run; SHADOW — observational, not a recommendation; degraded inputs: AVAILABILITY_COMPLETE,GOALKEEPER_CONFIRMED,LINEUP_CONFIRMED,PLAYER_DATA_FRESH"
2026-07-25-0917,mls,D.C. United v Toronto FC,2026-07-25T23:30Z,KXMLSSCORE-26JUL25DCUTOR-DCU0TOR0,Draw 0-0,score_0_0,0.0692,0.08,,12.5,0.005152,kalshi_0.07p(1-p),0.085152,-0.015952,0.0,0.0,scheduled,2026-07-25T05:10:38.361236+00:00,,"scheduled run; SHADOW — observational, not a recommendation; degraded inputs: AVAILABILITY_COMPLETE,GOALKEEPER_CONFIRMED,LINEUP_CONFIRMED,PLAYER_DATA_FRESH"
2026-07-25-0917,mls,New York City FC v Chicago Fire FC,2026-07-25T23:30Z,KXMLSGAME-26JUL25NYCCHI-NYC,New York City,home_win,0.3802,0.38,0.376884,2.6316,0.016492,kalshi_0.07p(1-p),0.396492,-0.016292,0.0,0.0,scheduled,2026-07-25T05:10:38.904218+00:00,,"scheduled run; SHADOW — observational, not a recommendation; bid/ask midpoints, overround 0.9950; degraded inputs: AVAILABILITY_COMPLETE,GOALKEEPER_CONFIRMED,LINEUP_CONFIRMED,PLAYER_DATA_FRESH"
2026-07-25-0917,mls,Portland Timbers v Real Salt Lake,2026-07-26T02:30Z,KXMLSSCORE-26JUL25PORRSL-POR3RSL0,Portland Timbers wins 3-0,score_3_0,0.0368,0.05,,20.0,0.003325,kalshi_0.07p(1-p),0.053325,-0.016525,0.0,0.0,scheduled,2026-07-25T05:10:39.267924+00:00,,"scheduled run; SHADOW — observational, not a recommendation; degraded inputs: AVAILABILITY_COMPLETE,GOALKEEPER_CONFIRMED,LINEUP_CONFIRMED,PLAYER_DATA_FRESH"
2026-07-25-0917,mls,CF Montréal v Inter Miami CF,2026-07-25T23:30Z,KXMLSSCORE-26JUL25MTLMIA-MTL2MIA2,Draw 2-2,score_2_2,0.0686,0.08,,12.5,0.005152,kalshi_0.07p(1-p),0.085152,-0.016552,0.0,0.0,scheduled,2026-07-25T05:10:38.293629+00:00,,"scheduled run; SHADOW — observational, not a recommendation; degraded inputs: AVAILABILITY_COMPLETE,GOALKEEPER_CONFIRMED,LINEUP_CONFIRMED,PLAYER_DATA_FRESH"
2026-07-25-0917,mls,San Diego FC v FC Dallas,2026-07-26T01:30Z,KXMLSSCORE-26JUL25SDDAL-SD1DAL0,San Diego FC wins 1-0,score_1_0,0.0473,0.06,,16.6667,0.003948,kalshi_0.07p(1-p),0.063948,-0.016648,0.0,0.0,scheduled,2026-07-25T05:10:38.072983+00:00,,"scheduled run; SHADOW — observational, not a recommendation; degraded inputs: AVAILABILITY_COMPLETE,GOALKEEPER_CONFIRMED,LINEUP_CONFIRMED,PLAYER_DATA_FRESH"
2026-07-25-0917,mls,Columbus Crew v FC Cincinnati,2026-07-25T23:15Z,KXMLSSCORE-26JUL25CLBCIN-CLB3CIN0,Columbus Crew wins 3-0,score_3_0,0.0366,0.05,,20.0,0.003325,kalshi_0.07p(1-p),0.053325,-0.016725,0.0,0.0,scheduled,2026-07-25T05:10:38.226744+00:00,,"scheduled run; SHADOW — observational, not a recommendation; degraded inputs: AVAILABILITY_COMPLETE,GOALKEEPER_CONFIRMED,LINEUP_CONFIRMED,PLAYER_DATA_FRESH"
2026-07-25-0917,mls,Portland Timbers v Real Salt Lake,2026-07-26T02:30Z,KXMLSSCORE-26JUL25PORRSL-POR2RSL2,Draw 2-2,score_2_2,0.0684,0.08,,12.5,0.005152,kalshi_0.07p(1-p),0.085152,-0.016752,0.0,0.0,scheduled,2026-07-25T05:10:39.267924+00:00,,"scheduled run; SHADOW — observational, not a recommendation; degraded inputs: AVAILABILITY_COMPLETE,GOALKEEPER_CONFIRMED,LINEUP_CONFIRMED,PLAYER_DATA_FRESH"
2026-07-25-0917,mls,Houston Dynamo FC v Austin FC,2026-07-26T00:30Z,KXMLSSCORE-26JUL25HOUATX-HOU0ATX0,Draw 0-0,score_0_0,0.0577,0.07,,14.2857,0.004557,kalshi_0.07p(1-p),0.074557,-0.016857,0.0,0.0,scheduled,2026-07-25T05:10:38.713342+00:00,,"scheduled run; SHADOW — observational, not a recommendation; degraded inputs: AVAILABILITY_COMPLETE,GOALKEEPER_CONFIRMED,LINEUP_CONFIRMED,PLAYER_DATA_FRESH"
2026-07-25-0917,mls,Orlando City SC v Nashville SC,2026-07-25T23:30Z,KXMLSSCORE-26JUL25ORLNSH-ORL1NSH2,Nashville SC wins 2-1,score_1_2,0.0893,0.1,,10.0,0.0063,kalshi_0.07p(1-p),0.1063,-0.017,0.0,0.0,scheduled,2026-07-25T05:10:38.980692+00:00,,"scheduled run; SHADOW — observational, not a recommendation; degraded inputs: AVAILABILITY_COMPLETE,GOALKEEPER_CONFIRMED,LINEUP_CONFIRMED,PLAYER_DATA_FRESH"
2026-07-25-0917,mls,Red Bull New York v Charlotte FC,2026-07-25T22:30Z,KXMLSSCORE-26JUL25NYRBCLT-NYRB1CLT2,Charlotte FC wins 2-1,score_1_2,0.0787,0.09,,11.1111,0.005733,kalshi_0.07p(1-p),0.095733,-0.017033,0.0,0.0,scheduled,2026-07-25T05:10:39.188457+00:00,,"scheduled run; SHADOW — observational, not a recommendation; degraded inputs: AVAILABILITY_COMPLETE,GOALKEEPER_CONFIRMED,LINEUP_CONFIRMED,PLAYER_DATA_FRESH"
2026-07-25-0917,mls,Columbus Crew v FC Cincinnati,2026-07-25T23:15Z,KXMLSSCORE-26JUL25CLBCIN-CLB1CIN2,FC Cincinnati wins 2-1,score_1_2,0.0679,0.08,,12.5,0.005152,kalshi_0.07p(1-p),0.085152,-0.017252,0.0,0.0,scheduled,2026-07-25T05:10:38.226744+00:00,,"scheduled run; SHADOW — observational, not a recommendation; degraded inputs: AVAILABILITY_COMPLETE,GOALKEEPER_CONFIRMED,LINEUP_CONFIRMED,PLAYER_DATA_FRESH"
2026-07-25-0917,mls,Portland Timbers v Real Salt Lake,2026-07-26T02:30Z,KXMLSTOTAL-26JUL25PORRSL-2,Over 1.5 goals scored,over_1_5,0.8606,0.87,,1.1494,0.007917,kalshi_0.07p(1-p),0.877917,-0.017317,0.0,0.0,scheduled,2026-07-25T05:10:39.267924+00:00,,"scheduled run; SHADOW — observational, not a recommendation; degraded inputs: AVAILABILITY_COMPLETE,GOALKEEPER_CONFIRMED,LINEUP_CONFIRMED,PLAYER_DATA_FRESH"
2026-07-25-0917,mls,Orlando City SC v Nashville SC,2026-07-25T23:30Z,KXMLSSCORE-26JUL25ORLNSH-ORL2NSH2,Draw 2-2,score_2_2,0.0678,0.08,,12.5,0.005152,kalshi_0.07p(1-p),0.085152,-0.017352,0.0,0.0,scheduled,2026-07-25T05:10:38.980692+00:00,,"scheduled run; SHADOW — observational, not a recommendation; degraded inputs: AVAILABILITY_COMPLETE,GOALKEEPER_CONFIRMED,LINEUP_CONFIRMED,PLAYER_DATA_FRESH"
2026-07-25-0917,mls,D.C. United v Toronto FC,2026-07-25T23:30Z,KXMLSTOTAL-26JUL25DCUTOR-3,Over 2.5 goals scored,over_2_5,0.5201,0.52,,1.9231,0.017472,kalshi_0.07p(1-p),0.537472,-0.017372,0.0,0.0,scheduled,2026-07-25T05:10:38.361236+00:00,,"scheduled run; SHADOW — observational, not a recommendation; degraded inputs: AVAILABILITY_COMPLETE,GOALKEEPER_CONFIRMED,LINEUP_CONFIRMED,PLAYER_DATA_FRESH"
2026-07-25-0917,mls,D.C. United v Toronto FC,2026-07-25T23:30Z,KXMLSSCORE-26JUL25DCUTOR-DCU3TOR1,DC United wins 3-1,score_3_1,0.0465,0.06,,16.6667,0.003948,kalshi_0.07p(1-p),0.063948,-0.017448,0.0,0.0,scheduled,2026-07-25T05:10:38.361236+00:00,,"scheduled run; SHADOW — observational, not a recommendation; degraded inputs: AVAILABILITY_COMPLETE,GOALKEEPER_CONFIRMED,LINEUP_CONFIRMED,PLAYER_DATA_FRESH"
2026-07-25-0917,mls,San Diego FC v FC Dallas,2026-07-26T01:30Z,KXMLSSCORE-26JUL25SDDAL-SD2DAL1,San Diego FC wins 2-1,score_2_1,0.0782,0.09,,11.1111,0.005733,kalshi_0.07p(1-p),0.095733,-0.017533,0.0,0.0,scheduled,2026-07-25T05:10:38.072983+00:00,,"scheduled run; SHADOW — observational, not a recommendation; degraded inputs: AVAILABILITY_COMPLETE,GOALKEEPER_CONFIRMED,LINEUP_CONFIRMED,PLAYER_DATA_FRESH"
2026-07-25-0917,mls,St. Louis CITY SC v Colorado Rapids,2026-07-26T00:30Z,KXMLSGAME-26JUL25STLCOL-COL,Colorado,away_win,0.2765,0.28,0.273632,3.5714,0.014112,kalshi_0.07p(1-p),0.294112,-0.017612,0.0,0.0,scheduled,2026-07-25T05:10:38.524779+00:00,,"scheduled run; SHADOW — observational, not a recommendation; bid/ask midpoints, overround 1.0050; degraded inputs: AVAILABILITY_COMPLETE,GOALKEEPER_CONFIRMED,LINEUP_CONFIRMED,PLAYER_DATA_FRESH"
2026-07-25-0917,mls,D.C. United v Toronto FC,2026-07-25T23:30Z,KXMLSSCORE-26JUL25DCUTOR-DCU1TOR0,DC United wins 1-0,score_1_0,0.0992,0.11,,9.0909,0.006853,kalshi_0.07p(1-p),0.116853,-0.017653,0.0,0.0,scheduled,2026-07-25T05:10:38.361236+00:00,,"scheduled run; SHADOW — observational, not a recommendation; degraded inputs: AVAILABILITY_COMPLETE,GOALKEEPER_CONFIRMED,LINEUP_CONFIRMED,PLAYER_DATA_FRESH"
2026-07-25-0917,mls,St. Louis CITY SC v Colorado Rapids,2026-07-26T00:30Z,KXMLSSCORE-26JUL25STLCOL-STL3COL1,Saint Louis City SC wins 3-1,score_3_1,0.0569,0.07,,14.2857,0.004557,kalshi_0.07p(1-p),0.074557,-0.017657,0.0,0.0,scheduled,2026-07-25T05:10:38.524779+00:00,,"scheduled run; SHADOW — observational, not a recommendation; degraded inputs: AVAILABILITY_COMPLETE,GOALKEEPER_CONFIRMED,LINEUP_CONFIRMED,PLAYER_DATA_FRESH"
2026-07-25-0917,mls,New York City FC v Chicago Fire FC,2026-07-25T23:30Z,KXMLSGAME-26JUL25NYCCHI-TIE,Tie,draw,0.2558,0.26,0.256281,3.8462,0.013468,kalshi_0.07p(1-p),0.273468,-0.017668,0.0,0.0,scheduled,2026-07-25T05:10:38.904218+00:00,,"scheduled run; SHADOW — observational, not a recommendation; bid/ask midpoints, overround 0.9950; degraded inputs: AVAILABILITY_COMPLETE,GOALKEEPER_CONFIRMED,LINEUP_CONFIRMED,PLAYER_DATA_FRESH"
2026-07-25-0917,mls,Orlando City SC v Nashville SC,2026-07-25T23:30Z,KXMLSSCORE-26JUL25ORLNSH-ORL2NSH1,Orlando City SC wins 2-1,score_2_1,0.0779,0.09,,11.1111,0.005733,kalshi_0.07p(1-p),0.095733,-0.017833,0.0,0.0,scheduled,2026-07-25T05:10:38.980692+00:00,,"scheduled run; SHADOW — observational, not a recommendation; degraded inputs: AVAILABILITY_COMPLETE,GOALKEEPER_CONFIRMED,LINEUP_CONFIRMED,PLAYER_DATA_FRESH"
2026-07-25-0917,mls,San Diego FC v FC Dallas,2026-07-26T01:30Z,KXMLSSCORE-26JUL25SDDAL-SD2DAL0,San Diego FC wins 2-0,score_2_0,0.0461,0.06,,16.6667,0.003948,kalshi_0.07p(1-p),0.063948,-0.017848,0.0,0.0,scheduled,2026-07-25T05:10:38.072983+00:00,,"scheduled run; SHADOW — observational, not a recommendation; degraded inputs: AVAILABILITY_COMPLETE,GOALKEEPER_CONFIRMED,LINEUP_CONFIRMED,PLAYER_DATA_FRESH"
2026-07-25-0917,mls,D.C. United v Toronto FC,2026-07-25T23:30Z,KXMLSSCORE-26JUL25DCUTOR-DCU0TOR2,Toronto FC wins 2-0,score_0_2,0.046,0.06,,16.6667,0.003948,kalshi_0.07p(1-p),0.063948,-0.017948,0.0,0.0,scheduled,2026-07-25T05:10:38.361236+00:00,,"scheduled run; SHADOW — observational, not a recommendation; degraded inputs: AVAILABILITY_COMPLETE,GOALKEEPER_CONFIRMED,LINEUP_CONFIRMED,PLAYER_DATA_FRESH"
2026-07-25-0917,mls,D.C. United v Toronto FC,2026-07-25T23:30Z,KXMLSTOTAL-26JUL25DCUTOR-2,Over 1.5 goals scored,over_1_5,0.7548,0.76,,1.3158,0.012768,kalshi_0.07p(1-p),0.772768,-0.017968,0.0,0.0,scheduled,2026-07-25T05:10:38.361236+00:00,,"scheduled run; SHADOW — observational, not a recommendation; degraded inputs: AVAILABILITY_COMPLETE,GOALKEEPER_CONFIRMED,LINEUP_CONFIRMED,PLAYER_DATA_FRESH"
2026-07-25-0917,mls,St. Louis CITY SC v Colorado Rapids,2026-07-26T00:30Z,KXMLSSCORE-26JUL25STLCOL-STL1COL1,Draw 1-1,score_1_1,0.1093,0.12,,8.3333,0.007392,kalshi_0.07p(1-p),0.127392,-0.018092,0.0,0.0,scheduled,2026-07-25T05:10:38.524779+00:00,,"scheduled run; SHADOW — observational, not a recommendation; degraded inputs: AVAILABILITY_COMPLETE,GOALKEEPER_CONFIRMED,LINEUP_CONFIRMED,PLAYER_DATA_FRESH"
2026-07-25-0917,mls,New York City FC v Chicago Fire FC,2026-07-25T23:30Z,KXMLSSCORE-26JUL25NYCCHI-NYC2CHI1,New York City FC wins 2-1,score_2_1,0.0776,0.09,,11.1111,0.005733,kalshi_0.07p(1-p),0.095733,-0.018133,0.0,0.0,scheduled,2026-07-25T05:10:38.904218+00:00,,"scheduled run; SHADOW — observational, not a recommendation; degraded inputs: AVAILABILITY_COMPLETE,GOALKEEPER_CONFIRMED,LINEUP_CONFIRMED,PLAYER_DATA_FRESH"
2026-07-25-0917,mls,Portland Timbers v Real Salt Lake,2026-07-26T02:30Z,KXMLSSPREAD-26JUL25PORRSL-RSL3,Salt Lake wins by more than 2.5 goals,away_margin_3,0.067,0.08,,12.5,0.005152,kalshi_0.07p(1-p),0.085152,-0.018152,0.0,0.0,scheduled,2026-07-25T05:10:39.267924+00:00,,"scheduled run; SHADOW — observational, not a recommendation; degraded inputs: AVAILABILITY_COMPLETE,GOALKEEPER_CONFIRMED,LINEUP_CONFIRMED,PLAYER_DATA_FRESH"
2026-07-25-0917,mls,Minnesota United FC v Vancouver Whitecaps,2026-07-26T00:30Z,KXMLSSCORE-26JUL25MINVAN-MIN1VAN1,Draw 1-1,score_1_1,0.0987,0.11,,9.0909,0.006853,kalshi_0.07p(1-p),0.116853,-0.018153,0.0,0.0,scheduled,2026-07-25T05:10:37.982667+00:00,,"scheduled run; SHADOW — observational, not a recommendation; degraded inputs: AVAILABILITY_COMPLETE,GOALKEEPER_CONFIRMED,LINEUP_CONFIRMED,PLAYER_DATA_FRESH"
2026-07-25-0917,mls,San Diego FC v FC Dallas,2026-07-26T01:30Z,KXMLSSPREAD-26JUL25SDDAL-SD3,San Diego FC wins by more than 2.5 goals,home_margin_3,0.0881,0.1,,10.0,0.0063,kalshi_0.07p(1-p),0.1063,-0.0182,0.0,0.0,scheduled,2026-07-25T05:10:38.072983+00:00,,"scheduled run; SHADOW — observational, not a recommendation; degraded inputs: AVAILABILITY_COMPLETE,GOALKEEPER_CONFIRMED,LINEUP_CONFIRMED,PLAYER_DATA_FRESH"
2026-07-25-0917,mls,Minnesota United FC v Vancouver Whitecaps,2026-07-26T00:30Z,KXMLSSCORE-26JUL25MINVAN-MIN2VAN2,Draw 2-2,score_2_2,0.0669,0.08,,12.5,0.005152,kalshi_0.07p(1-p),0.085152,-0.018252,0.0,0.0,scheduled,2026-07-25T05:10:37.982667+00:00,,"scheduled run; SHADOW — observational, not a recommendation; degraded inputs: AVAILABILITY_COMPLETE,GOALKEEPER_CONFIRMED,LINEUP_CONFIRMED,PLAYER_DATA_FRESH"
2026-07-25-0917,mls,Red Bull New York v Charlotte FC,2026-07-25T22:30Z,KXMLSSCORE-26JUL25NYRBCLT-NYRB1CLT0,New York Red Bulls wins 1-0,score_1_0,0.0563,0.07,,14.2857,0.004557,kalshi_0.07p(1-p),0.074557,-0.018257,0.0,0.0,scheduled,2026-07-25T05:10:39.188457+00:00,,"scheduled run; SHADOW — observational, not a recommendation; degraded inputs: AVAILABILITY_COMPLETE,GOALKEEPER_CONFIRMED,LINEUP_CONFIRMED,PLAYER_DATA_FRESH"
2026-07-25-0917,mls,Columbus Crew v FC Cincinnati,2026-07-25T23:15Z,KXMLSSCORE-26JUL25CLBCIN-CLB2CIN0,Columbus Crew wins 2-0,score_2_0,0.0558,0.07,,14.2857,0.004557,kalshi_0.07p(1-p),0.074557,-0.018757,0.0,0.0,scheduled,2026-07-25T05:10:38.226744+00:00,,"scheduled run; SHADOW — observational, not a recommendation; degraded inputs: AVAILABILITY_COMPLETE,GOALKEEPER_CONFIRMED,LINEUP_CONFIRMED,PLAYER_DATA_FRESH"
2026-07-25-0917,mls,San Jose Earthquakes v LA Galaxy,2026-07-26T02:30Z,KXMLSSCORE-26JUL25SJLAG-SJ0LAG0,Draw 0-0,score_0_0,0.0342,0.05,,20.0,0.003325,kalshi_0.07p(1-p),0.053325,-0.019125,0.0,0.0,scheduled,2026-07-25T05:10:39.454779+00:00,,"scheduled run; SHADOW — observational, not a recommendation; degraded inputs: AVAILABILITY_COMPLETE,GOALKEEPER_CONFIRMED,LINEUP_CONFIRMED,PLAYER_DATA_FRESH"
2026-07-25-0917,mls,Portland Timbers v Real Salt Lake,2026-07-26T02:30Z,KXMLSTEAMTOTAL-26JUL25PORRSL-POR2,Portland over 1.5 goals,home_team_over_1_5,0.5481,0.55,,1.8182,0.017325,kalshi_0.07p(1-p),0.567325,-0.019225,0.0,0.0,scheduled,2026-07-25T05:10:39.267924+00:00,,"scheduled run; SHADOW — observational, not a recommendation; degraded inputs: AVAILABILITY_COMPLETE,GOALKEEPER_CONFIRMED,LINEUP_CONFIRMED,PLAYER_DATA_FRESH"
2026-07-25-0917,mls,San Jose Earthquakes v LA Galaxy,2026-07-26T02:30Z,KXMLSSCORE-26JUL25SJLAG-SJ1LAG2,Los Angeles Galaxy wins 2-1,score_1_2,0.0659,0.08,,12.5,0.005152,kalshi_0.07p(1-p),0.085152,-0.019252,0.0,0.0,scheduled,2026-07-25T05:10:39.454779+00:00,,"scheduled run; SHADOW — observational, not a recommendation; degraded inputs: AVAILABILITY_COMPLETE,GOALKEEPER_CONFIRMED,LINEUP_CONFIRMED,PLAYER_DATA_FRESH"
2026-07-25-0917,mls,Houston Dynamo FC v Austin FC,2026-07-26T00:30Z,KXMLSTOTAL-26JUL25HOUATX-2,Over 1.5 goals scored,over_1_5,0.7727,0.78,,1.2821,0.012012,kalshi_0.07p(1-p),0.792012,-0.019312,0.0,0.0,scheduled,2026-07-25T05:10:38.713342+00:00,,"scheduled run; SHADOW — observational, not a recommendation; degraded inputs: AVAILABILITY_COMPLETE,GOALKEEPER_CONFIRMED,LINEUP_CONFIRMED,PLAYER_DATA_FRESH"
2026-07-25-0917,mls,St. Louis CITY SC v Colorado Rapids,2026-07-26T00:30Z,KXMLSTOTAL-26JUL25STLCOL-6,Over 5.5 goals scored,over_5_5,0.0764,0.09,,11.1111,0.005733,kalshi_0.07p(1-p),0.095733,-0.019333,0.0,0.0,scheduled,2026-07-25T05:10:38.524779+00:00,,"scheduled run; SHADOW — observational, not a recommendation; degraded inputs: AVAILABILITY_COMPLETE,GOALKEEPER_CONFIRMED,LINEUP_CONFIRMED,PLAYER_DATA_FRESH"
2026-07-25-0917,mls,New England Revolution v Atlanta United FC,2026-07-25T23:30Z,KXMLSTEAMTOTAL-26JUL25NEATL-NE1,New England over 0.5 goals,home_team_over_0_5,0.83,0.84,,1.1905,0.009408,kalshi_0.07p(1-p),0.849408,-0.019408,0.0,0.0,scheduled,2026-07-25T05:10:38.835806+00:00,,"scheduled run; SHADOW — observational, not a recommendation; degraded inputs: AVAILABILITY_COMPLETE,GOALKEEPER_CONFIRMED,LINEUP_CONFIRMED,PLAYER_DATA_FRESH"
2026-07-25-0917,mls,D.C. United v Toronto FC,2026-07-25T23:30Z,KXMLSSCORE-26JUL25DCUTOR-DCU2TOR0,DC United wins 2-0,score_2_0,0.0763,0.09,,11.1111,0.005733,kalshi_0.07p(1-p),0.095733,-0.019433,0.0,0.0,scheduled,2026-07-25T05:10:38.361236+00:00,,"scheduled run; SHADOW — observational, not a recommendation; degraded inputs: AVAILABILITY_COMPLETE,GOALKEEPER_CONFIRMED,LINEUP_CONFIRMED,PLAYER_DATA_FRESH"
2026-07-25-0917,mls,New England Revolution v Atlanta United FC,2026-07-25T23:30Z,KXMLSGAME-26JUL25NEATL-TIE,Tie,draw,0.254,0.26,0.256281,3.8462,0.013468,kalshi_0.07p(1-p),0.273468,-0.019468,0.0,0.0,scheduled,2026-07-25T05:10:38.835806+00:00,,"scheduled run; SHADOW — observational, not a recommendation; bid/ask midpoints, overround 0.9950; degraded inputs: AVAILABILITY_COMPLETE,GOALKEEPER_CONFIRMED,LINEUP_CONFIRMED,PLAYER_DATA_FRESH"
2026-07-25-0917,mls,San Diego FC v FC Dallas,2026-07-26T01:30Z,KXMLSBTTS-26JUL25SDDAL-BTTS,Both Teams To Score,btts,0.6952,0.7,,1.4286,0.0147,kalshi_0.07p(1-p),0.7147,-0.0195,0.0,0.0,scheduled,2026-07-25T05:10:38.072983+00:00,,"scheduled run; SHADOW — observational, not a recommendation; degraded inputs: AVAILABILITY_COMPLETE,GOALKEEPER_CONFIRMED,LINEUP_CONFIRMED,PLAYER_DATA_FRESH"
2026-07-25-0917,mls,Philadelphia Union v Seattle Sounders FC,2026-07-25T23:30Z,KXMLSSCORE-26JUL25PHISEA-PHI0SEA1,Seattle Sounders wins 1-0,score_0_1,0.0548,0.07,,14.2857,0.004557,kalshi_0.07p(1-p),0.074557,-0.019757,0.0,0.0,scheduled,2026-07-25T05:10:39.384180+00:00,,"scheduled run; SHADOW — observational, not a recommendation; degraded inputs: AVAILABILITY_COMPLETE,GOALKEEPER_CONFIRMED,LINEUP_CONFIRMED,PLAYER_DATA_FRESH"
2026-07-25-0917,mls,New England Revolution v Atlanta United FC,2026-07-25T23:30Z,KXMLSSCORE-26JUL25NEATL-NE2ATL0,New England Revolution wins 2-0,score_2_0,0.0653,0.08,,12.5,0.005152,kalshi_0.07p(1-p),0.085152,-0.019852,0.0,0.0,scheduled,2026-07-25T05:10:38.835806+00:00,,"scheduled run; SHADOW — observational, not a recommendation; degraded inputs: AVAILABILITY_COMPLETE,GOALKEEPER_CONFIRMED,LINEUP_CONFIRMED,PLAYER_DATA_FRESH"
2026-07-25-0917,mls,Columbus Crew v FC Cincinnati,2026-07-25T23:15Z,KXMLSSCORE-26JUL25CLBCIN-CLB2CIN2,Draw 2-2,score_2_2,0.065,0.08,,12.5,0.005152,kalshi_0.07p(1-p),0.085152,-0.020152,0.0,0.0,scheduled,2026-07-25T05:10:38.226744+00:00,,"scheduled run; SHADOW — observational, not a recommendation; degraded inputs: AVAILABILITY_COMPLETE,GOALKEEPER_CONFIRMED,LINEUP_CONFIRMED,PLAYER_DATA_FRESH"
2026-07-25-0917,mls,St. Louis CITY SC v Colorado Rapids,2026-07-26T00:30Z,KXMLSSPREAD-26JUL25STLCOL-COL3,Colorado wins by more than 2.5 goals,away_margin_3,0.0331,0.05,,20.0,0.003325,kalshi_0.07p(1-p),0.053325,-0.020225,0.0,0.0,scheduled,2026-07-25T05:10:38.524779+00:00,,"scheduled run; SHADOW — observational, not a recommendation; degraded inputs: AVAILABILITY_COMPLETE,GOALKEEPER_CONFIRMED,LINEUP_CONFIRMED,PLAYER_DATA_FRESH"
2026-07-25-0917,mls,Red Bull New York v Charlotte FC,2026-07-25T22:30Z,KXMLSTEAMTOTAL-26JUL25NYRBCLT-CLT1,Charlotte over 0.5 goals,away_team_over_0_5,0.8003,0.81,,1.2346,0.010773,kalshi_0.07p(1-p),0.820773,-0.020473,0.0,0.0,scheduled,2026-07-25T05:10:39.188457+00:00,,"scheduled run; SHADOW — observational, not a recommendation; wide spread 5c; degraded inputs: AVAILABILITY_COMPLETE,GOALKEEPER_CONFIRMED,LINEUP_CONFIRMED,PLAYER_DATA_FRESH"
2026-07-25-0917,mls,Red Bull New York v Charlotte FC,2026-07-25T22:30Z,KXMLSGAME-26JUL25NYRBCLT-TIE,Tie,draw,0.2426,0.25,0.243781,4.0,0.013125,kalshi_0.07p(1-p),0.263125,-0.020525,0.0,0.0,scheduled,2026-07-25T05:10:39.188457+00:00,,"scheduled run; SHADOW — observational, not a recommendation; bid/ask midpoints, overround 1.0050; degraded inputs: AVAILABILITY_COMPLETE,GOALKEEPER_CONFIRMED,LINEUP_CONFIRMED,PLAYER_DATA_FRESH"
2026-07-25-0917,mls,Portland Timbers v Real Salt Lake,2026-07-26T02:30Z,KXMLSTEAMTOTAL-26JUL25PORRSL-POR1,Portland over 0.5 goals,home_team_over_0_5,0.8384,0.85,,1.1765,0.008925,kalshi_0.07p(1-p),0.858925,-0.020525,0.0,0.0,scheduled,2026-07-25T05:10:39.267924+00:00,,"scheduled run; SHADOW — observational, not a recommendation; degraded inputs: AVAILABILITY_COMPLETE,GOALKEEPER_CONFIRMED,LINEUP_CONFIRMED,PLAYER_DATA_FRESH"
2026-07-25-0917,mls,San Jose Earthquakes v LA Galaxy,2026-07-26T02:30Z,KXMLSSCORE-26JUL25SJLAG-SJ2LAG2,Draw 2-2,score_2_2,0.0646,0.08,,12.5,0.005152,kalshi_0.07p(1-p),0.085152,-0.020552,0.0,0.0,scheduled,2026-07-25T05:10:39.454779+00:00,,"scheduled run; SHADOW — observational, not a recommendation; degraded inputs: AVAILABILITY_COMPLETE,GOALKEEPER_CONFIRMED,LINEUP_CONFIRMED,PLAYER_DATA_FRESH"
2026-07-25-0917,mls,D.C. United v Toronto FC,2026-07-25T23:30Z,KXMLSSCORE-26JUL25DCUTOR-DCU2TOR1,DC United wins 2-1,score_2_1,0.0857,0.1,,10.0,0.0063,kalshi_0.07p(1-p),0.1063,-0.0206,0.0,0.0,scheduled,2026-07-25T05:10:38.361236+00:00,,"scheduled run; SHADOW — observational, not a recommendation; degraded inputs: AVAILABILITY_COMPLETE,GOALKEEPER_CONFIRMED,LINEUP_CONFIRMED,PLAYER_DATA_FRESH"
2026-07-25-0917,mls,Red Bull New York v Charlotte FC,2026-07-25T22:30Z,KXMLSSCORE-26JUL25NYRBCLT-NYRB2CLT1,New York Red Bulls wins 2-1,score_2_1,0.0857,0.1,,10.0,0.0063,kalshi_0.07p(1-p),0.1063,-0.0206,0.0,0.0,scheduled,2026-07-25T05:10:39.188457+00:00,,"scheduled run; SHADOW — observational, not a recommendation; degraded inputs: AVAILABILITY_COMPLETE,GOALKEEPER_CONFIRMED,LINEUP_CONFIRMED,PLAYER_DATA_FRESH"
2026-07-25-0917,mls,St. Louis CITY SC v Colorado Rapids,2026-07-26T00:30Z,KXMLSSCORE-26JUL25STLCOL-STL1COL2,Colorado Rapids wins 2-1,score_1_2,0.0645,0.08,,12.5,0.005152,kalshi_0.07p(1-p),0.085152,-0.020652,0.0,0.0,scheduled,2026-07-25T05:10:38.524779+00:00,,"scheduled run; SHADOW — observational, not a recommendation; degraded inputs: AVAILABILITY_COMPLETE,GOALKEEPER_CONFIRMED,LINEUP_CONFIRMED,PLAYER_DATA_FRESH"
2026-07-25-0917,mls,Philadelphia Union v Seattle Sounders FC,2026-07-25T23:30Z,KXMLSSCORE-26JUL25PHISEA-PHI2SEA2,Draw 2-2,score_2_2,0.0638,0.08,,12.5,0.005152,kalshi_0.07p(1-p),0.085152,-0.021352,0.0,0.0,scheduled,2026-07-25T05:10:39.384180+00:00,,"scheduled run; SHADOW — observational, not a recommendation; degraded inputs: AVAILABILITY_COMPLETE,GOALKEEPER_CONFIRMED,LINEUP_CONFIRMED,PLAYER_DATA_FRESH"
2026-07-25-0917,mls,Houston Dynamo FC v Austin FC,2026-07-26T00:30Z,KXMLSSCORE-26JUL25HOUATX-HOU3ATX0,Houston Dynamo wins 3-0,score_3_0,0.0532,0.07,,14.2857,0.004557,kalshi_0.07p(1-p),0.074557,-0.021357,0.0,0.0,scheduled,2026-07-25T05:10:38.713342+00:00,,"scheduled run; SHADOW — observational, not a recommendation; degraded inputs: AVAILABILITY_COMPLETE,GOALKEEPER_CONFIRMED,LINEUP_CONFIRMED,PLAYER_DATA_FRESH"
2026-07-25-0917,mls,D.C. United v Toronto FC,2026-07-25T23:30Z,KXMLSSCORE-26JUL25DCUTOR-DCU2TOR2,Draw 2-2,score_2_2,0.0531,0.07,,14.2857,0.004557,kalshi_0.07p(1-p),0.074557,-0.021457,0.0,0.0,scheduled,2026-07-25T05:10:38.361236+00:00,,"scheduled run; SHADOW — observational, not a recommendation; degraded inputs: AVAILABILITY_COMPLETE,GOALKEEPER_CONFIRMED,LINEUP_CONFIRMED,PLAYER_DATA_FRESH"
2026-07-25-0917,mls,Portland Timbers v Real Salt Lake,2026-07-26T02:30Z,KXMLSFTTS-26JUL25PORRSL-NONE,No Goal,no_goal,0.0316,0.05,,20.0,0.003325,kalshi_0.07p(1-p),0.053325,-0.021725,0.0,0.0,scheduled,2026-07-25T05:10:39.267924+00:00,,"scheduled run; SHADOW — observational, not a recommendation; degraded inputs: AVAILABILITY_COMPLETE,GOALKEEPER_CONFIRMED,LINEUP_CONFIRMED,PLAYER_DATA_FRESH"
2026-07-25-0917,mls,Orlando City SC v Nashville SC,2026-07-25T23:30Z,KXMLSTEAMTOTAL-26JUL25ORLNSH-ORL1,Orlando over 0.5 goals,home_team_over_0_5,0.7893,0.8,,1.25,0.0112,kalshi_0.07p(1-p),0.8112,-0.0219,0.0,0.0,scheduled,2026-07-25T05:10:38.980692+00:00,,"scheduled run; SHADOW — observational, not a recommendation; wide spread 5c; degraded inputs: AVAILABILITY_COMPLETE,GOALKEEPER_CONFIRMED,LINEUP_CONFIRMED,PLAYER_DATA_FRESH"
2026-07-25-0917,mls,D.C. United v Toronto FC,2026-07-25T23:30Z,KXMLSFTTS-26JUL25DCUTOR-NONE,No Goal,no_goal,0.063,0.08,,12.5,0.005152,kalshi_0.07p(1-p),0.085152,-0.022152,0.0,0.0,scheduled,2026-07-25T05:10:38.361236+00:00,,"scheduled run; SHADOW — observational, not a recommendation; degraded inputs: AVAILABILITY_COMPLETE,GOALKEEPER_CONFIRMED,LINEUP_CONFIRMED,PLAYER_DATA_FRESH"
2026-07-25-0917,mls,New England Revolution v Atlanta United FC,2026-07-25T23:30Z,KXMLSSCORE-26JUL25NEATL-NE2ATL1,New England Revolution wins 2-1,score_2_1,0.0946,0.11,,9.0909,0.006853,kalshi_0.07p(1-p),0.116853,-0.022253,0.0,0.0,scheduled,2026-07-25T05:10:38.835806+00:00,,"scheduled run; SHADOW — observational, not a recommendation; degraded inputs: AVAILABILITY_COMPLETE,GOALKEEPER_CONFIRMED,LINEUP_CONFIRMED,PLAYER_DATA_FRESH"
2026-07-25-0917,mls,New York City FC v Chicago Fire FC,2026-07-25T23:30Z,KXMLSGAME-26JUL25NYCCHI-CHI,Chicago Fire,away_win,0.364,0.37,0.366834,2.7027,0.016317,kalshi_0.07p(1-p),0.386317,-0.022317,0.0,0.0,scheduled,2026-07-25T05:10:38.904218+00:00,,"scheduled run; SHADOW — observational, not a recommendation; bid/ask midpoints, overround 0.9950; degraded inputs: AVAILABILITY_COMPLETE,GOALKEEPER_CONFIRMED,LINEUP_CONFIRMED,PLAYER_DATA_FRESH"
2026-07-25-0917,mls,CF Montréal v Inter Miami CF,2026-07-25T23:30Z,KXMLSSCORE-26JUL25MTLMIA-MTL0MIA1,Inter Miami CF wins 1-0,score_0_1,0.0416,0.06,,16.6667,0.003948,kalshi_0.07p(1-p),0.063948,-0.022348,0.0,0.0,scheduled,2026-07-25T05:10:38.293629+00:00,,"scheduled run; SHADOW — observational, not a recommendation; degraded inputs: AVAILABILITY_COMPLETE,GOALKEEPER_CONFIRMED,LINEUP_CONFIRMED,PLAYER_DATA_FRESH"
2026-07-25-0917,mls,San Jose Earthquakes v LA Galaxy,2026-07-26T02:30Z,KXMLSTOTAL-26JUL25SJLAG-2,Over 1.5 goals scored,over_1_5,0.8555,0.87,,1.1494,0.007917,kalshi_0.07p(1-p),0.877917,-0.022417,0.0,0.0,scheduled,2026-07-25T05:10:39.454779+00:00,,"scheduled run; SHADOW — observational, not a recommendation; degraded inputs: AVAILABILITY_COMPLETE,GOALKEEPER_CONFIRMED,LINEUP_CONFIRMED,PLAYER_DATA_FRESH"
2026-07-25-0917,mls,San Jose Earthquakes v LA Galaxy,2026-07-26T02:30Z,KXMLSTOTAL-26JUL25SJLAG-6,Over 5.5 goals scored,over_5_5,0.126,0.14,,7.1429,0.008428,kalshi_0.07p(1-p),0.148428,-0.022428,0.0,0.0,scheduled,2026-07-25T05:10:39.454779+00:00,,"scheduled run; SHADOW — observational, not a recommendation; degraded inputs: AVAILABILITY_COMPLETE,GOALKEEPER_CONFIRMED,LINEUP_CONFIRMED,PLAYER_DATA_FRESH"
2026-07-25-0917,mls,Red Bull New York v Charlotte FC,2026-07-25T22:30Z,KXMLSSCORE-26JUL25NYRBCLT-NYRB3CLT2,New York Red Bulls wins 3-2,score_3_2,0.0414,0.06,,16.6667,0.003948,kalshi_0.07p(1-p),0.063948,-0.022548,0.0,0.0,scheduled,2026-07-25T05:10:39.188457+00:00,,"scheduled run; SHADOW — observational, not a recommendation; degraded inputs: AVAILABILITY_COMPLETE,GOALKEEPER_CONFIRMED,LINEUP_CONFIRMED,PLAYER_DATA_FRESH"
2026-07-25-0917,mls,CF Montréal v Inter Miami CF,2026-07-25T23:30Z,KXMLSSCORE-26JUL25MTLMIA-MTL1MIA2,Inter Miami CF wins 2-1,score_1_2,0.0837,0.1,,10.0,0.0063,kalshi_0.07p(1-p),0.1063,-0.0226,0.0,0.0,scheduled,2026-07-25T05:10:38.293629+00:00,,"scheduled run; SHADOW — observational, not a recommendation; degraded inputs: AVAILABILITY_COMPLETE,GOALKEEPER_CONFIRMED,LINEUP_CONFIRMED,PLAYER_DATA_FRESH"
2026-07-25-0917,mls,Minnesota United FC v Vancouver Whitecaps,2026-07-26T00:30Z,KXMLSSCORE-26JUL25MINVAN-MIN0VAN0,Draw 0-0,score_0_0,0.0413,0.06,,16.6667,0.003948,kalshi_0.07p(1-p),0.063948,-0.022648,0.0,0.0,scheduled,2026-07-25T05:10:37.982667+00:00,,"scheduled run; SHADOW — observational, not a recommendation; degraded inputs: AVAILABILITY_COMPLETE,GOALKEEPER_CONFIRMED,LINEUP_CONFIRMED,PLAYER_DATA_FRESH"
2026-07-25-0917,mls,San Jose Earthquakes v LA Galaxy,2026-07-26T02:30Z,KXMLSSCORE-26JUL25SJLAG-SJ1LAG1,Draw 1-1,score_1_1,0.0941,0.11,,9.0909,0.006853,kalshi_0.07p(1-p),0.116853,-0.022753,0.0,0.0,scheduled,2026-07-25T05:10:39.454779+00:00,,"scheduled run; SHADOW — observational, not a recommendation; degraded inputs: AVAILABILITY_COMPLETE,GOALKEEPER_CONFIRMED,LINEUP_CONFIRMED,PLAYER_DATA_FRESH"
2026-07-25-0917,mls,Orlando City SC v Nashville SC,2026-07-25T23:30Z,KXMLSSPREAD-26JUL25ORLNSH-NSH2,Nashville wins by more than 1.5 goals,away_margin_2,0.2196,0.23,,4.3478,0.012397,kalshi_0.07p(1-p),0.242397,-0.022797,0.0,0.0,scheduled,2026-07-25T05:10:38.980692+00:00,,"scheduled run; SHADOW — observational, not a recommendation; degraded inputs: AVAILABILITY_COMPLETE,GOALKEEPER_CONFIRMED,LINEUP_CONFIRMED,PLAYER_DATA_FRESH"
2026-07-25-0917,mls,Red Bull New York v Charlotte FC,2026-07-25T22:30Z,KXMLSTEAMTOTAL-26JUL25NYRBCLT-NYRB2,New York RB over 1.5 goals,home_team_over_1_5,0.5443,0.55,,1.8182,0.017325,kalshi_0.07p(1-p),0.567325,-0.023025,0.0,0.0,scheduled,2026-07-25T05:10:39.188457+00:00,,"scheduled run; SHADOW — observational, not a recommendation; degraded inputs: AVAILABILITY_COMPLETE,GOALKEEPER_CONFIRMED,LINEUP_CONFIRMED,PLAYER_DATA_FRESH"
2026-07-25-0917,mls,New York City FC v Chicago Fire FC,2026-07-25T23:30Z,KXMLSSCORE-26JUL25NYCCHI-NYC1CHI0,New York City FC wins 1-0,score_1_0,0.0621,0.08,,12.5,0.005152,kalshi_0.07p(1-p),0.085152,-0.023052,0.0,0.0,scheduled,2026-07-25T05:10:38.904218+00:00,,"scheduled run; SHADOW — observational, not a recommendation; degraded inputs: AVAILABILITY_COMPLETE,GOALKEEPER_CONFIRMED,LINEUP_CONFIRMED,PLAYER_DATA_FRESH"
2026-07-25-0917,mls,St. Louis CITY SC v Colorado Rapids,2026-07-26T00:30Z,KXMLSSCORE-26JUL25STLCOL-STL2COL1,Saint Louis City SC wins 2-1,score_2_1,0.0938,0.11,,9.0909,0.006853,kalshi_0.07p(1-p),0.116853,-0.023053,0.0,0.0,scheduled,2026-07-25T05:10:38.524779+00:00,,"scheduled run; SHADOW — observational, not a recommendation; degraded inputs: AVAILABILITY_COMPLETE,GOALKEEPER_CONFIRMED,LINEUP_CONFIRMED,PLAYER_DATA_FRESH"
2026-07-25-0917,mls,D.C. United v Toronto FC,2026-07-25T23:30Z,KXMLSSCORE-26JUL25DCUTOR-DCU1TOR2,Toronto FC wins 2-1,score_1_2,0.0726,0.09,,11.1111,0.005733,kalshi_0.07p(1-p),0.095733,-0.023133,0.0,0.0,scheduled,2026-07-25T05:10:38.361236+00:00,,"scheduled run; SHADOW — observational, not a recommendation; degraded inputs: AVAILABILITY_COMPLETE,GOALKEEPER_CONFIRMED,LINEUP_CONFIRMED,PLAYER_DATA_FRESH"
2026-07-25-0917,mls,Red Bull New York v Charlotte FC,2026-07-25T22:30Z,KXMLSSCORE-26JUL25NYRBCLT-NYRB1CLT3,Charlotte FC wins 3-1,score_1_3,0.0407,0.06,,16.6667,0.003948,kalshi_0.07p(1-p),0.063948,-0.023248,0.0,0.0,scheduled,2026-07-25T05:10:39.188457+00:00,,"scheduled run; SHADOW — observational, not a recommendation; degraded inputs: AVAILABILITY_COMPLETE,GOALKEEPER_CONFIRMED,LINEUP_CONFIRMED,PLAYER_DATA_FRESH"
2026-07-25-0917,mls,Minnesota United FC v Vancouver Whitecaps,2026-07-26T00:30Z,KXMLSSCORE-26JUL25MINVAN-MIN1VAN3,Vancouver Whitecaps FC wins 3-1,score_1_3,0.0513,0.07,,14.2857,0.004557,kalshi_0.07p(1-p),0.074557,-0.023257,0.0,0.0,scheduled,2026-07-25T05:10:37.982667+00:00,,"scheduled run; SHADOW — observational, not a recommendation; degraded inputs: AVAILABILITY_COMPLETE,GOALKEEPER_CONFIRMED,LINEUP_CONFIRMED,PLAYER_DATA_FRESH"
2026-07-25-0917,mls,Columbus Crew v FC Cincinnati,2026-07-25T23:15Z,KXMLSBTTS-26JUL25CLBCIN-BTTS,Both Teams To Score,btts,0.6817,0.69,,1.4493,0.014973,kalshi_0.07p(1-p),0.704973,-0.023273,0.0,0.0,scheduled,2026-07-25T05:10:38.226744+00:00,,"scheduled run; SHADOW — observational, not a recommendation; degraded inputs: AVAILABILITY_COMPLETE,GOALKEEPER_CONFIRMED,LINEUP_CONFIRMED,PLAYER_DATA_FRESH"
2026-07-25-0917,mls,CF Montréal v Inter Miami CF,2026-07-25T23:30Z,KXMLSSCORE-26JUL25MTLMIA-MTL0MIA2,Inter Miami CF wins 2-0,score_0_2,0.0405,0.06,,16.6667,0.003948,kalshi_0.07p(1-p),0.063948,-0.023448,0.0,0.0,scheduled,2026-07-25T05:10:38.293629+00:00,,"scheduled run; SHADOW — observational, not a recommendation; degraded inputs: AVAILABILITY_COMPLETE,GOALKEEPER_CONFIRMED,LINEUP_CONFIRMED,PLAYER_DATA_FRESH"
2026-07-25-0917,mls,Houston Dynamo FC v Austin FC,2026-07-26T00:30Z,KXMLSSCORE-26JUL25HOUATX-HOU2ATX1,Houston Dynamo wins 2-1,score_2_1,0.093,0.11,,9.0909,0.006853,kalshi_0.07p(1-p),0.116853,-0.023853,0.0,0.0,scheduled,2026-07-25T05:10:38.713342+00:00,,"scheduled run; SHADOW — observational, not a recommendation; degraded inputs: AVAILABILITY_COMPLETE,GOALKEEPER_CONFIRMED,LINEUP_CONFIRMED,PLAYER_DATA_FRESH"
2026-07-25-0917,mls,Orlando City SC v Nashville SC,2026-07-25T23:30Z,KXMLSSCORE-26JUL25ORLNSH-ORL0NSH1,Nashville SC wins 1-0,score_0_1,0.0611,0.08,,12.5,0.005152,kalshi_0.07p(1-p),0.085152,-0.024052,0.0,0.0,scheduled,2026-07-25T05:10:38.980692+00:00,,"scheduled run; SHADOW — observational, not a recommendation; degraded inputs: AVAILABILITY_COMPLETE,GOALKEEPER_CONFIRMED,LINEUP_CONFIRMED,PLAYER_DATA_FRESH"
2026-07-25-0917,mls,CF Montréal v Inter Miami CF,2026-07-25T23:30Z,KXMLSSPREAD-26JUL25MTLMIA-MIA3,Miami wins by more than 2.5 goals,away_margin_3,0.1032,0.12,,8.3333,0.007392,kalshi_0.07p(1-p),0.127392,-0.024192,0.0,0.0,scheduled,2026-07-25T05:10:38.293629+00:00,,"scheduled run; SHADOW — observational, not a recommendation; degraded inputs: AVAILABILITY_COMPLETE,GOALKEEPER_CONFIRMED,LINEUP_CONFIRMED,PLAYER_DATA_FRESH"
2026-07-25-0917,mls,Portland Timbers v Real Salt Lake,2026-07-26T02:30Z,KXMLSSPREAD-26JUL25PORRSL-RSL2,Salt Lake wins by more than 1.5 goals,away_margin_2,0.1661,0.18,,5.5556,0.010332,kalshi_0.07p(1-p),0.190332,-0.024232,0.0,0.0,scheduled,2026-07-25T05:10:39.267924+00:00,,"scheduled run; SHADOW — observational, not a recommendation; degraded inputs: AVAILABILITY_COMPLETE,GOALKEEPER_CONFIRMED,LINEUP_CONFIRMED,PLAYER_DATA_FRESH"
2026-07-25-0917,mls,New England Revolution v Atlanta United FC,2026-07-25T23:30Z,KXMLSSCORE-26JUL25NEATL-NE0ATL1,Atlanta United FC wins 1-0,score_0_1,0.0607,0.08,,12.5,0.005152,kalshi_0.07p(1-p),0.085152,-0.024452,0.0,0.0,scheduled,2026-07-25T05:10:38.835806+00:00,,"scheduled run; SHADOW — observational, not a recommendation; degraded inputs: AVAILABILITY_COMPLETE,GOALKEEPER_CONFIRMED,LINEUP_CONFIRMED,PLAYER_DATA_FRESH"
2026-07-25-0917,mls,Portland Timbers v Real Salt Lake,2026-07-26T02:30Z,KXMLSTOTAL-26JUL25PORRSL-3,Over 2.5 goals scored,over_2_5,0.6707,0.68,,1.4706,0.015232,kalshi_0.07p(1-p),0.695232,-0.024532,0.0,0.0,scheduled,2026-07-25T05:10:39.267924+00:00,,"scheduled run; SHADOW — observational, not a recommendation; degraded inputs: AVAILABILITY_COMPLETE,GOALKEEPER_CONFIRMED,LINEUP_CONFIRMED,PLAYER_DATA_FRESH"
2026-07-25-0917,mls,St. Louis CITY SC v Colorado Rapids,2026-07-26T00:30Z,KXMLSSPREAD-26JUL25STLCOL-COL2,Colorado wins by more than 1.5 goals,away_margin_2,0.1028,0.12,,8.3333,0.007392,kalshi_0.07p(1-p),0.127392,-0.024592,0.0,0.0,scheduled,2026-07-25T05:10:38.524779+00:00,,"scheduled run; SHADOW — observational, not a recommendation; degraded inputs: AVAILABILITY_COMPLETE,GOALKEEPER_CONFIRMED,LINEUP_CONFIRMED,PLAYER_DATA_FRESH"
2026-07-25-0917,mls,New York City FC v Chicago Fire FC,2026-07-25T23:30Z,KXMLSSCORE-26JUL25NYCCHI-NYC1CHI2,Chicago Fire wins 2-1,score_1_2,0.0813,0.1,,10.0,0.0063,kalshi_0.07p(1-p),0.1063,-0.025,0.0,0.0,scheduled,2026-07-25T05:10:38.904218+00:00,,"scheduled run; SHADOW — observational, not a recommendation; degraded inputs: AVAILABILITY_COMPLETE,GOALKEEPER_CONFIRMED,LINEUP_CONFIRMED,PLAYER_DATA_FRESH"
2026-07-25-0917,mls,Houston Dynamo FC v Austin FC,2026-07-26T00:30Z,KXMLSSCORE-26JUL25HOUATX-HOU2ATX0,Houston Dynamo wins 2-0,score_2_0,0.0914,0.11,,9.0909,0.006853,kalshi_0.07p(1-p),0.116853,-0.025453,0.0,0.0,scheduled,2026-07-25T05:10:38.713342+00:00,,"scheduled run; SHADOW — observational, not a recommendation; degraded inputs: AVAILABILITY_COMPLETE,GOALKEEPER_CONFIRMED,LINEUP_CONFIRMED,PLAYER_DATA_FRESH"
2026-07-25-0917,mls,D.C. United v Toronto FC,2026-07-25T23:30Z,KXMLSSCORE-26JUL25DCUTOR-DCU1TOR1,Draw 1-1,score_1_1,0.1124,0.13,,7.6923,0.007917,kalshi_0.07p(1-p),0.137917,-0.025517,0.0,0.0,scheduled,2026-07-25T05:10:38.361236+00:00,,"scheduled run; SHADOW — observational, not a recommendation; degraded inputs: AVAILABILITY_COMPLETE,GOALKEEPER_CONFIRMED,LINEUP_CONFIRMED,PLAYER_DATA_FRESH"
2026-07-25-0917,mls,San Diego FC v FC Dallas,2026-07-26T01:30Z,KXMLSFTTS-26JUL25SDDAL-NONE,No Goal,no_goal,0.0277,0.05,,20.0,0.003325,kalshi_0.07p(1-p),0.053325,-0.025625,0.0,0.0,scheduled,2026-07-25T05:10:38.072983+00:00,,"scheduled run; SHADOW — observational, not a recommendation; degraded inputs: AVAILABILITY_COMPLETE,GOALKEEPER_CONFIRMED,LINEUP_CONFIRMED,PLAYER_DATA_FRESH"
2026-07-25-0917,mls,Philadelphia Union v Seattle Sounders FC,2026-07-25T23:30Z,KXMLSSCORE-26JUL25PHISEA-PHI2SEA1,Philadelphia Union wins 2-1,score_2_1,0.0905,0.11,,9.0909,0.006853,kalshi_0.07p(1-p),0.116853,-0.026353,0.0,0.0,scheduled,2026-07-25T05:10:39.384180+00:00,,"scheduled run; SHADOW — observational, not a recommendation; degraded inputs: AVAILABILITY_COMPLETE,GOALKEEPER_CONFIRMED,LINEUP_CONFIRMED,PLAYER_DATA_FRESH"
2026-07-25-0917,mls,Red Bull New York v Charlotte FC,2026-07-25T22:30Z,KXMLSFTTS-26JUL25NYRBCLT-CLT,Charlotte FC,away_first_goal,0.4605,0.47,,2.1277,0.017437,kalshi_0.07p(1-p),0.487437,-0.026937,0.0,0.0,scheduled,2026-07-25T05:10:39.188457+00:00,,"scheduled run; SHADOW — observational, not a recommendation; wide spread 7c; degraded inputs: AVAILABILITY_COMPLETE,GOALKEEPER_CONFIRMED,LINEUP_CONFIRMED,PLAYER_DATA_FRESH"
2026-07-25-0917,mls,Red Bull New York v Charlotte FC,2026-07-25T22:30Z,KXMLSSCORE-26JUL25NYRBCLT-NYRB2CLT3,Charlotte FC wins 3-2,score_2_3,0.037,0.06,,16.6667,0.003948,kalshi_0.07p(1-p),0.063948,-0.026948,0.0,0.0,scheduled,2026-07-25T05:10:39.188457+00:00,,"scheduled run; SHADOW — observational, not a recommendation; degraded inputs: AVAILABILITY_COMPLETE,GOALKEEPER_CONFIRMED,LINEUP_CONFIRMED,PLAYER_DATA_FRESH"
2026-07-25-0917,mls,Houston Dynamo FC v Austin FC,2026-07-26T00:30Z,KXMLSBTTS-26JUL25HOUATX-BTTS,Both Teams To Score,btts,0.5403,0.55,,1.8182,0.017325,kalshi_0.07p(1-p),0.567325,-0.027025,0.0,0.0,scheduled,2026-07-25T05:10:38.713342+00:00,,"scheduled run; SHADOW — observational, not a recommendation; degraded inputs: AVAILABILITY_COMPLETE,GOALKEEPER_CONFIRMED,LINEUP_CONFIRMED,PLAYER_DATA_FRESH"
2026-07-25-0917,mls,Minnesota United FC v Vancouver Whitecaps,2026-07-26T00:30Z,KXMLSSCORE-26JUL25MINVAN-MIN0VAN1,Vancouver Whitecaps FC wins 1-0,score_0_1,0.0687,0.09,,11.1111,0.005733,kalshi_0.07p(1-p),0.095733,-0.027033,0.0,0.0,scheduled,2026-07-25T05:10:37.982667+00:00,,"scheduled run; SHADOW — observational, not a recommendation; degraded inputs: AVAILABILITY_COMPLETE,GOALKEEPER_CONFIRMED,LINEUP_CONFIRMED,PLAYER_DATA_FRESH"
2026-07-25-0917,mls,San Jose Earthquakes v LA Galaxy,2026-07-26T02:30Z,KXMLSTEAMTOTAL-26JUL25SJLAG-SJ1,San Jose over 0.5 goals,home_team_over_0_5,0.8698,0.89,,1.1236,0.006853,kalshi_0.07p(1-p),0.896853,-0.027053,0.0,0.0,scheduled,2026-07-25T05:10:39.454779+00:00,,"scheduled run; SHADOW — observational, not a recommendation; degraded inputs: AVAILABILITY_COMPLETE,GOALKEEPER_CONFIRMED,LINEUP_CONFIRMED,PLAYER_DATA_FRESH"
2026-07-25-0917,mls,Red Bull New York v Charlotte FC,2026-07-25T22:30Z,KXMLSTEAMTOTAL-26JUL25NYRBCLT-NYRB1,New York RB over 0.5 goals,home_team_over_0_5,0.8314,0.85,,1.1765,0.008925,kalshi_0.07p(1-p),0.858925,-0.027525,0.0,0.0,scheduled,2026-07-25T05:10:39.188457+00:00,,"scheduled run; SHADOW — observational, not a recommendation; degraded inputs: AVAILABILITY_COMPLETE,GOALKEEPER_CONFIRMED,LINEUP_CONFIRMED,PLAYER_DATA_FRESH"
2026-07-25-0917,mls,San Jose Earthquakes v LA Galaxy,2026-07-26T02:30Z,KXMLSTEAMTOTAL-26JUL25SJLAG-SJ2,San Jose over 1.5 goals,home_team_over_1_5,0.599,0.61,,1.6393,0.016653,kalshi_0.07p(1-p),0.626653,-0.027653,0.0,0.0,scheduled,2026-07-25T05:10:39.454779+00:00,,"scheduled run; SHADOW — observational, not a recommendation; degraded inputs: AVAILABILITY_COMPLETE,GOALKEEPER_CONFIRMED,LINEUP_CONFIRMED,PLAYER_DATA_FRESH"
2026-07-25-0917,mls,Philadelphia Union v Seattle Sounders FC,2026-07-25T23:30Z,KXMLSSCORE-26JUL25PHISEA-PHI1SEA0,Philadelphia Union wins 1-0,score_1_0,0.0679,0.09,,11.1111,0.005733,kalshi_0.07p(1-p),0.095733,-0.027833,0.0,0.0,scheduled,2026-07-25T05:10:39.384180+00:00,,"scheduled run; SHADOW — observational, not a recommendation; degraded inputs: AVAILABILITY_COMPLETE,GOALKEEPER_CONFIRMED,LINEUP_CONFIRMED,PLAYER_DATA_FRESH"
2026-07-25-0917,mls,Philadelphia Union v Seattle Sounders FC,2026-07-25T23:30Z,KXMLSSCORE-26JUL25PHISEA-PHI0SEA0,Draw 0-0,score_0_0,0.0361,0.06,,16.6667,0.003948,kalshi_0.07p(1-p),0.063948,-0.027848,0.0,0.0,scheduled,2026-07-25T05:10:39.384180+00:00,,"scheduled run; SHADOW — observational, not a recommendation; degraded inputs: AVAILABILITY_COMPLETE,GOALKEEPER_CONFIRMED,LINEUP_CONFIRMED,PLAYER_DATA_FRESH"
2026-07-25-0917,mls,Orlando City SC v Nashville SC,2026-07-25T23:30Z,KXMLSSCORE-26JUL25ORLNSH-ORL0NSH0,Draw 0-0,score_0_0,0.036,0.06,,16.6667,0.003948,kalshi_0.07p(1-p),0.063948,-0.027948,0.0,0.0,scheduled,2026-07-25T05:10:38.980692+00:00,,"scheduled run; SHADOW — observational, not a recommendation; degraded inputs: AVAILABILITY_COMPLETE,GOALKEEPER_CONFIRMED,LINEUP_CONFIRMED,PLAYER_DATA_FRESH"
2026-07-25-0917,mls,Portland Timbers v Real Salt Lake,2026-07-26T02:30Z,KXMLSTOTAL-26JUL25PORRSL-4,Over 3.5 goals scored,over_3_5,0.4493,0.46,,2.1739,0.017388,kalshi_0.07p(1-p),0.477388,-0.028088,0.0,0.0,scheduled,2026-07-25T05:10:39.267924+00:00,,"scheduled run; SHADOW — observational, not a recommendation; degraded inputs: AVAILABILITY_COMPLETE,GOALKEEPER_CONFIRMED,LINEUP_CONFIRMED,PLAYER_DATA_FRESH"
2026-07-25-0917,mls,St. Louis CITY SC v Colorado Rapids,2026-07-26T00:30Z,KXMLSFTTS-26JUL25STLCOL-STL,Saint Louis City SC,home_first_goal,0.5689,0.58,,1.7241,0.017052,kalshi_0.07p(1-p),0.597052,-0.028152,0.0,0.0,scheduled,2026-07-25T05:10:38.524779+00:00,,"scheduled run; SHADOW — observational, not a recommendation; wide spread 8c; degraded inputs: AVAILABILITY_COMPLETE,GOALKEEPER_CONFIRMED,LINEUP_CONFIRMED,PLAYER_DATA_FRESH"
2026-07-25-0917,mls,Orlando City SC v Nashville SC,2026-07-25T23:30Z,KXMLSSCORE-26JUL25ORLNSH-ORL1NSH3,Nashville SC wins 3-1,score_1_3,0.0464,0.07,,14.2857,0.004557,kalshi_0.07p(1-p),0.074557,-0.028157,0.0,0.0,scheduled,2026-07-25T05:10:38.980692+00:00,,"scheduled run; SHADOW — observational, not a recommendation; degraded inputs: AVAILABILITY_COMPLETE,GOALKEEPER_CONFIRMED,LINEUP_CONFIRMED,PLAYER_DATA_FRESH"
2026-07-25-0917,mls,Philadelphia Union v Seattle Sounders FC,2026-07-25T23:30Z,KXMLSSCORE-26JUL25PHISEA-PHI1SEA1,Draw 1-1,score_1_1,0.0991,0.12,,8.3333,0.007392,kalshi_0.07p(1-p),0.127392,-0.028292,0.0,0.0,scheduled,2026-07-25T05:10:39.384180+00:00,,"scheduled run; SHADOW — observational, not a recommendation; degraded inputs: AVAILABILITY_COMPLETE,GOALKEEPER_CONFIRMED,LINEUP_CONFIRMED,PLAYER_DATA_FRESH"
2026-07-25-0917,mls,Portland Timbers v Real Salt Lake,2026-07-26T02:30Z,KXMLSTEAMTOTAL-26JUL25PORRSL-RSL3,Salt Lake over 2.5 goals,away_team_over_2_5,0.214,0.23,,4.3478,0.012397,kalshi_0.07p(1-p),0.242397,-0.028397,0.0,0.0,scheduled,2026-07-25T05:10:39.267924+00:00,,"scheduled run; SHADOW — observational, not a recommendation; degraded inputs: AVAILABILITY_COMPLETE,GOALKEEPER_CONFIRMED,LINEUP_CONFIRMED,PLAYER_DATA_FRESH"
2026-07-25-0917,mls,San Diego FC v FC Dallas,2026-07-26T01:30Z,KXMLSFTTS-26JUL25SDDAL-DAL,FC Dallas,away_first_goal,0.4891,0.5,,2.0,0.0175,kalshi_0.07p(1-p),0.5175,-0.0284,0.0,0.0,scheduled,2026-07-25T05:10:38.072983+00:00,,"scheduled run; SHADOW — observational, not a recommendation; wide spread 10c; degraded inputs: AVAILABILITY_COMPLETE,GOALKEEPER_CONFIRMED,LINEUP_CONFIRMED,PLAYER_DATA_FRESH"
2026-07-25-0917,mls,St. Louis CITY SC v Colorado Rapids,2026-07-26T00:30Z,KXMLSSCORE-26JUL25STLCOL-STL3COL2,Saint Louis City SC wins 3-2,score_3_2,0.0353,0.06,,16.6667,0.003948,kalshi_0.07p(1-p),0.063948,-0.028648,0.0,0.0,scheduled,2026-07-25T05:10:38.524779+00:00,,"scheduled run; SHADOW — observational, not a recommendation; degraded inputs: AVAILABILITY_COMPLETE,GOALKEEPER_CONFIRMED,LINEUP_CONFIRMED,PLAYER_DATA_FRESH"
2026-07-25-0917,mls,New York City FC v Chicago Fire FC,2026-07-25T23:30Z,KXMLSFTTS-26JUL25NYCCHI-NONE,No Goal,no_goal,0.0349,0.06,,16.6667,0.003948,kalshi_0.07p(1-p),0.063948,-0.029048,0.0,0.0,scheduled,2026-07-25T05:10:38.904218+00:00,,"scheduled run; SHADOW — observational, not a recommendation; degraded inputs: AVAILABILITY_COMPLETE,GOALKEEPER_CONFIRMED,LINEUP_CONFIRMED,PLAYER_DATA_FRESH"
2026-07-25-0917,mls,Minnesota United FC v Vancouver Whitecaps,2026-07-26T00:30Z,KXMLSSCORE-26JUL25MINVAN-MIN0VAN3,Vancouver Whitecaps FC wins 3-0,score_0_3,0.0348,0.06,,16.6667,0.003948,kalshi_0.07p(1-p),0.063948,-0.029148,0.0,0.0,scheduled,2026-07-25T05:10:37.982667+00:00,,"scheduled run; SHADOW — observational, not a recommendation; degraded inputs: AVAILABILITY_COMPLETE,GOALKEEPER_CONFIRMED,LINEUP_CONFIRMED,PLAYER_DATA_FRESH"
2026-07-25-0917,mls,Red Bull New York v Charlotte FC,2026-07-25T22:30Z,KXMLSSCORE-26JUL25NYRBCLT-NYRB1CLT1,Draw 1-1,score_1_1,0.0875,0.11,,9.0909,0.006853,kalshi_0.07p(1-p),0.116853,-0.029353,0.0,0.0,scheduled,2026-07-25T05:10:39.188457+00:00,,"scheduled run; SHADOW — observational, not a recommendation; degraded inputs: AVAILABILITY_COMPLETE,GOALKEEPER_CONFIRMED,LINEUP_CONFIRMED,PLAYER_DATA_FRESH"
2026-07-25-0917,mls,Minnesota United FC v Vancouver Whitecaps,2026-07-26T00:30Z,KXMLSSCORE-26JUL25MINVAN-MIN1VAN2,Vancouver Whitecaps FC wins 2-1,score_1_2,0.0875,0.11,,9.0909,0.006853,kalshi_0.07p(1-p),0.116853,-0.029353,0.0,0.0,scheduled,2026-07-25T05:10:37.982667+00:00,,"scheduled run; SHADOW — observational, not a recommendation; degraded inputs: AVAILABILITY_COMPLETE,GOALKEEPER_CONFIRMED,LINEUP_CONFIRMED,PLAYER_DATA_FRESH"
2026-07-25-0917,mls,San Jose Earthquakes v LA Galaxy,2026-07-26T02:30Z,KXMLSTEAMTOTAL-26JUL25SJLAG-LAG2,Los Angeles G over 1.5 goals,away_team_over_1_5,0.3975,0.41,,2.439,0.016933,kalshi_0.07p(1-p),0.426933,-0.029433,0.0,0.0,scheduled,2026-07-25T05:10:39.454779+00:00,,"scheduled run; SHADOW — observational, not a recommendation; degraded inputs: AVAILABILITY_COMPLETE,GOALKEEPER_CONFIRMED,LINEUP_CONFIRMED,PLAYER_DATA_FRESH"
2026-07-25-0917,mls,CF Montréal v Inter Miami CF,2026-07-25T23:30Z,KXMLSTEAMTOTAL-26JUL25MTLMIA-MIA3,Miami over 2.5 goals,away_team_over_2_5,0.2954,0.31,,3.2258,0.014973,kalshi_0.07p(1-p),0.324973,-0.029573,0.0,0.0,scheduled,2026-07-25T05:10:38.293629+00:00,,"scheduled run; SHADOW — observational, not a recommendation; degraded inputs: AVAILABILITY_COMPLETE,GOALKEEPER_CONFIRMED,LINEUP_CONFIRMED,PLAYER_DATA_FRESH"
2026-07-25-0917,mls,Portland Timbers v Real Salt Lake,2026-07-26T02:30Z,KXMLSSCORE-26JUL25PORRSL-POR1RSL2,Real Salt Lake wins 2-1,score_1_2,0.0767,0.1,,10.0,0.0063,kalshi_0.07p(1-p),0.1063,-0.0296,0.0,0.0,scheduled,2026-07-25T05:10:39.267924+00:00,,"scheduled run; SHADOW — observational, not a recommendation; degraded inputs: AVAILABILITY_COMPLETE,GOALKEEPER_CONFIRMED,LINEUP_CONFIRMED,PLAYER_DATA_FRESH"
2026-07-25-0917,mls,Columbus Crew v FC Cincinnati,2026-07-25T23:15Z,KXMLSTEAMTOTAL-26JUL25CLBCIN-CLB1,Columbus over 0.5 goals,home_team_over_0_5,0.8669,0.89,,1.1236,0.006853,kalshi_0.07p(1-p),0.896853,-0.029953,0.0,0.0,scheduled,2026-07-25T05:10:38.226744+00:00,,"scheduled run; SHADOW — observational, not a recommendation; degraded inputs: AVAILABILITY_COMPLETE,GOALKEEPER_CONFIRMED,LINEUP_CONFIRMED,PLAYER_DATA_FRESH"
2026-07-25-0917,mls,CF Montréal v Inter Miami CF,2026-07-25T23:30Z,KXMLSFTTS-26JUL25MTLMIA-NONE,No Goal,no_goal,0.0232,0.05,,20.0,0.003325,kalshi_0.07p(1-p),0.053325,-0.030125,0.0,0.0,scheduled,2026-07-25T05:10:38.293629+00:00,,"scheduled run; SHADOW — observational, not a recommendation; degraded inputs: AVAILABILITY_COMPLETE,GOALKEEPER_CONFIRMED,LINEUP_CONFIRMED,PLAYER_DATA_FRESH"
2026-07-25-0917,mls,Columbus Crew v FC Cincinnati,2026-07-25T23:15Z,KXMLSSPREAD-26JUL25CLBCIN-CLB2,Columbus wins by more than 1.5 goals,home_margin_2,0.2844,0.3,,3.3333,0.0147,kalshi_0.07p(1-p),0.3147,-0.0303,0.0,0.0,scheduled,2026-07-25T05:10:38.226744+00:00,,"scheduled run; SHADOW — observational, not a recommendation; degraded inputs: AVAILABILITY_COMPLETE,GOALKEEPER_CONFIRMED,LINEUP_CONFIRMED,PLAYER_DATA_FRESH"
2026-07-25-0917,mls,Columbus Crew v FC Cincinnati,2026-07-25T23:15Z,KXMLSSCORE-26JUL25CLBCIN-CLB2CIN1,Columbus Crew wins 2-1,score_2_1,0.0862,0.11,,9.0909,0.006853,kalshi_0.07p(1-p),0.116853,-0.030653,0.0,0.0,scheduled,2026-07-25T05:10:38.226744+00:00,,"scheduled run; SHADOW — observational, not a recommendation; degraded inputs: AVAILABILITY_COMPLETE,GOALKEEPER_CONFIRMED,LINEUP_CONFIRMED,PLAYER_DATA_FRESH"
2026-07-25-0917,mls,CF Montréal v Inter Miami CF,2026-07-25T23:30Z,KXMLSTEAMTOTAL-26JUL25MTLMIA-MIA1,Miami over 0.5 goals,away_team_over_0_5,0.8468,0.87,,1.1494,0.007917,kalshi_0.07p(1-p),0.877917,-0.031117,0.0,0.0,scheduled,2026-07-25T05:10:38.293629+00:00,,"scheduled run; SHADOW — observational, not a recommendation; degraded inputs: AVAILABILITY_COMPLETE,GOALKEEPER_CONFIRMED,LINEUP_CONFIRMED,PLAYER_DATA_FRESH"
2026-07-25-0917,mls,St. Louis CITY SC v Colorado Rapids,2026-07-26T00:30Z,KXMLSSCORE-26JUL25STLCOL-STL2COL2,Draw 2-2,score_2_2,0.0538,0.08,,12.5,0.005152,kalshi_0.07p(1-p),0.085152,-0.031352,0.0,0.0,scheduled,2026-07-25T05:10:38.524779+00:00,,"scheduled run; SHADOW — observational, not a recommendation; degraded inputs: AVAILABILITY_COMPLETE,GOALKEEPER_CONFIRMED,LINEUP_CONFIRMED,PLAYER_DATA_FRESH"
2026-07-25-0917,mls,San Jose Earthquakes v LA Galaxy,2026-07-26T02:30Z,KXMLSSCORE-26JUL25SJLAG-SJ3LAG2,San Jose Earthquakes wins 3-2,score_3_2,0.0432,0.07,,14.2857,0.004557,kalshi_0.07p(1-p),0.074557,-0.031357,0.0,0.0,scheduled,2026-07-25T05:10:39.454779+00:00,,"scheduled run; SHADOW — observational, not a recommendation; degraded inputs: AVAILABILITY_COMPLETE,GOALKEEPER_CONFIRMED,LINEUP_CONFIRMED,PLAYER_DATA_FRESH"
2026-07-25-0917,mls,New York City FC v Chicago Fire FC,2026-07-25T23:30Z,KXMLSSCORE-26JUL25NYCCHI-NYC0CHI1,Chicago Fire wins 1-0,score_0_1,0.0537,0.08,,12.5,0.005152,kalshi_0.07p(1-p),0.085152,-0.031452,0.0,0.0,scheduled,2026-07-25T05:10:38.904218+00:00,,"scheduled run; SHADOW — observational, not a recommendation; degraded inputs: AVAILABILITY_COMPLETE,GOALKEEPER_CONFIRMED,LINEUP_CONFIRMED,PLAYER_DATA_FRESH"
2026-07-25-0917,mls,San Jose Earthquakes v LA Galaxy,2026-07-26T02:30Z,KXMLSSCORE-26JUL25SJLAG-SJ0LAG1,Los Angeles Galaxy wins 1-0,score_0_1,0.0428,0.07,,14.2857,0.004557,kalshi_0.07p(1-p),0.074557,-0.031757,0.0,0.0,scheduled,2026-07-25T05:10:39.454779+00:00,,"scheduled run; SHADOW — observational, not a recommendation; degraded inputs: AVAILABILITY_COMPLETE,GOALKEEPER_CONFIRMED,LINEUP_CONFIRMED,PLAYER_DATA_FRESH"
2026-07-25-0917,mls,San Jose Earthquakes v LA Galaxy,2026-07-26T02:30Z,KXMLSTEAMTOTAL-26JUL25SJLAG-LAG3,Los Angeles G over 2.5 goals,away_team_over_2_5,0.1585,0.18,,5.5556,0.010332,kalshi_0.07p(1-p),0.190332,-0.031832,0.0,0.0,scheduled,2026-07-25T05:10:39.454779+00:00,,"scheduled run; SHADOW — observational, not a recommendation; degraded inputs: AVAILABILITY_COMPLETE,GOALKEEPER_CONFIRMED,LINEUP_CONFIRMED,PLAYER_DATA_FRESH"
2026-07-25-0917,mls,Minnesota United FC v Vancouver Whitecaps,2026-07-26T00:30Z,KXMLSSPREAD-26JUL25MINVAN-VAN3,Vancouver wins by more than 2.5 goals,away_margin_3,0.0955,0.12,,8.3333,0.007392,kalshi_0.07p(1-p),0.127392,-0.031892,0.0,0.0,scheduled,2026-07-25T05:10:37.982667+00:00,,"scheduled run; SHADOW — observational, not a recommendation; degraded inputs: AVAILABILITY_COMPLETE,GOALKEEPER_CONFIRMED,LINEUP_CONFIRMED,PLAYER_DATA_FRESH"
2026-07-25-0917,mls,Red Bull New York v Charlotte FC,2026-07-25T22:30Z,KXMLSBTTS-26JUL25NYRBCLT-BTTS,Both Teams To Score,btts,0.663,0.68,,1.4706,0.015232,kalshi_0.07p(1-p),0.695232,-0.032232,0.0,0.0,scheduled,2026-07-25T05:10:39.188457+00:00,,"scheduled run; SHADOW — observational, not a recommendation; degraded inputs: AVAILABILITY_COMPLETE,GOALKEEPER_CONFIRMED,LINEUP_CONFIRMED,PLAYER_DATA_FRESH"
2026-07-25-0917,mls,Red Bull New York v Charlotte FC,2026-07-25T22:30Z,KXMLSFTTS-26JUL25NYRBCLT-NONE,No Goal,no_goal,0.0315,0.06,,16.6667,0.003948,kalshi_0.07p(1-p),0.063948,-0.032448,0.0,0.0,scheduled,2026-07-25T05:10:39.188457+00:00,,"scheduled run; SHADOW — observational, not a recommendation; degraded inputs: AVAILABILITY_COMPLETE,GOALKEEPER_CONFIRMED,LINEUP_CONFIRMED,PLAYER_DATA_FRESH"
2026-07-25-0917,mls,San Jose Earthquakes v LA Galaxy,2026-07-26T02:30Z,KXMLSTOTAL-26JUL25SJLAG-5,Over 4.5 goals scored,over_4_5,0.2511,0.27,,3.7037,0.013797,kalshi_0.07p(1-p),0.283797,-0.032697,0.0,0.0,scheduled,2026-07-25T05:10:39.454779+00:00,,"scheduled run; SHADOW — observational, not a recommendation; degraded inputs: AVAILABILITY_COMPLETE,GOALKEEPER_CONFIRMED,LINEUP_CONFIRMED,PLAYER_DATA_FRESH"
2026-07-25-0917,mls,Portland Timbers v Real Salt Lake,2026-07-26T02:30Z,KXMLSSCORE-26JUL25PORRSL-POR1RSL1,Draw 1-1,score_1_1,0.0946,0.12,,8.3333,0.007392,kalshi_0.07p(1-p),0.127392,-0.032792,0.0,0.0,scheduled,2026-07-25T05:10:39.267924+00:00,,"scheduled run; SHADOW — observational, not a recommendation; degraded inputs: AVAILABILITY_COMPLETE,GOALKEEPER_CONFIRMED,LINEUP_CONFIRMED,PLAYER_DATA_FRESH"
2026-07-25-0917,mls,D.C. United v Toronto FC,2026-07-25T23:30Z,KXMLSTEAMTOTAL-26JUL25DCUTOR-DCU3,DC United over 2.5 goals,home_team_over_2_5,0.2096,0.23,,4.3478,0.012397,kalshi_0.07p(1-p),0.242397,-0.032797,0.0,0.0,scheduled,2026-07-25T05:10:38.361236+00:00,,"scheduled run; SHADOW — observational, not a recommendation; degraded inputs: AVAILABILITY_COMPLETE,GOALKEEPER_CONFIRMED,LINEUP_CONFIRMED,PLAYER_DATA_FRESH"
2026-07-25-0917,mls,Philadelphia Union v Seattle Sounders FC,2026-07-25T23:30Z,KXMLSSCORE-26JUL25PHISEA-PHI2SEA0,Philadelphia Union wins 2-0,score_2_0,0.0627,0.09,,11.1111,0.005733,kalshi_0.07p(1-p),0.095733,-0.033033,0.0,0.0,scheduled,2026-07-25T05:10:39.384180+00:00,,"scheduled run; SHADOW — observational, not a recommendation; degraded inputs: AVAILABILITY_COMPLETE,GOALKEEPER_CONFIRMED,LINEUP_CONFIRMED,PLAYER_DATA_FRESH"
2026-07-25-0917,mls,Red Bull New York v Charlotte FC,2026-07-25T22:30Z,KXMLSSCORE-26JUL25NYRBCLT-NYRB2CLT0,New York Red Bulls wins 2-0,score_2_0,0.0518,0.08,,12.5,0.005152,kalshi_0.07p(1-p),0.085152,-0.033352,0.0,0.0,scheduled,2026-07-25T05:10:39.188457+00:00,,"scheduled run; SHADOW — observational, not a recommendation; degraded inputs: AVAILABILITY_COMPLETE,GOALKEEPER_CONFIRMED,LINEUP_CONFIRMED,PLAYER_DATA_FRESH"
2026-07-25-0917,mls,Portland Timbers v Real Salt Lake,2026-07-26T02:30Z,KXMLSTEAMTOTAL-26JUL25PORRSL-RSL1,Salt Lake over 0.5 goals,away_team_over_0_5,0.7968,0.82,,1.2195,0.010332,kalshi_0.07p(1-p),0.830332,-0.033532,0.0,0.0,scheduled,2026-07-25T05:10:39.267924+00:00,,"scheduled run; SHADOW — observational, not a recommendation; degraded inputs: AVAILABILITY_COMPLETE,GOALKEEPER_CONFIRMED,LINEUP_CONFIRMED,PLAYER_DATA_FRESH"
2026-07-25-0917,mls,Portland Timbers v Real Salt Lake,2026-07-26T02:30Z,KXMLSSCORE-26JUL25PORRSL-POR3RSL1,Portland Timbers wins 3-1,score_3_1,0.0513,0.08,,12.5,0.005152,kalshi_0.07p(1-p),0.085152,-0.033852,0.0,0.0,scheduled,2026-07-25T05:10:39.267924+00:00,,"scheduled run; SHADOW — observational, not a recommendation; degraded inputs: AVAILABILITY_COMPLETE,GOALKEEPER_CONFIRMED,LINEUP_CONFIRMED,PLAYER_DATA_FRESH"
2026-07-25-0917,mls,New England Revolution v Atlanta United FC,2026-07-25T23:30Z,KXMLSSCORE-26JUL25NEATL-NE0ATL0,Draw 0-0,score_0_0,0.0407,0.07,,14.2857,0.004557,kalshi_0.07p(1-p),0.074557,-0.033857,0.0,0.0,scheduled,2026-07-25T05:10:38.835806+00:00,,"scheduled run; SHADOW — observational, not a recommendation; degraded inputs: AVAILABILITY_COMPLETE,GOALKEEPER_CONFIRMED,LINEUP_CONFIRMED,PLAYER_DATA_FRESH"
2026-07-25-0917,mls,Orlando City SC v Nashville SC,2026-07-25T23:30Z,KXMLSBTTS-26JUL25ORLNSH-BTTS,Both Teams To Score,btts,0.6416,0.66,,1.5152,0.015708,kalshi_0.07p(1-p),0.675708,-0.034108,0.0,0.0,scheduled,2026-07-25T05:10:38.980692+00:00,,"scheduled run; SHADOW — observational, not a recommendation; degraded inputs: AVAILABILITY_COMPLETE,GOALKEEPER_CONFIRMED,LINEUP_CONFIRMED,PLAYER_DATA_FRESH"
2026-07-25-0917,mls,CF Montréal v Inter Miami CF,2026-07-25T23:30Z,KXMLSSCORE-26JUL25MTLMIA-MTL1MIA1,Draw 1-1,score_1_1,0.0826,0.11,,9.0909,0.006853,kalshi_0.07p(1-p),0.116853,-0.034253,0.0,0.0,scheduled,2026-07-25T05:10:38.293629+00:00,,"scheduled run; SHADOW — observational, not a recommendation; degraded inputs: AVAILABILITY_COMPLETE,GOALKEEPER_CONFIRMED,LINEUP_CONFIRMED,PLAYER_DATA_FRESH"
2026-07-25-0917,mls,New York City FC v Chicago Fire FC,2026-07-25T23:30Z,KXMLSSCORE-26JUL25NYCCHI-NYC1CHI1,Draw 1-1,score_1_1,0.103,0.13,,7.6923,0.007917,kalshi_0.07p(1-p),0.137917,-0.034917,0.0,0.0,scheduled,2026-07-25T05:10:38.904218+00:00,,"scheduled run; SHADOW — observational, not a recommendation; degraded inputs: AVAILABILITY_COMPLETE,GOALKEEPER_CONFIRMED,LINEUP_CONFIRMED,PLAYER_DATA_FRESH"
2026-07-25-0917,mls,Houston Dynamo FC v Austin FC,2026-07-26T00:30Z,KXMLSTEAMTOTAL-26JUL25HOUATX-ATX1,Austin over 0.5 goals,away_team_over_0_5,0.6501,0.67,,1.4925,0.015477,kalshi_0.07p(1-p),0.685477,-0.035377,0.0,0.0,scheduled,2026-07-25T05:10:38.713342+00:00,,"scheduled run; SHADOW — observational, not a recommendation; wide spread 7c; degraded inputs: AVAILABILITY_COMPLETE,GOALKEEPER_CONFIRMED,LINEUP_CONFIRMED,PLAYER_DATA_FRESH"
2026-07-25-0917,mls,D.C. United v Toronto FC,2026-07-25T23:30Z,KXMLSBTTS-26JUL25DCUTOR-BTTS,Both Teams To Score,btts,0.5417,0.56,,1.7857,0.017248,kalshi_0.07p(1-p),0.577248,-0.035548,0.0,0.0,scheduled,2026-07-25T05:10:38.361236+00:00,,"scheduled run; SHADOW — observational, not a recommendation; degraded inputs: AVAILABILITY_COMPLETE,GOALKEEPER_CONFIRMED,LINEUP_CONFIRMED,PLAYER_DATA_FRESH"
2026-07-25-0917,mls,Columbus Crew v FC Cincinnati,2026-07-25T23:15Z,KXMLSFTTS-26JUL25CLBCIN-NONE,No Goal,no_goal,0.028,0.06,,16.6667,0.003948,kalshi_0.07p(1-p),0.063948,-0.035948,0.0,0.0,scheduled,2026-07-25T05:10:38.226744+00:00,,"scheduled run; SHADOW — observational, not a recommendation; degraded inputs: AVAILABILITY_COMPLETE,GOALKEEPER_CONFIRMED,LINEUP_CONFIRMED,PLAYER_DATA_FRESH"
2026-07-25-0917,mls,Orlando City SC v Nashville SC,2026-07-25T23:30Z,KXMLSTEAMTOTAL-26JUL25ORLNSH-NSH2,Nashville over 1.5 goals,away_team_over_1_5,0.5114,0.53,,1.8868,0.017437,kalshi_0.07p(1-p),0.547437,-0.036037,0.0,0.0,scheduled,2026-07-25T05:10:38.980692+00:00,,"scheduled run; SHADOW — observational, not a recommendation; wide spread 5c; degraded inputs: AVAILABILITY_COMPLETE,GOALKEEPER_CONFIRMED,LINEUP_CONFIRMED,PLAYER_DATA_FRESH"
2026-07-25-0917,mls,Orlando City SC v Nashville SC,2026-07-25T23:30Z,KXMLSTEAMTOTAL-26JUL25ORLNSH-NSH3,Nashville over 2.5 goals,away_team_over_2_5,0.2373,0.26,,3.8462,0.013468,kalshi_0.07p(1-p),0.273468,-0.036168,0.0,0.0,scheduled,2026-07-25T05:10:38.980692+00:00,,"scheduled run; SHADOW — observational, not a recommendation; degraded inputs: AVAILABILITY_COMPLETE,GOALKEEPER_CONFIRMED,LINEUP_CONFIRMED,PLAYER_DATA_FRESH"
2026-07-25-0917,mls,San Jose Earthquakes v LA Galaxy,2026-07-26T02:30Z,KXMLSTOTAL-26JUL25SJLAG-3,Over 2.5 goals scored,over_2_5,0.6582,0.68,,1.4706,0.015232,kalshi_0.07p(1-p),0.695232,-0.037032,0.0,0.0,scheduled,2026-07-25T05:10:39.454779+00:00,,"scheduled run; SHADOW — observational, not a recommendation; degraded inputs: AVAILABILITY_COMPLETE,GOALKEEPER_CONFIRMED,LINEUP_CONFIRMED,PLAYER_DATA_FRESH"
2026-07-25-0917,mls,San Jose Earthquakes v LA Galaxy,2026-07-26T02:30Z,KXMLSBTTS-26JUL25SJLAG-BTTS,Both Teams To Score,btts,0.6475,0.67,,1.4925,0.015477,kalshi_0.07p(1-p),0.685477,-0.037977,0.0,0.0,scheduled,2026-07-25T05:10:39.454779+00:00,,"scheduled run; SHADOW — observational, not a recommendation; degraded inputs: AVAILABILITY_COMPLETE,GOALKEEPER_CONFIRMED,LINEUP_CONFIRMED,PLAYER_DATA_FRESH"
2026-07-25-0917,mls,Orlando City SC v Nashville SC,2026-07-25T23:30Z,KXMLSSCORE-26JUL25ORLNSH-ORL1NSH1,Draw 1-1,score_1_1,0.0999,0.13,,7.6923,0.007917,kalshi_0.07p(1-p),0.137917,-0.038017,0.0,0.0,scheduled,2026-07-25T05:10:38.980692+00:00,,"scheduled run; SHADOW — observational, not a recommendation; degraded inputs: AVAILABILITY_COMPLETE,GOALKEEPER_CONFIRMED,LINEUP_CONFIRMED,PLAYER_DATA_FRESH"
2026-07-25-0917,mls,Philadelphia Union v Seattle Sounders FC,2026-07-25T23:30Z,KXMLSFTTS-26JUL25PHISEA-NONE,No Goal,no_goal,0.0364,0.07,,14.2857,0.004557,kalshi_0.07p(1-p),0.074557,-0.038157,0.0,0.0,scheduled,2026-07-25T05:10:39.384180+00:00,,"scheduled run; SHADOW — observational, not a recommendation; degraded inputs: AVAILABILITY_COMPLETE,GOALKEEPER_CONFIRMED,LINEUP_CONFIRMED,PLAYER_DATA_FRESH"
2026-07-25-0917,mls,New York City FC v Chicago Fire FC,2026-07-25T23:30Z,KXMLSFTTS-26JUL25NYCCHI-CHI,Chicago Fire,away_first_goal,0.4792,0.5,,2.0,0.0175,kalshi_0.07p(1-p),0.5175,-0.0383,0.0,0.0,scheduled,2026-07-25T05:10:38.904218+00:00,,"scheduled run; SHADOW — observational, not a recommendation; wide spread 10c; degraded inputs: AVAILABILITY_COMPLETE,GOALKEEPER_CONFIRMED,LINEUP_CONFIRMED,PLAYER_DATA_FRESH"
2026-07-25-0917,mls,New England Revolution v Atlanta United FC,2026-07-25T23:30Z,KXMLSSCORE-26JUL25NEATL-NE1ATL1,Draw 1-1,score_1_1,0.0995,0.13,,7.6923,0.007917,kalshi_0.07p(1-p),0.137917,-0.038417,0.0,0.0,scheduled,2026-07-25T05:10:38.835806+00:00,,"scheduled run; SHADOW — observational, not a recommendation; degraded inputs: AVAILABILITY_COMPLETE,GOALKEEPER_CONFIRMED,LINEUP_CONFIRMED,PLAYER_DATA_FRESH"
2026-07-25-0917,mls,Portland Timbers v Real Salt Lake,2026-07-26T02:30Z,KXMLSBTTS-26JUL25PORRSL-BTTS,Both Teams To Score,btts,0.6654,0.69,,1.4493,0.014973,kalshi_0.07p(1-p),0.704973,-0.039573,0.0,0.0,scheduled,2026-07-25T05:10:39.267924+00:00,,"scheduled run; SHADOW — observational, not a recommendation; degraded inputs: AVAILABILITY_COMPLETE,GOALKEEPER_CONFIRMED,LINEUP_CONFIRMED,PLAYER_DATA_FRESH"
2026-07-25-0917,mls,Houston Dynamo FC v Austin FC,2026-07-26T00:30Z,KXMLSFTTS-26JUL25HOUATX-NONE,No Goal,no_goal,0.056,0.09,,11.1111,0.005733,kalshi_0.07p(1-p),0.095733,-0.039733,0.0,0.0,scheduled,2026-07-25T05:10:38.713342+00:00,,"scheduled run; SHADOW — observational, not a recommendation; degraded inputs: AVAILABILITY_COMPLETE,GOALKEEPER_CONFIRMED,LINEUP_CONFIRMED,PLAYER_DATA_FRESH"
2026-07-25-0917,mls,San Jose Earthquakes v LA Galaxy,2026-07-26T02:30Z,KXMLSTOTAL-26JUL25SJLAG-4,Over 3.5 goals scored,over_3_5,0.4375,0.46,,2.1739,0.017388,kalshi_0.07p(1-p),0.477388,-0.039888,0.0,0.0,scheduled,2026-07-25T05:10:39.454779+00:00,,"scheduled run; SHADOW — observational, not a recommendation; degraded inputs: AVAILABILITY_COMPLETE,GOALKEEPER_CONFIRMED,LINEUP_CONFIRMED,PLAYER_DATA_FRESH"
2026-07-25-0917,mls,Philadelphia Union v Seattle Sounders FC,2026-07-25T23:30Z,KXMLSFTTS-26JUL25PHISEA-PHI,Philadelphia Union,home_first_goal,0.547,0.57,,1.7544,0.017157,kalshi_0.07p(1-p),0.587157,-0.040157,0.0,0.0,scheduled,2026-07-25T05:10:39.384180+00:00,,"scheduled run; SHADOW — observational, not a recommendation; wide spread 8c; degraded inputs: AVAILABILITY_COMPLETE,GOALKEEPER_CONFIRMED,LINEUP_CONFIRMED,PLAYER_DATA_FRESH"
2026-07-25-0917,mls,D.C. United v Toronto FC,2026-07-25T23:30Z,KXMLSTEAMTOTAL-26JUL25DCUTOR-DCU2,DC United over 1.5 goals,home_team_over_1_5,0.4572,0.48,,2.0833,0.017472,kalshi_0.07p(1-p),0.497472,-0.040272,0.0,0.0,scheduled,2026-07-25T05:10:38.361236+00:00,,"scheduled run; SHADOW — observational, not a recommendation; degraded inputs: AVAILABILITY_COMPLETE,GOALKEEPER_CONFIRMED,LINEUP_CONFIRMED,PLAYER_DATA_FRESH"
2026-07-25-0917,mls,Philadelphia Union v Seattle Sounders FC,2026-07-25T23:30Z,KXMLSFTTS-26JUL25PHISEA-SEA,Seattle Sounders,away_first_goal,0.4166,0.44,,2.2727,0.017248,kalshi_0.07p(1-p),0.457248,-0.040648,0.0,0.0,scheduled,2026-07-25T05:10:39.384180+00:00,,"scheduled run; SHADOW — observational, not a recommendation; wide spread 9c; degraded inputs: AVAILABILITY_COMPLETE,GOALKEEPER_CONFIRMED,LINEUP_CONFIRMED,PLAYER_DATA_FRESH"
2026-07-25-0917,mls,CF Montréal v Inter Miami CF,2026-07-25T23:30Z,KXMLSTEAMTOTAL-26JUL25MTLMIA-MIA2,Miami over 1.5 goals,away_team_over_1_5,0.5661,0.59,,1.6949,0.016933,kalshi_0.07p(1-p),0.606933,-0.040833,0.0,0.0,scheduled,2026-07-25T05:10:38.293629+00:00,,"scheduled run; SHADOW — observational, not a recommendation; degraded inputs: AVAILABILITY_COMPLETE,GOALKEEPER_CONFIRMED,LINEUP_CONFIRMED,PLAYER_DATA_FRESH"
2026-07-25-0917,mls,Houston Dynamo FC v Austin FC,2026-07-26T00:30Z,KXMLSTEAMTOTAL-26JUL25HOUATX-HOU3,Houston over 2.5 goals,home_team_over_2_5,0.2724,0.3,,3.3333,0.0147,kalshi_0.07p(1-p),0.3147,-0.0423,0.0,0.0,scheduled,2026-07-25T05:10:38.713342+00:00,,"scheduled run; SHADOW — observational, not a recommendation; degraded inputs: AVAILABILITY_COMPLETE,GOALKEEPER_CONFIRMED,LINEUP_CONFIRMED,PLAYER_DATA_FRESH"
2026-07-25-0917,mls,CF Montréal v Inter Miami CF,2026-07-25T23:30Z,KXMLSSPREAD-26JUL25MTLMIA-MIA2,Miami wins by more than 1.5 goals,away_margin_2,0.2208,0.25,,4.0,0.013125,kalshi_0.07p(1-p),0.263125,-0.042325,0.0,0.0,scheduled,2026-07-25T05:10:38.293629+00:00,,"scheduled run; SHADOW — observational, not a recommendation; degraded inputs: AVAILABILITY_COMPLETE,GOALKEEPER_CONFIRMED,LINEUP_CONFIRMED,PLAYER_DATA_FRESH"
2026-07-25-0917,mls,Orlando City SC v Nashville SC,2026-07-25T23:30Z,KXMLSTEAMTOTAL-26JUL25ORLNSH-NSH1,Nashville over 0.5 goals,away_team_over_0_5,0.8163,0.85,,1.1765,0.008925,kalshi_0.07p(1-p),0.858925,-0.042625,0.0,0.0,scheduled,2026-07-25T05:10:38.980692+00:00,,"scheduled run; SHADOW — observational, not a recommendation; degraded inputs: AVAILABILITY_COMPLETE,GOALKEEPER_CONFIRMED,LINEUP_CONFIRMED,PLAYER_DATA_FRESH"
2026-07-25-0917,mls,D.C. United v Toronto FC,2026-07-25T23:30Z,KXMLSTEAMTOTAL-26JUL25DCUTOR-TOR1,Toronto over 0.5 goals,away_team_over_0_5,0.691,0.72,,1.3889,0.014112,kalshi_0.07p(1-p),0.734112,-0.043112,0.0,0.0,scheduled,2026-07-25T05:10:38.361236+00:00,,"scheduled run; SHADOW — observational, not a recommendation; degraded inputs: AVAILABILITY_COMPLETE,GOALKEEPER_CONFIRMED,LINEUP_CONFIRMED,PLAYER_DATA_FRESH"
2026-07-25-0917,mls,New England Revolution v Atlanta United FC,2026-07-25T23:30Z,KXMLSFTTS-26JUL25NEATL-NONE,No Goal,no_goal,0.0415,0.08,,12.5,0.005152,kalshi_0.07p(1-p),0.085152,-0.043652,0.0,0.0,scheduled,2026-07-25T05:10:38.835806+00:00,,"scheduled run; SHADOW — observational, not a recommendation; degraded inputs: AVAILABILITY_COMPLETE,GOALKEEPER_CONFIRMED,LINEUP_CONFIRMED,PLAYER_DATA_FRESH"
2026-07-25-0917,mls,New England Revolution v Atlanta United FC,2026-07-25T23:30Z,KXMLSSCORE-26JUL25NEATL-NE1ATL0,New England Revolution wins 1-0,score_1_0,0.0729,0.11,,9.0909,0.006853,kalshi_0.07p(1-p),0.116853,-0.043953,0.0,0.0,scheduled,2026-07-25T05:10:38.835806+00:00,,"scheduled run; SHADOW — observational, not a recommendation; degraded inputs: AVAILABILITY_COMPLETE,GOALKEEPER_CONFIRMED,LINEUP_CONFIRMED,PLAYER_DATA_FRESH"
2026-07-25-0917,mls,San Diego FC v FC Dallas,2026-07-26T01:30Z,KXMLSTEAMTOTAL-26JUL25SDDAL-SD1,San Diego FC over 0.5 goals,home_team_over_0_5,0.8338,0.87,,1.1494,0.007917,kalshi_0.07p(1-p),0.877917,-0.044117,0.0,0.0,scheduled,2026-07-25T05:10:38.072983+00:00,,"scheduled run; SHADOW — observational, not a recommendation; degraded inputs: AVAILABILITY_COMPLETE,GOALKEEPER_CONFIRMED,LINEUP_CONFIRMED,PLAYER_DATA_FRESH"
2026-07-25-0917,mls,D.C. United v Toronto FC,2026-07-25T23:30Z,KXMLSGAME-26JUL25DCUTOR-DCU,DC United,home_win,0.4231,0.45,0.442786,2.2222,0.017325,kalshi_0.07p(1-p),0.467325,-0.044225,0.0,0.0,scheduled,2026-07-25T05:10:38.361236+00:00,,"scheduled run; SHADOW — observational, not a recommendation; bid/ask midpoints, overround 1.0050; degraded inputs: AVAILABILITY_COMPLETE,GOALKEEPER_CONFIRMED,LINEUP_CONFIRMED,PLAYER_DATA_FRESH"
2026-07-25-0917,mls,San Jose Earthquakes v LA Galaxy,2026-07-26T02:30Z,KXMLSFTTS-26JUL25SJLAG-LAG,Los Angeles Galaxy,away_first_goal,0.3928,0.42,,2.381,0.017052,kalshi_0.07p(1-p),0.437052,-0.044252,0.0,0.0,scheduled,2026-07-25T05:10:39.454779+00:00,,"scheduled run; SHADOW — observational, not a recommendation; wide spread 7c; degraded inputs: AVAILABILITY_COMPLETE,GOALKEEPER_CONFIRMED,LINEUP_CONFIRMED,PLAYER_DATA_FRESH"
2026-07-25-0917,mls,St. Louis CITY SC v Colorado Rapids,2026-07-26T00:30Z,KXMLSTEAMTOTAL-26JUL25STLCOL-STL3,Saint Louis over 2.5 goals,home_team_over_2_5,0.2595,0.29,,3.4483,0.014413,kalshi_0.07p(1-p),0.304413,-0.044913,0.0,0.0,scheduled,2026-07-25T05:10:38.524779+00:00,,"scheduled run; SHADOW — observational, not a recommendation; degraded inputs: AVAILABILITY_COMPLETE,GOALKEEPER_CONFIRMED,LINEUP_CONFIRMED,PLAYER_DATA_FRESH"
2026-07-25-0917,mls,Houston Dynamo FC v Austin FC,2026-07-26T00:30Z,KXMLSTEAMTOTAL-26JUL25HOUATX-HOU1,Houston over 0.5 goals,home_team_over_0_5,0.8325,0.87,,1.1494,0.007917,kalshi_0.07p(1-p),0.877917,-0.045417,0.0,0.0,scheduled,2026-07-25T05:10:38.713342+00:00,,"scheduled run; SHADOW — observational, not a recommendation; degraded inputs: AVAILABILITY_COMPLETE,GOALKEEPER_CONFIRMED,LINEUP_CONFIRMED,PLAYER_DATA_FRESH"
2026-07-25-0917,mls,St. Louis CITY SC v Colorado Rapids,2026-07-26T00:30Z,KXMLSTEAMTOTAL-26JUL25STLCOL-STL2,Saint Louis over 1.5 goals,home_team_over_1_5,0.5213,0.55,,1.8182,0.017325,kalshi_0.07p(1-p),0.567325,-0.046025,0.0,0.0,scheduled,2026-07-25T05:10:38.524779+00:00,,"scheduled run; SHADOW — observational, not a recommendation; degraded inputs: AVAILABILITY_COMPLETE,GOALKEEPER_CONFIRMED,LINEUP_CONFIRMED,PLAYER_DATA_FRESH"
2026-07-25-0917,mls,St. Louis CITY SC v Colorado Rapids,2026-07-26T00:30Z,KXMLSTEAMTOTAL-26JUL25STLCOL-STL1,Saint Louis over 0.5 goals,home_team_over_0_5,0.8223,0.86,,1.1628,0.008428,kalshi_0.07p(1-p),0.868428,-0.046128,0.0,0.0,scheduled,2026-07-25T05:10:38.524779+00:00,,"scheduled run; SHADOW — observational, not a recommendation; degraded inputs: AVAILABILITY_COMPLETE,GOALKEEPER_CONFIRMED,LINEUP_CONFIRMED,PLAYER_DATA_FRESH"
2026-07-25-0917,mls,D.C. United v Toronto FC,2026-07-25T23:30Z,KXMLSFTTS-26JUL25DCUTOR-DCU,DC United,home_first_goal,0.5303,0.56,,1.7857,0.017248,kalshi_0.07p(1-p),0.577248,-0.046948,0.0,0.0,scheduled,2026-07-25T05:10:38.361236+00:00,,"scheduled run; SHADOW — observational, not a recommendation; wide spread 9c; degraded inputs: AVAILABILITY_COMPLETE,GOALKEEPER_CONFIRMED,LINEUP_CONFIRMED,PLAYER_DATA_FRESH"
2026-07-25-0917,mls,Portland Timbers v Real Salt Lake,2026-07-26T02:30Z,KXMLSGAME-26JUL25PORRSL-RSL,Salt Lake,away_win,0.3386,0.37,0.366834,2.7027,0.016317,kalshi_0.07p(1-p),0.386317,-0.047717,0.0,0.0,scheduled,2026-07-25T05:10:39.267924+00:00,,"scheduled run; SHADOW — observational, not a recommendation; bid/ask midpoints, overround 0.9950; degraded inputs: AVAILABILITY_COMPLETE,GOALKEEPER_CONFIRMED,LINEUP_CONFIRMED,PLAYER_DATA_FRESH"
2026-07-25-0917,mls,St. Louis CITY SC v Colorado Rapids,2026-07-26T00:30Z,KXMLSGAME-26JUL25STLCOL-STL,Saint Louis,home_win,0.4694,0.5,0.492537,2.0,0.0175,kalshi_0.07p(1-p),0.5175,-0.0481,0.0,0.0,scheduled,2026-07-25T05:10:38.524779+00:00,,"scheduled run; SHADOW — observational, not a recommendation; bid/ask midpoints, overround 1.0050; degraded inputs: AVAILABILITY_COMPLETE,GOALKEEPER_CONFIRMED,LINEUP_CONFIRMED,PLAYER_DATA_FRESH"
2026-07-25-0917,mls,San Jose Earthquakes v LA Galaxy,2026-07-26T02:30Z,KXMLSTEAMTOTAL-26JUL25SJLAG-LAG1,Los Angeles G over 0.5 goals,away_team_over_0_5,0.7435,0.78,,1.2821,0.012012,kalshi_0.07p(1-p),0.792012,-0.048512,0.0,0.0,scheduled,2026-07-25T05:10:39.454779+00:00,,"scheduled run; SHADOW — observational, not a recommendation; degraded inputs: AVAILABILITY_COMPLETE,GOALKEEPER_CONFIRMED,LINEUP_CONFIRMED,PLAYER_DATA_FRESH"
2026-07-25-0917,mls,D.C. United v Toronto FC,2026-07-25T23:30Z,KXMLSTEAMTOTAL-26JUL25DCUTOR-DCU1,DC United over 0.5 goals,home_team_over_0_5,0.7815,0.82,,1.2195,0.010332,kalshi_0.07p(1-p),0.830332,-0.048832,0.0,0.0,scheduled,2026-07-25T05:10:38.361236+00:00,,"scheduled run; SHADOW — observational, not a recommendation; degraded inputs: AVAILABILITY_COMPLETE,GOALKEEPER_CONFIRMED,LINEUP_CONFIRMED,PLAYER_DATA_FRESH"
2026-07-25-0917,mls,Red Bull New York v Charlotte FC,2026-07-25T22:30Z,KXMLSGAME-26JUL25NYRBCLT-NYRB,New York RB,home_win,0.4074,0.44,0.432836,2.2727,0.017248,kalshi_0.07p(1-p),0.457248,-0.049848,0.0,0.0,scheduled,2026-07-25T05:10:39.188457+00:00,,"scheduled run; SHADOW — observational, not a recommendation; bid/ask midpoints, overround 1.0050; degraded inputs: AVAILABILITY_COMPLETE,GOALKEEPER_CONFIRMED,LINEUP_CONFIRMED,PLAYER_DATA_FRESH"
2026-07-25-0917,mls,D.C. United v Toronto FC,2026-07-25T23:30Z,KXMLSFTTS-26JUL25DCUTOR-TOR,Toronto FC,away_first_goal,0.4067,0.44,,2.2727,0.017248,kalshi_0.07p(1-p),0.457248,-0.050548,0.0,0.0,scheduled,2026-07-25T05:10:38.361236+00:00,,"scheduled run; SHADOW — observational, not a recommendation; wide spread 7c; degraded inputs: AVAILABILITY_COMPLETE,GOALKEEPER_CONFIRMED,LINEUP_CONFIRMED,PLAYER_DATA_FRESH"
2026-07-25-0917,mls,San Jose Earthquakes v LA Galaxy,2026-07-26T02:30Z,KXMLSTEAMTOTAL-26JUL25SJLAG-SJ3,San Jose over 2.5 goals,home_team_over_2_5,0.3255,0.36,,2.7778,0.016128,kalshi_0.07p(1-p),0.376128,-0.050628,0.0,0.0,scheduled,2026-07-25T05:10:39.454779+00:00,,"scheduled run; SHADOW — observational, not a recommendation; degraded inputs: AVAILABILITY_COMPLETE,GOALKEEPER_CONFIRMED,LINEUP_CONFIRMED,PLAYER_DATA_FRESH"
2026-07-25-0917,mls,St. Louis CITY SC v Colorado Rapids,2026-07-26T00:30Z,KXMLSTOTAL-26JUL25STLCOL-5,Over 4.5 goals scored,over_4_5,0.1708,0.21,,4.7619,0.011613,kalshi_0.07p(1-p),0.221613,-0.050813,0.0,0.0,scheduled,2026-07-25T05:10:38.524779+00:00,,"scheduled run; SHADOW — observational, not a recommendation; degraded inputs: AVAILABILITY_COMPLETE,GOALKEEPER_CONFIRMED,LINEUP_CONFIRMED,PLAYER_DATA_FRESH"
2026-07-25-0917,mls,St. Louis CITY SC v Colorado Rapids,2026-07-26T00:30Z,KXMLSTOTAL-26JUL25STLCOL-2,Over 1.5 goals scored,over_1_5,0.7884,0.83,,1.2048,0.009877,kalshi_0.07p(1-p),0.839877,-0.051477,0.0,0.0,scheduled,2026-07-25T05:10:38.524779+00:00,,"scheduled run; SHADOW — observational, not a recommendation; degraded inputs: AVAILABILITY_COMPLETE,GOALKEEPER_CONFIRMED,LINEUP_CONFIRMED,PLAYER_DATA_FRESH"
2026-07-25-0917,mls,Houston Dynamo FC v Austin FC,2026-07-26T00:30Z,KXMLSTEAMTOTAL-26JUL25HOUATX-HOU2,Houston over 1.5 goals,home_team_over_1_5,0.5349,0.57,,1.7544,0.017157,kalshi_0.07p(1-p),0.587157,-0.052257,0.0,0.0,scheduled,2026-07-25T05:10:38.713342+00:00,,"scheduled run; SHADOW — observational, not a recommendation; wide spread 6c; degraded inputs: AVAILABILITY_COMPLETE,GOALKEEPER_CONFIRMED,LINEUP_CONFIRMED,PLAYER_DATA_FRESH"
2026-07-25-0917,mls,Columbus Crew v FC Cincinnati,2026-07-25T23:15Z,KXMLSTEAMTOTAL-26JUL25CLBCIN-CLB2,Columbus over 1.5 goals,home_team_over_1_5,0.5938,0.63,,1.5873,0.016317,kalshi_0.07p(1-p),0.646317,-0.052517,0.0,0.0,scheduled,2026-07-25T05:10:38.226744+00:00,,"scheduled run; SHADOW — observational, not a recommendation; degraded inputs: AVAILABILITY_COMPLETE,GOALKEEPER_CONFIRMED,LINEUP_CONFIRMED,PLAYER_DATA_FRESH"
2026-07-25-0917,mls,San Jose Earthquakes v LA Galaxy,2026-07-26T02:30Z,KXMLSFTTS-26JUL25SJLAG-SJ,San Jose Earthquakes,home_first_goal,0.5741,0.61,,1.6393,0.016653,kalshi_0.07p(1-p),0.626653,-0.052553,0.0,0.0,scheduled,2026-07-25T05:10:39.454779+00:00,,"scheduled run; SHADOW — observational, not a recommendation; wide spread 8c; degraded inputs: AVAILABILITY_COMPLETE,GOALKEEPER_CONFIRMED,LINEUP_CONFIRMED,PLAYER_DATA_FRESH"
2026-07-25-0917,mls,Orlando City SC v Nashville SC,2026-07-25T23:30Z,KXMLSGAME-26JUL25ORLNSH-NSH,Nashville,away_win,0.3944,0.43,0.422886,2.3256,0.017157,kalshi_0.07p(1-p),0.447157,-0.052757,0.0,0.0,scheduled,2026-07-25T05:10:38.980692+00:00,,"scheduled run; SHADOW — observational, not a recommendation; bid/ask midpoints, overround 1.0050; degraded inputs: AVAILABILITY_COMPLETE,GOALKEEPER_CONFIRMED,LINEUP_CONFIRMED,PLAYER_DATA_FRESH"
2026-07-25-0917,mls,Minnesota United FC v Vancouver Whitecaps,2026-07-26T00:30Z,KXMLSSPREAD-26JUL25MINVAN-VAN2,Vancouver wins by more than 1.5 goals,away_margin_2,0.2306,0.27,,3.7037,0.013797,kalshi_0.07p(1-p),0.283797,-0.053197,0.0,0.0,scheduled,2026-07-25T05:10:37.982667+00:00,,"scheduled run; SHADOW — observational, not a recommendation; degraded inputs: AVAILABILITY_COMPLETE,GOALKEEPER_CONFIRMED,LINEUP_CONFIRMED,PLAYER_DATA_FRESH"
2026-07-25-0917,mls,San Diego FC v FC Dallas,2026-07-26T01:30Z,KXMLSTEAMTOTAL-26JUL25SDDAL-SD2,San Diego FC over 1.5 goals,home_team_over_1_5,0.5333,0.57,,1.7544,0.017157,kalshi_0.07p(1-p),0.587157,-0.053857,0.0,0.0,scheduled,2026-07-25T05:10:38.072983+00:00,,"scheduled run; SHADOW — observational, not a recommendation; degraded inputs: AVAILABILITY_COMPLETE,GOALKEEPER_CONFIRMED,LINEUP_CONFIRMED,PLAYER_DATA_FRESH"
2026-07-25-0917,mls,Houston Dynamo FC v Austin FC,2026-07-26T00:30Z,KXMLSFTTS-26JUL25HOUATX-ATX,Austin FC,away_first_goal,0.3524,0.39,,2.5641,0.016653,kalshi_0.07p(1-p),0.406653,-0.054253,0.0,0.0,scheduled,2026-07-25T05:10:38.713342+00:00,,"scheduled run; SHADOW — observational, not a recommendation; wide spread 39c; degraded inputs: AVAILABILITY_COMPLETE,GOALKEEPER_CONFIRMED,LINEUP_CONFIRMED,PLAYER_DATA_FRESH"
2026-07-25-0917,mls,Red Bull New York v Charlotte FC,2026-07-25T22:30Z,KXMLSFTTS-26JUL25NYRBCLT-NYRB,New York Red Bulls,home_first_goal,0.508,0.55,,1.8182,0.017325,kalshi_0.07p(1-p),0.567325,-0.059325,0.0,0.0,scheduled,2026-07-25T05:10:39.188457+00:00,,"scheduled run; SHADOW — observational, not a recommendation; wide spread 9c; degraded inputs: AVAILABILITY_COMPLETE,GOALKEEPER_CONFIRMED,LINEUP_CONFIRMED,PLAYER_DATA_FRESH"
2026-07-25-0917,mls,San Diego FC v FC Dallas,2026-07-26T01:30Z,KXMLSSPREAD-26JUL25SDDAL-SD2,San Diego FC wins by more than 1.5 goals,home_margin_2,0.203,0.25,,4.0,0.013125,kalshi_0.07p(1-p),0.263125,-0.060125,0.0,0.0,scheduled,2026-07-25T05:10:38.072983+00:00,,"scheduled run; SHADOW — observational, not a recommendation; degraded inputs: AVAILABILITY_COMPLETE,GOALKEEPER_CONFIRMED,LINEUP_CONFIRMED,PLAYER_DATA_FRESH"
2026-07-25-0917,mls,San Diego FC v FC Dallas,2026-07-26T01:30Z,KXMLSTEAMTOTAL-26JUL25SDDAL-SD3,San Diego FC over 2.5 goals,home_team_over_2_5,0.2637,0.31,,3.2258,0.014973,kalshi_0.07p(1-p),0.324973,-0.061273,0.0,0.0,scheduled,2026-07-25T05:10:38.072983+00:00,,"scheduled run; SHADOW — observational, not a recommendation; wide spread 6c; degraded inputs: AVAILABILITY_COMPLETE,GOALKEEPER_CONFIRMED,LINEUP_CONFIRMED,PLAYER_DATA_FRESH"
2026-07-25-0917,mls,New York City FC v Chicago Fire FC,2026-07-25T23:30Z,KXMLSFTTS-26JUL25NYCCHI-NYC,New York City FC,home_first_goal,0.4859,0.53,,1.8868,0.017437,kalshi_0.07p(1-p),0.547437,-0.061537,0.0,0.0,scheduled,2026-07-25T05:10:38.904218+00:00,,"scheduled run; SHADOW — observational, not a recommendation; wide spread 9c; degraded inputs: AVAILABILITY_COMPLETE,GOALKEEPER_CONFIRMED,LINEUP_CONFIRMED,PLAYER_DATA_FRESH"
2026-07-25-0917,mls,Columbus Crew v FC Cincinnati,2026-07-25T23:15Z,KXMLSTEAMTOTAL-26JUL25CLBCIN-CLB3,Columbus over 2.5 goals,home_team_over_2_5,0.3335,0.38,,2.6316,0.016492,kalshi_0.07p(1-p),0.396492,-0.062992,0.0,0.0,scheduled,2026-07-25T05:10:38.226744+00:00,,"scheduled run; SHADOW — observational, not a recommendation; degraded inputs: AVAILABILITY_COMPLETE,GOALKEEPER_CONFIRMED,LINEUP_CONFIRMED,PLAYER_DATA_FRESH"
2026-07-25-0917,mls,Minnesota United FC v Vancouver Whitecaps,2026-07-26T00:30Z,KXMLSTEAMTOTAL-26JUL25MINVAN-VAN1,Vancouver over 0.5 goals,away_team_over_0_5,0.8145,0.87,,1.1494,0.007917,kalshi_0.07p(1-p),0.877917,-0.063417,0.0,0.0,scheduled,2026-07-25T05:10:37.982667+00:00,,"scheduled run; SHADOW — observational, not a recommendation; wide spread 5c; degraded inputs: AVAILABILITY_COMPLETE,GOALKEEPER_CONFIRMED,LINEUP_CONFIRMED,PLAYER_DATA_FRESH"
2026-07-25-0917,mls,Houston Dynamo FC v Austin FC,2026-07-26T00:30Z,KXMLSFTTS-26JUL25HOUATX-HOU,Houston Dynamo,home_first_goal,0.5916,0.64,,1.5625,0.016128,kalshi_0.07p(1-p),0.656128,-0.064528,0.0,0.0,scheduled,2026-07-25T05:10:38.713342+00:00,,"scheduled run; SHADOW — observational, not a recommendation; wide spread 10c; degraded inputs: AVAILABILITY_COMPLETE,GOALKEEPER_CONFIRMED,LINEUP_CONFIRMED,PLAYER_DATA_FRESH"
2026-07-25-0917,mls,Philadelphia Union v Seattle Sounders FC,2026-07-25T23:30Z,KXMLSGAME-26JUL25PHISEA-PHI,Philadelphia,home_win,0.4425,0.49,0.492386,2.0408,0.017493,kalshi_0.07p(1-p),0.507493,-0.064993,0.0,0.0,scheduled,2026-07-25T05:10:39.384180+00:00,,"scheduled run; SHADOW — observational, not a recommendation; bid/ask midpoints, overround 0.9850; degraded inputs: AVAILABILITY_COMPLETE,GOALKEEPER_CONFIRMED,LINEUP_CONFIRMED,PLAYER_DATA_FRESH"
2026-07-25-0917,mls,Portland Timbers v Real Salt Lake,2026-07-26T02:30Z,KXMLSFTTS-26JUL25PORRSL-RSL,Real Salt Lake,away_first_goal,0.4518,0.5,,2.0,0.0175,kalshi_0.07p(1-p),0.5175,-0.0657,0.0,0.0,scheduled,2026-07-25T05:10:39.267924+00:00,,"scheduled run; SHADOW — observational, not a recommendation; wide spread 7c; degraded inputs: AVAILABILITY_COMPLETE,GOALKEEPER_CONFIRMED,LINEUP_CONFIRMED,PLAYER_DATA_FRESH"
2026-07-25-0917,mls,New England Revolution v Atlanta United FC,2026-07-25T23:30Z,KXMLSFTTS-26JUL25NEATL-NE,New England Revolution,home_first_goal,0.5299,0.58,,1.7241,0.017052,kalshi_0.07p(1-p),0.597052,-0.067152,0.0,0.0,scheduled,2026-07-25T05:10:38.835806+00:00,,"scheduled run; SHADOW — observational, not a recommendation; wide spread 10c; degraded inputs: AVAILABILITY_COMPLETE,GOALKEEPER_CONFIRMED,LINEUP_CONFIRMED,PLAYER_DATA_FRESH"
2026-07-25-0917,mls,St. Louis CITY SC v Colorado Rapids,2026-07-26T00:30Z,KXMLSTEAMTOTAL-26JUL25STLCOL-COL3,Colorado over 2.5 goals,away_team_over_2_5,0.1113,0.17,,5.8824,0.009877,kalshi_0.07p(1-p),0.179877,-0.068577,0.0,0.0,scheduled,2026-07-25T05:10:38.524779+00:00,,"scheduled run; SHADOW — observational, not a recommendation; degraded inputs: AVAILABILITY_COMPLETE,GOALKEEPER_CONFIRMED,LINEUP_CONFIRMED,PLAYER_DATA_FRESH"
2026-07-25-0917,mls,Portland Timbers v Real Salt Lake,2026-07-26T02:30Z,KXMLSTEAMTOTAL-26JUL25PORRSL-RSL2,Salt Lake over 1.5 goals,away_team_over_1_5,0.4784,0.53,,1.8868,0.017437,kalshi_0.07p(1-p),0.547437,-0.069037,0.0,0.0,scheduled,2026-07-25T05:10:39.267924+00:00,,"scheduled run; SHADOW — observational, not a recommendation; wide spread 6c; degraded inputs: AVAILABILITY_COMPLETE,GOALKEEPER_CONFIRMED,LINEUP_CONFIRMED,PLAYER_DATA_FRESH"
2026-07-25-0917,mls,San Jose Earthquakes v LA Galaxy,2026-07-26T02:30Z,KXMLSGAME-26JUL25SJLAG-SJ,San Jose,home_win,0.4784,0.53,0.527638,1.8868,0.017437,kalshi_0.07p(1-p),0.547437,-0.069037,0.0,0.0,scheduled,2026-07-25T05:10:39.454779+00:00,,"scheduled run; SHADOW — observational, not a recommendation; bid/ask midpoints, overround 0.9950; degraded inputs: AVAILABILITY_COMPLETE,GOALKEEPER_CONFIRMED,LINEUP_CONFIRMED,PLAYER_DATA_FRESH"
2026-07-25-0917,mls,CF Montréal v Inter Miami CF,2026-07-25T23:30Z,KXMLSFTTS-26JUL25MTLMIA-MIA,Inter Miami CF,away_first_goal,0.4979,0.55,,1.8182,0.017325,kalshi_0.07p(1-p),0.567325,-0.069425,0.0,0.0,scheduled,2026-07-25T05:10:38.293629+00:00,,"scheduled run; SHADOW — observational, not a recommendation; wide spread 7c; degraded inputs: AVAILABILITY_COMPLETE,GOALKEEPER_CONFIRMED,LINEUP_CONFIRMED,PLAYER_DATA_FRESH"
2026-07-25-0917,mls,Minnesota United FC v Vancouver Whitecaps,2026-07-26T00:30Z,KXMLSTEAMTOTAL-26JUL25MINVAN-VAN3,Vancouver over 2.5 goals,away_team_over_2_5,0.2446,0.3,,3.3333,0.0147,kalshi_0.07p(1-p),0.3147,-0.0701,0.0,0.0,scheduled,2026-07-25T05:10:37.982667+00:00,,"scheduled run; SHADOW — observational, not a recommendation; degraded inputs: AVAILABILITY_COMPLETE,GOALKEEPER_CONFIRMED,LINEUP_CONFIRMED,PLAYER_DATA_FRESH"
2026-07-25-0917,mls,St. Louis CITY SC v Colorado Rapids,2026-07-26T00:30Z,KXMLSTOTAL-26JUL25STLCOL-4,Over 3.5 goals scored,over_3_5,0.3313,0.39,,2.5641,0.016653,kalshi_0.07p(1-p),0.406653,-0.075353,0.0,0.0,scheduled,2026-07-25T05:10:38.524779+00:00,,"scheduled run; SHADOW — observational, not a recommendation; degraded inputs: AVAILABILITY_COMPLETE,GOALKEEPER_CONFIRMED,LINEUP_CONFIRMED,PLAYER_DATA_FRESH"
2026-07-25-0917,mls,San Diego FC v FC Dallas,2026-07-26T01:30Z,KXMLSGAME-26JUL25SDDAL-SD,San Diego FC,home_win,0.3716,0.43,0.429293,2.3256,0.017157,kalshi_0.07p(1-p),0.447157,-0.075557,0.0,0.0,scheduled,2026-07-25T05:10:38.072983+00:00,,"scheduled run; SHADOW — observational, not a recommendation; bid/ask midpoints, overround 0.9900; degraded inputs: AVAILABILITY_COMPLETE,GOALKEEPER_CONFIRMED,LINEUP_CONFIRMED,PLAYER_DATA_FRESH"
2026-07-25-0917,mls,New England Revolution v Atlanta United FC,2026-07-25T23:30Z,KXMLSGAME-26JUL25NEATL-NE,New England,home_win,0.4304,0.49,0.487437,2.0408,0.017493,kalshi_0.07p(1-p),0.507493,-0.077093,0.0,0.0,scheduled,2026-07-25T05:10:38.835806+00:00,,"scheduled run; SHADOW — observational, not a recommendation; bid/ask midpoints, overround 0.9950; degraded inputs: AVAILABILITY_COMPLETE,GOALKEEPER_CONFIRMED,LINEUP_CONFIRMED,PLAYER_DATA_FRESH"
2026-07-25-0917,mls,Minnesota United FC v Vancouver Whitecaps,2026-07-26T00:30Z,KXMLSTEAMTOTAL-26JUL25MINVAN-VAN2,Vancouver over 1.5 goals,away_team_over_1_5,0.51,0.57,,1.7544,0.017157,kalshi_0.07p(1-p),0.587157,-0.077157,0.0,0.0,scheduled,2026-07-25T05:10:37.982667+00:00,,"scheduled run; SHADOW — observational, not a recommendation; degraded inputs: AVAILABILITY_COMPLETE,GOALKEEPER_CONFIRMED,LINEUP_CONFIRMED,PLAYER_DATA_FRESH"
2026-07-25-0917,mls,St. Louis CITY SC v Colorado Rapids,2026-07-26T00:30Z,KXMLSTOTAL-26JUL25STLCOL-3,Over 2.5 goals scored,over_2_5,0.555,0.62,,1.6129,0.016492,kalshi_0.07p(1-p),0.636492,-0.081492,0.0,0.0,scheduled,2026-07-25T05:10:38.524779+00:00,,"scheduled run; SHADOW — observational, not a recommendation; degraded inputs: AVAILABILITY_COMPLETE,GOALKEEPER_CONFIRMED,LINEUP_CONFIRMED,PLAYER_DATA_FRESH"
2026-07-25-0917,mls,Houston Dynamo FC v Austin FC,2026-07-26T00:30Z,KXMLSGAME-26JUL25HOUATX-HOU,Houston,home_win,0.4955,0.56,0.557789,1.7857,0.017248,kalshi_0.07p(1-p),0.577248,-0.081748,0.0,0.0,scheduled,2026-07-25T05:10:38.713342+00:00,,"scheduled run; SHADOW — observational, not a recommendation; bid/ask midpoints, overround 0.9950; degraded inputs: AVAILABILITY_COMPLETE,GOALKEEPER_CONFIRMED,LINEUP_CONFIRMED,PLAYER_DATA_FRESH"
2026-07-25-0917,mls,Columbus Crew v FC Cincinnati,2026-07-25T23:15Z,KXMLSGAME-26JUL25CLBCIN-CLB,Columbus,home_win,0.4486,0.52,0.507389,1.9231,0.017472,kalshi_0.07p(1-p),0.537472,-0.088872,0.0,0.0,scheduled,2026-07-25T05:10:38.226744+00:00,,"scheduled run; SHADOW — observational, not a recommendation; bid/ask midpoints, overround 1.0150; degraded inputs: AVAILABILITY_COMPLETE,GOALKEEPER_CONFIRMED,LINEUP_CONFIRMED,PLAYER_DATA_FRESH"
2026-07-25-0917,mls,CF Montréal v Inter Miami CF,2026-07-25T23:30Z,KXMLSGAME-26JUL25MTLMIA-MIA,Miami,away_win,0.3875,0.46,0.457286,2.1739,0.017388,kalshi_0.07p(1-p),0.477388,-0.089888,0.0,0.0,scheduled,2026-07-25T05:10:38.293629+00:00,,"scheduled run; SHADOW — observational, not a recommendation; bid/ask midpoints, overround 0.9950; degraded inputs: AVAILABILITY_COMPLETE,GOALKEEPER_CONFIRMED,LINEUP_CONFIRMED,PLAYER_DATA_FRESH"
2026-07-25-0917,mls,St. Louis CITY SC v Colorado Rapids,2026-07-26T00:30Z,KXMLSFTTS-26JUL25STLCOL-COL,Colorado Rapids,away_first_goal,0.3763,0.45,,2.2222,0.017325,kalshi_0.07p(1-p),0.467325,-0.091025,0.0,0.0,scheduled,2026-07-25T05:10:38.524779+00:00,,"scheduled run; SHADOW — observational, not a recommendation; wide spread 8c; degraded inputs: AVAILABILITY_COMPLETE,GOALKEEPER_CONFIRMED,LINEUP_CONFIRMED,PLAYER_DATA_FRESH"
2026-07-25-0917,mls,Orlando City SC v Nashville SC,2026-07-25T23:30Z,KXMLSFTTS-26JUL25ORLNSH-NSH,Nashville SC,away_first_goal,0.4961,0.57,,1.7544,0.017157,kalshi_0.07p(1-p),0.587157,-0.091057,0.0,0.0,scheduled,2026-07-25T05:10:38.980692+00:00,,"scheduled run; SHADOW — observational, not a recommendation; wide spread 10c; degraded inputs: AVAILABILITY_COMPLETE,GOALKEEPER_CONFIRMED,LINEUP_CONFIRMED,PLAYER_DATA_FRESH"
2026-07-25-0917,mls,St. Louis CITY SC v Colorado Rapids,2026-07-26T00:30Z,KXMLSTEAMTOTAL-26JUL25STLCOL-COL1,Colorado over 0.5 goals,away_team_over_0_5,0.6871,0.77,,1.2987,0.012397,kalshi_0.07p(1-p),0.782397,-0.095297,0.0,0.0,scheduled,2026-07-25T05:10:38.524779+00:00,,"scheduled run; SHADOW — observational, not a recommendation; degraded inputs: AVAILABILITY_COMPLETE,GOALKEEPER_CONFIRMED,LINEUP_CONFIRMED,PLAYER_DATA_FRESH"
2026-07-25-0917,mls,Columbus Crew v FC Cincinnati,2026-07-25T23:15Z,KXMLSFTTS-26JUL25CLBCIN-CLB,Columbus Crew,home_first_goal,0.551,0.63,,1.5873,0.016317,kalshi_0.07p(1-p),0.646317,-0.095317,0.0,0.0,scheduled,2026-07-25T05:10:38.226744+00:00,,"scheduled run; SHADOW — observational, not a recommendation; wide spread 13c; degraded inputs: AVAILABILITY_COMPLETE,GOALKEEPER_CONFIRMED,LINEUP_CONFIRMED,PLAYER_DATA_FRESH"
2026-07-25-0917,mls,St. Louis CITY SC v Colorado Rapids,2026-07-26T00:30Z,KXMLSBTTS-26JUL25STLCOL-BTTS,Both Teams To Score,btts,0.5603,0.64,,1.5625,0.016128,kalshi_0.07p(1-p),0.656128,-0.095828,0.0,0.0,scheduled,2026-07-25T05:10:38.524779+00:00,,"scheduled run; SHADOW — observational, not a recommendation; degraded inputs: AVAILABILITY_COMPLETE,GOALKEEPER_CONFIRMED,LINEUP_CONFIRMED,PLAYER_DATA_FRESH"
2026-07-25-0917,mls,St. Louis CITY SC v Colorado Rapids,2026-07-26T00:30Z,KXMLSTEAMTOTAL-26JUL25STLCOL-COL2,Colorado over 1.5 goals,away_team_over_1_5,0.3243,0.41,,2.439,0.016933,kalshi_0.07p(1-p),0.426933,-0.102633,0.0,0.0,scheduled,2026-07-25T05:10:38.524779+00:00,,"scheduled run; SHADOW — observational, not a recommendation; degraded inputs: AVAILABILITY_COMPLETE,GOALKEEPER_CONFIRMED,LINEUP_CONFIRMED,PLAYER_DATA_FRESH"
2026-07-25-0917,mls,Minnesota United FC v Vancouver Whitecaps,2026-07-26T00:30Z,KXMLSFTTS-26JUL25MINVAN-VAN,Vancouver Whitecaps FC,away_first_goal,0.5059,0.61,,1.6393,0.016653,kalshi_0.07p(1-p),0.626653,-0.120753,0.0,0.0,scheduled,2026-07-25T05:10:37.982667+00:00,,"scheduled run; SHADOW — observational, not a recommendation; wide spread 9c; degraded inputs: AVAILABILITY_COMPLETE,GOALKEEPER_CONFIRMED,LINEUP_CONFIRMED,PLAYER_DATA_FRESH"
2026-07-25-0917,mls,San Diego FC v FC Dallas,2026-07-26T01:30Z,KXMLSFTTS-26JUL25SDDAL-SD,San Diego FC,home_first_goal,0.4832,0.59,,1.6949,0.016933,kalshi_0.07p(1-p),0.606933,-0.123733,0.0,0.0,scheduled,2026-07-25T05:10:38.072983+00:00,,"scheduled run; SHADOW — observational, not a recommendation; wide spread 13c; degraded inputs: AVAILABILITY_COMPLETE,GOALKEEPER_CONFIRMED,LINEUP_CONFIRMED,PLAYER_DATA_FRESH"
2026-07-25-0917,mls,Minnesota United FC v Vancouver Whitecaps,2026-07-26T00:30Z,KXMLSGAME-26JUL25MINVAN-VAN,Vancouver,away_win,0.4058,0.52,0.512438,1.9231,0.017472,kalshi_0.07p(1-p),0.537472,-0.131672,0.0,0.0,scheduled,2026-07-25T05:10:37.982667+00:00,,"scheduled run; SHADOW — observational, not a recommendation; bid/ask midpoints, overround 1.0050; degraded inputs: AVAILABILITY_COMPLETE,GOALKEEPER_CONFIRMED,LINEUP_CONFIRMED,PLAYER_DATA_FRESH"
2026-07-25-0917,mls,LAFC v Sporting Kansas City,2026-07-26T02:30Z,KXMLSGAME-26JUL25LAFCSKC-LAFC,Los Angeles F,home_win,0.5983,0.79,0.788945,1.2658,0.011613,kalshi_0.07p(1-p),0.801613,-0.203313,0.0,0.0,scheduled,2026-07-25T05:10:38.600553+00:00,,"scheduled run; SHADOW — observational, not a recommendation; bid/ask midpoints, overround 0.9950; degraded inputs: AVAILABILITY_COMPLETE,GOALKEEPER_CONFIRMED,LINEUP_CONFIRMED,PLAYER_DATA_FRESH"
