run_id,board,match,kickoff,market_id,market,model_key,model_prob,implied_prob,implied_prob_devig,decimal_odds,fee,fee_model,entry_cost,edge,kelly_full,kelly_quarter,run_type,model_captured_at,confidence,confidence_note
2026-07-25-2049,mls,LAFC v Sporting Kansas City,2026-07-26T02:30Z,KXMLSGAME-26JUL25LAFCSKC-SKC,Kansas City,away_win,0.189,0.1,0.095477,10.0,0.0063,kalshi_0.07p(1-p),0.1063,0.0827,0.092537,0.023134,scheduled,2026-07-25T17:55:31.279521+00:00,,"scheduled run; SHADOW — observational, not a recommendation; bid/ask midpoints, overround 0.9950; degraded inputs: AVAILABILITY_COMPLETE,GOALKEEPER_CONFIRMED,LINEUP_CONFIRMED,PLAYER_DATA_FRESH"
2026-07-25-2049,mls,LAFC v Sporting Kansas City,2026-07-26T02:30Z,KXMLSGAME-26JUL25LAFCSKC-TIE,Tie,draw,0.2126,0.13,0.125628,7.6923,0.007917,kalshi_0.07p(1-p),0.137917,0.074683,0.086631,0.021658,scheduled,2026-07-25T17:55:31.279521+00:00,,"scheduled run; SHADOW — observational, not a recommendation; bid/ask midpoints, overround 0.9950; degraded inputs: AVAILABILITY_COMPLETE,GOALKEEPER_CONFIRMED,LINEUP_CONFIRMED,PLAYER_DATA_FRESH"
2026-07-25-2049,mls,New York City FC v Chicago Fire FC,2026-07-25T23:30Z,KXMLSTOTAL-26JUL25NYCCHI-5,Over 4.5 goals scored,over_4_5,0.2504,0.19,,5.2632,0.010773,kalshi_0.07p(1-p),0.200773,0.049627,0.062094,0.015523,scheduled,2026-07-25T17:55:31.743943+00:00,,"scheduled run; SHADOW — observational, not a recommendation; degraded inputs: AVAILABILITY_COMPLETE,GOALKEEPER_CONFIRMED,LINEUP_CONFIRMED,PLAYER_DATA_FRESH"
2026-07-25-2049,mls,Minnesota United FC v Vancouver Whitecaps,2026-07-26T00:30Z,KXMLSSPREAD-26JUL25MINVAN-MIN2,Minnesota wins by more than 1.5 goals,home_margin_2,0.1645,0.11,,9.0909,0.006853,kalshi_0.07p(1-p),0.116853,0.047647,0.053951,0.013488,scheduled,2026-07-25T17:55:30.465566+00:00,,"scheduled run; SHADOW — observational, not a recommendation; degraded inputs: AVAILABILITY_COMPLETE,GOALKEEPER_CONFIRMED,LINEUP_CONFIRMED,PLAYER_DATA_FRESH"
2026-07-25-2049,mls,Philadelphia Union v Seattle Sounders FC,2026-07-25T23:30Z,KXMLSGAME-26JUL25PHISEA-SEA,Seattle,away_win,0.3094,0.25,0.243781,4.0,0.013125,kalshi_0.07p(1-p),0.263125,0.046275,0.062799,0.0157,scheduled,2026-07-25T17:55:32.485996+00:00,,"scheduled run; SHADOW — observational, not a recommendation; bid/ask midpoints, overround 1.0050; degraded inputs: AVAILABILITY_COMPLETE,GOALKEEPER_CONFIRMED,LINEUP_CONFIRMED,PLAYER_DATA_FRESH"
2026-07-25-2049,mls,Minnesota United FC v Vancouver Whitecaps,2026-07-26T00:30Z,KXMLSGAME-26JUL25MINVAN-MIN,Minnesota,home_win,0.3378,0.28,0.273632,3.5714,0.014112,kalshi_0.07p(1-p),0.294112,0.043688,0.061891,0.015473,scheduled,2026-07-25T17:55:30.465566+00:00,,"scheduled run; SHADOW — observational, not a recommendation; bid/ask midpoints, overround 1.0050; degraded inputs: AVAILABILITY_COMPLETE,GOALKEEPER_CONFIRMED,LINEUP_CONFIRMED,PLAYER_DATA_FRESH"
2026-07-25-2049,mls,New York City FC v Chicago Fire FC,2026-07-25T23:30Z,KXMLSTEAMTOTAL-26JUL25NYCCHI-NYC3,New York City over 2.5 goals,home_team_over_2_5,0.2433,0.19,,5.2632,0.010773,kalshi_0.07p(1-p),0.200773,0.042527,0.05321,0.013303,scheduled,2026-07-25T17:55:31.743943+00:00,,"scheduled run; SHADOW — observational, not a recommendation; degraded inputs: AVAILABILITY_COMPLETE,GOALKEEPER_CONFIRMED,LINEUP_CONFIRMED,PLAYER_DATA_FRESH"
2026-07-25-2049,mls,Houston Dynamo FC v Austin FC,2026-07-26T00:30Z,KXMLSGAME-26JUL25HOUATX-ATX,Austin,away_win,0.2525,0.2,0.19797,5.0,0.0112,kalshi_0.07p(1-p),0.2112,0.0413,0.052358,0.01309,scheduled,2026-07-25T17:55:31.429688+00:00,,"scheduled run; SHADOW — observational, not a recommendation; bid/ask midpoints, overround 0.9850; degraded inputs: AVAILABILITY_COMPLETE,GOALKEEPER_CONFIRMED,LINEUP_CONFIRMED,PLAYER_DATA_FRESH"
2026-07-25-2049,mls,CF Montréal v Inter Miami CF,2026-07-25T23:30Z,KXMLSTEAMTOTAL-26JUL25MTLMIA-MTL3,Montreal over 2.5 goals,home_team_over_2_5,0.2836,0.23,,4.3478,0.012397,kalshi_0.07p(1-p),0.242397,0.041203,0.054386,0.013597,scheduled,2026-07-25T17:55:30.828400+00:00,,"scheduled run; SHADOW — observational, not a recommendation; degraded inputs: AVAILABILITY_COMPLETE,GOALKEEPER_CONFIRMED,LINEUP_CONFIRMED,PLAYER_DATA_FRESH"
2026-07-25-2049,mls,Columbus Crew v FC Cincinnati,2026-07-25T23:15Z,KXMLSTOTAL-26JUL25CLBCIN-5,Over 4.5 goals scored,over_4_5,0.2924,0.24,,4.1667,0.012768,kalshi_0.07p(1-p),0.252768,0.039632,0.053038,0.01326,scheduled,2026-07-25T17:55:30.226896+00:00,,"scheduled run; SHADOW — observational, not a recommendation; degraded inputs: AVAILABILITY_COMPLETE,GOALKEEPER_CONFIRMED,LINEUP_CONFIRMED,PLAYER_DATA_FRESH"
2026-07-25-2049,mls,Columbus Crew v FC Cincinnati,2026-07-25T23:15Z,KXMLSTEAMTOTAL-26JUL25CLBCIN-CLB3,Columbus over 2.5 goals,home_team_over_2_5,0.3335,0.28,,3.5714,0.014112,kalshi_0.07p(1-p),0.294112,0.039388,0.055799,0.01395,scheduled,2026-07-25T17:55:30.226896+00:00,,"scheduled run; SHADOW — observational, not a recommendation; degraded inputs: AVAILABILITY_COMPLETE,GOALKEEPER_CONFIRMED,LINEUP_CONFIRMED,PLAYER_DATA_FRESH"
2026-07-25-2049,mls,Philadelphia Union v Seattle Sounders FC,2026-07-25T23:30Z,KXMLSTEAMTOTAL-26JUL25PHISEA-SEA2,Seattle over 1.5 goals,away_team_over_1_5,0.4146,0.36,,2.7778,0.016128,kalshi_0.07p(1-p),0.376128,0.038472,0.061666,0.015417,scheduled,2026-07-25T17:55:32.485996+00:00,,"scheduled run; SHADOW — observational, not a recommendation; degraded inputs: AVAILABILITY_COMPLETE,GOALKEEPER_CONFIRMED,LINEUP_CONFIRMED,PLAYER_DATA_FRESH"
2026-07-25-2049,mls,New York City FC v Chicago Fire FC,2026-07-25T23:30Z,KXMLSTOTAL-26JUL25NYCCHI-4,Over 3.5 goals scored,over_3_5,0.4348,0.38,,2.6316,0.016492,kalshi_0.07p(1-p),0.396492,0.038308,0.063476,0.015869,scheduled,2026-07-25T17:55:31.743943+00:00,,"scheduled run; SHADOW — observational, not a recommendation; degraded inputs: AVAILABILITY_COMPLETE,GOALKEEPER_CONFIRMED,LINEUP_CONFIRMED,PLAYER_DATA_FRESH"
2026-07-25-2049,mls,San Diego FC v FC Dallas,2026-07-26T01:30Z,KXMLSSPREAD-26JUL25SDDAL-DAL2,Dallas wins by more than 1.5 goals,away_margin_2,0.2073,0.16,,6.25,0.009408,kalshi_0.07p(1-p),0.169408,0.037892,0.04562,0.011405,scheduled,2026-07-25T17:55:30.585487+00:00,,"scheduled run; SHADOW — observational, not a recommendation; degraded inputs: AVAILABILITY_COMPLETE,GOALKEEPER_CONFIRMED,LINEUP_CONFIRMED,PLAYER_DATA_FRESH"
2026-07-25-2049,mls,New England Revolution v Atlanta United FC,2026-07-25T23:30Z,KXMLSTOTAL-26JUL25NEATL-4,Over 3.5 goals scored,over_3_5,0.3935,0.34,,2.9412,0.015708,kalshi_0.07p(1-p),0.355708,0.037792,0.058657,0.014664,scheduled,2026-07-25T17:55:31.627771+00:00,,"scheduled run; SHADOW — observational, not a recommendation; degraded inputs: AVAILABILITY_COMPLETE,GOALKEEPER_CONFIRMED,LINEUP_CONFIRMED,PLAYER_DATA_FRESH"
2026-07-25-2049,mls,Minnesota United FC v Vancouver Whitecaps,2026-07-26T00:30Z,KXMLSTEAMTOTAL-26JUL25MINVAN-MIN3,Minnesota over 2.5 goals,home_team_over_2_5,0.1946,0.15,,6.6667,0.008925,kalshi_0.07p(1-p),0.158925,0.035675,0.042416,0.010604,scheduled,2026-07-25T17:55:30.465566+00:00,,"scheduled run; SHADOW — observational, not a recommendation; degraded inputs: AVAILABILITY_COMPLETE,GOALKEEPER_CONFIRMED,LINEUP_CONFIRMED,PLAYER_DATA_FRESH"
2026-07-25-2049,mls,Minnesota United FC v Vancouver Whitecaps,2026-07-26T00:30Z,KXMLSTEAMTOTAL-26JUL25MINVAN-MIN2,Minnesota over 1.5 goals,home_team_over_1_5,0.4422,0.39,,2.5641,0.016653,kalshi_0.07p(1-p),0.406653,0.035547,0.059909,0.014977,scheduled,2026-07-25T17:55:30.465566+00:00,,"scheduled run; SHADOW — observational, not a recommendation; degraded inputs: AVAILABILITY_COMPLETE,GOALKEEPER_CONFIRMED,LINEUP_CONFIRMED,PLAYER_DATA_FRESH"
2026-07-25-2049,mls,Columbus Crew v FC Cincinnati,2026-07-25T23:15Z,KXMLSTOTAL-26JUL25CLBCIN-4,Over 3.5 goals scored,over_3_5,0.4826,0.43,,2.3256,0.017157,kalshi_0.07p(1-p),0.447157,0.035443,0.06411,0.016028,scheduled,2026-07-25T17:55:30.226896+00:00,,"scheduled run; SHADOW — observational, not a recommendation; degraded inputs: AVAILABILITY_COMPLETE,GOALKEEPER_CONFIRMED,LINEUP_CONFIRMED,PLAYER_DATA_FRESH"
2026-07-25-2049,mls,New England Revolution v Atlanta United FC,2026-07-25T23:30Z,KXMLSTOTAL-26JUL25NEATL-3,Over 2.5 goals scored,over_2_5,0.622,0.57,,1.7544,0.017157,kalshi_0.07p(1-p),0.587157,0.034843,0.084398,0.021099,scheduled,2026-07-25T17:55:31.627771+00:00,,"scheduled run; SHADOW — observational, not a recommendation; degraded inputs: AVAILABILITY_COMPLETE,GOALKEEPER_CONFIRMED,LINEUP_CONFIRMED,PLAYER_DATA_FRESH"
2026-07-25-2049,mls,CF Montréal v Inter Miami CF,2026-07-25T23:30Z,KXMLSSPREAD-26JUL25MTLMIA-MTL2,Montreal wins by more than 1.5 goals,home_margin_2,0.2028,0.16,,6.25,0.009408,kalshi_0.07p(1-p),0.169408,0.033392,0.040203,0.010051,scheduled,2026-07-25T17:55:30.828400+00:00,,"scheduled run; SHADOW — observational, not a recommendation; degraded inputs: AVAILABILITY_COMPLETE,GOALKEEPER_CONFIRMED,LINEUP_CONFIRMED,PLAYER_DATA_FRESH"
2026-07-25-2049,mls,New England Revolution v Atlanta United FC,2026-07-25T23:30Z,KXMLSTOTAL-26JUL25NEATL-5,Over 4.5 goals scored,over_4_5,0.2124,0.17,,5.8824,0.009877,kalshi_0.07p(1-p),0.179877,0.032523,0.039656,0.009914,scheduled,2026-07-25T17:55:31.627771+00:00,,"scheduled run; SHADOW — observational, not a recommendation; degraded inputs: AVAILABILITY_COMPLETE,GOALKEEPER_CONFIRMED,LINEUP_CONFIRMED,PLAYER_DATA_FRESH"
2026-07-25-2049,mls,Philadelphia Union v Seattle Sounders FC,2026-07-25T23:30Z,KXMLSFTTS-26JUL25PHISEA-SEA,Seattle Sounders,away_first_goal,0.4166,0.37,,2.7027,0.016317,kalshi_0.07p(1-p),0.386317,0.030283,0.049346,0.012337,scheduled,2026-07-25T17:55:32.485996+00:00,,"scheduled run; SHADOW — observational, not a recommendation; degraded inputs: AVAILABILITY_COMPLETE,GOALKEEPER_CONFIRMED,LINEUP_CONFIRMED,PLAYER_DATA_FRESH"
2026-07-25-2049,mls,New York City FC v Chicago Fire FC,2026-07-25T23:30Z,KXMLSTOTAL-26JUL25NYCCHI-3,Over 2.5 goals scored,over_2_5,0.647,0.6,,1.6667,0.0168,kalshi_0.07p(1-p),0.6168,0.0302,0.07881,0.019703,scheduled,2026-07-25T17:55:31.743943+00:00,,"scheduled run; SHADOW — observational, not a recommendation; degraded inputs: AVAILABILITY_COMPLETE,GOALKEEPER_CONFIRMED,LINEUP_CONFIRMED,PLAYER_DATA_FRESH"
2026-07-25-2049,mls,San Diego FC v FC Dallas,2026-07-26T01:30Z,KXMLSTEAMTOTAL-26JUL25SDDAL-DAL3,Dallas over 2.5 goals,away_team_over_2_5,0.2719,0.23,,4.3478,0.012397,kalshi_0.07p(1-p),0.242397,0.029503,0.038943,0.009736,scheduled,2026-07-25T17:55:30.585487+00:00,,"scheduled run; SHADOW — observational, not a recommendation; degraded inputs: AVAILABILITY_COMPLETE,GOALKEEPER_CONFIRMED,LINEUP_CONFIRMED,PLAYER_DATA_FRESH"
2026-07-25-2049,mls,New York City FC v Chicago Fire FC,2026-07-25T23:30Z,KXMLSTOTAL-26JUL25NYCCHI-2,Over 1.5 goals scored,over_1_5,0.8502,0.81,,1.2346,0.010773,kalshi_0.07p(1-p),0.820773,0.029427,0.164188,0.041047,scheduled,2026-07-25T17:55:31.743943+00:00,,"scheduled run; SHADOW — observational, not a recommendation; degraded inputs: AVAILABILITY_COMPLETE,GOALKEEPER_CONFIRMED,LINEUP_CONFIRMED,PLAYER_DATA_FRESH"
2026-07-25-2049,mls,New York City FC v Chicago Fire FC,2026-07-25T23:30Z,KXMLSTOTAL-26JUL25NYCCHI-6,Over 5.5 goals scored,over_5_5,0.125,0.09,,11.1111,0.005733,kalshi_0.07p(1-p),0.095733,0.029267,0.032365,0.008091,scheduled,2026-07-25T17:55:31.743943+00:00,,"scheduled run; SHADOW — observational, not a recommendation; degraded inputs: AVAILABILITY_COMPLETE,GOALKEEPER_CONFIRMED,LINEUP_CONFIRMED,PLAYER_DATA_FRESH"
2026-07-25-2049,mls,Philadelphia Union v Seattle Sounders FC,2026-07-25T23:30Z,KXMLSTOTAL-26JUL25PHISEA-5,Over 4.5 goals scored,over_4_5,0.2403,0.2,,5.0,0.0112,kalshi_0.07p(1-p),0.2112,0.0291,0.036891,0.009223,scheduled,2026-07-25T17:55:32.485996+00:00,,"scheduled run; SHADOW — observational, not a recommendation; degraded inputs: AVAILABILITY_COMPLETE,GOALKEEPER_CONFIRMED,LINEUP_CONFIRMED,PLAYER_DATA_FRESH"
2026-07-25-2049,mls,Columbus Crew v FC Cincinnati,2026-07-25T23:15Z,KXMLSTOTAL-26JUL25CLBCIN-6,Over 5.5 goals scored,over_5_5,0.1559,0.12,,8.3333,0.007392,kalshi_0.07p(1-p),0.127392,0.028508,0.03267,0.008167,scheduled,2026-07-25T17:55:30.226896+00:00,,"scheduled run; SHADOW — observational, not a recommendation; degraded inputs: AVAILABILITY_COMPLETE,GOALKEEPER_CONFIRMED,LINEUP_CONFIRMED,PLAYER_DATA_FRESH"
2026-07-25-2049,mls,New England Revolution v Atlanta United FC,2026-07-25T23:30Z,KXMLSTEAMTOTAL-26JUL25NEATL-NE3,New England over 2.5 goals,home_team_over_2_5,0.2602,0.22,,4.5455,0.012012,kalshi_0.07p(1-p),0.232012,0.028188,0.036704,0.009176,scheduled,2026-07-25T17:55:31.627771+00:00,,"scheduled run; SHADOW — observational, not a recommendation; degraded inputs: AVAILABILITY_COMPLETE,GOALKEEPER_CONFIRMED,LINEUP_CONFIRMED,PLAYER_DATA_FRESH"
2026-07-25-2049,mls,Philadelphia Union v Seattle Sounders FC,2026-07-25T23:30Z,KXMLSTOTAL-26JUL25PHISEA-4,Over 3.5 goals scored,over_3_5,0.4239,0.38,,2.6316,0.016492,kalshi_0.07p(1-p),0.396492,0.027408,0.045414,0.011354,scheduled,2026-07-25T17:55:32.485996+00:00,,"scheduled run; SHADOW — observational, not a recommendation; degraded inputs: AVAILABILITY_COMPLETE,GOALKEEPER_CONFIRMED,LINEUP_CONFIRMED,PLAYER_DATA_FRESH"
2026-07-25-2049,mls,CF Montréal v Inter Miami CF,2026-07-25T23:30Z,KXMLSGAME-26JUL25MTLMIA-MTL,Montreal,home_win,0.3726,0.33,0.326633,3.0303,0.015477,kalshi_0.07p(1-p),0.345477,0.027123,0.041439,0.01036,scheduled,2026-07-25T17:55:30.828400+00:00,,"scheduled run; SHADOW — observational, not a recommendation; bid/ask midpoints, overround 0.9950; degraded inputs: AVAILABILITY_COMPLETE,GOALKEEPER_CONFIRMED,LINEUP_CONFIRMED,PLAYER_DATA_FRESH"
2026-07-25-2049,mls,Philadelphia Union v Seattle Sounders FC,2026-07-25T23:30Z,KXMLSTEAMTOTAL-26JUL25PHISEA-SEA3,Seattle over 2.5 goals,away_team_over_2_5,0.1753,0.14,,7.1429,0.008428,kalshi_0.07p(1-p),0.148428,0.026872,0.031556,0.007889,scheduled,2026-07-25T17:55:32.485996+00:00,,"scheduled run; SHADOW — observational, not a recommendation; degraded inputs: AVAILABILITY_COMPLETE,GOALKEEPER_CONFIRMED,LINEUP_CONFIRMED,PLAYER_DATA_FRESH"
2026-07-25-2049,mls,CF Montréal v Inter Miami CF,2026-07-25T23:30Z,KXMLSTOTAL-26JUL25MTLMIA-5,Over 4.5 goals scored,over_4_5,0.3207,0.28,,3.5714,0.014112,kalshi_0.07p(1-p),0.294112,0.026588,0.037666,0.009417,scheduled,2026-07-25T17:55:30.828400+00:00,,"scheduled run; SHADOW — observational, not a recommendation; degraded inputs: AVAILABILITY_COMPLETE,GOALKEEPER_CONFIRMED,LINEUP_CONFIRMED,PLAYER_DATA_FRESH"
2026-07-25-2049,mls,Philadelphia Union v Seattle Sounders FC,2026-07-25T23:30Z,KXMLSTOTAL-26JUL25PHISEA-3,Over 2.5 goals scored,over_2_5,0.6432,0.6,,1.6667,0.0168,kalshi_0.07p(1-p),0.6168,0.0264,0.068894,0.017223,scheduled,2026-07-25T17:55:32.485996+00:00,,"scheduled run; SHADOW — observational, not a recommendation; degraded inputs: AVAILABILITY_COMPLETE,GOALKEEPER_CONFIRMED,LINEUP_CONFIRMED,PLAYER_DATA_FRESH"
2026-07-25-2049,mls,Philadelphia Union v Seattle Sounders FC,2026-07-25T23:30Z,KXMLSSPREAD-26JUL25PHISEA-SEA2,Seattle wins by more than 1.5 goals,away_margin_2,0.1326,0.1,,10.0,0.0063,kalshi_0.07p(1-p),0.1063,0.0263,0.029428,0.007357,scheduled,2026-07-25T17:55:32.485996+00:00,,"scheduled run; SHADOW — observational, not a recommendation; degraded inputs: AVAILABILITY_COMPLETE,GOALKEEPER_CONFIRMED,LINEUP_CONFIRMED,PLAYER_DATA_FRESH"
2026-07-25-2049,mls,New York City FC v Chicago Fire FC,2026-07-25T23:30Z,KXMLSTEAMTOTAL-26JUL25NYCCHI-NYC2,New York City over 1.5 goals,home_team_over_1_5,0.503,0.46,,2.1739,0.017388,kalshi_0.07p(1-p),0.477388,0.025612,0.049008,0.012252,scheduled,2026-07-25T17:55:31.743943+00:00,,"scheduled run; SHADOW — observational, not a recommendation; degraded inputs: AVAILABILITY_COMPLETE,GOALKEEPER_CONFIRMED,LINEUP_CONFIRMED,PLAYER_DATA_FRESH"
2026-07-25-2049,mls,CF Montréal v Inter Miami CF,2026-07-25T23:30Z,KXMLSSPREAD-26JUL25MTLMIA-MTL3,Montreal wins by more than 2.5 goals,home_margin_3,0.0894,0.06,,16.6667,0.003948,kalshi_0.07p(1-p),0.063948,0.025452,0.027191,0.006798,scheduled,2026-07-25T17:55:30.828400+00:00,,"scheduled run; SHADOW — observational, not a recommendation; degraded inputs: AVAILABILITY_COMPLETE,GOALKEEPER_CONFIRMED,LINEUP_CONFIRMED,PLAYER_DATA_FRESH"
2026-07-25-2049,mls,Minnesota United FC v Vancouver Whitecaps,2026-07-26T00:30Z,KXMLSSPREAD-26JUL25MINVAN-MIN3,Minnesota wins by more than 2.5 goals,home_margin_3,0.0679,0.04,,25.0,0.002688,kalshi_0.07p(1-p),0.042688,0.025212,0.026336,0.006584,scheduled,2026-07-25T17:55:30.465566+00:00,,"scheduled run; SHADOW — observational, not a recommendation; degraded inputs: AVAILABILITY_COMPLETE,GOALKEEPER_CONFIRMED,LINEUP_CONFIRMED,PLAYER_DATA_FRESH"
2026-07-25-2049,mls,New England Revolution v Atlanta United FC,2026-07-25T23:30Z,KXMLSSPREAD-26JUL25NEATL-ATL2,Atlanta wins by more than 1.5 goals,away_margin_2,0.1418,0.11,,9.0909,0.006853,kalshi_0.07p(1-p),0.116853,0.024947,0.028248,0.007062,scheduled,2026-07-25T17:55:31.627771+00:00,,"scheduled run; SHADOW — observational, not a recommendation; degraded inputs: AVAILABILITY_COMPLETE,GOALKEEPER_CONFIRMED,LINEUP_CONFIRMED,PLAYER_DATA_FRESH"
2026-07-25-2049,mls,Columbus Crew v FC Cincinnati,2026-07-25T23:15Z,KXMLSTOTAL-26JUL25CLBCIN-3,Over 2.5 goals scored,over_2_5,0.6902,0.65,,1.5385,0.015925,kalshi_0.07p(1-p),0.665925,0.024275,0.072663,0.018166,scheduled,2026-07-25T17:55:30.226896+00:00,,"scheduled run; SHADOW — observational, not a recommendation; degraded inputs: AVAILABILITY_COMPLETE,GOALKEEPER_CONFIRMED,LINEUP_CONFIRMED,PLAYER_DATA_FRESH"
2026-07-25-2049,mls,New England Revolution v Atlanta United FC,2026-07-25T23:30Z,KXMLSTOTAL-26JUL25NEATL-2,Over 1.5 goals scored,over_1_5,0.8257,0.79,,1.2658,0.011613,kalshi_0.07p(1-p),0.801613,0.024087,0.121414,0.030354,scheduled,2026-07-25T17:55:31.627771+00:00,,"scheduled run; SHADOW — observational, not a recommendation; degraded inputs: AVAILABILITY_COMPLETE,GOALKEEPER_CONFIRMED,LINEUP_CONFIRMED,PLAYER_DATA_FRESH"
2026-07-25-2049,mls,New England Revolution v Atlanta United FC,2026-07-25T23:30Z,KXMLSTEAMTOTAL-26JUL25NEATL-ATL2,Atlanta over 1.5 goals,away_team_over_1_5,0.4095,0.37,,2.7027,0.016317,kalshi_0.07p(1-p),0.386317,0.023183,0.037777,0.009444,scheduled,2026-07-25T17:55:31.627771+00:00,,"scheduled run; SHADOW — observational, not a recommendation; degraded inputs: AVAILABILITY_COMPLETE,GOALKEEPER_CONFIRMED,LINEUP_CONFIRMED,PLAYER_DATA_FRESH"
2026-07-25-2049,mls,New York City FC v Chicago Fire FC,2026-07-25T23:30Z,KXMLSSPREAD-26JUL25NYCCHI-NYC2,New York City wins by more than 1.5 goals,home_margin_2,0.2027,0.17,,5.8824,0.009877,kalshi_0.07p(1-p),0.179877,0.022823,0.027829,0.006957,scheduled,2026-07-25T17:55:31.743943+00:00,,"scheduled run; SHADOW — observational, not a recommendation; degraded inputs: AVAILABILITY_COMPLETE,GOALKEEPER_CONFIRMED,LINEUP_CONFIRMED,PLAYER_DATA_FRESH"
2026-07-25-2049,mls,San Diego FC v FC Dallas,2026-07-26T01:30Z,KXMLSGAME-26JUL25SDDAL-DAL,Dallas,away_win,0.3776,0.34,0.336683,2.9412,0.015708,kalshi_0.07p(1-p),0.355708,0.021892,0.033978,0.008495,scheduled,2026-07-25T17:55:30.585487+00:00,,"scheduled run; SHADOW — observational, not a recommendation; bid/ask midpoints, overround 0.9950; degraded inputs: AVAILABILITY_COMPLETE,GOALKEEPER_CONFIRMED,LINEUP_CONFIRMED,PLAYER_DATA_FRESH"
2026-07-25-2049,mls,San Diego FC v FC Dallas,2026-07-26T01:30Z,KXMLSSPREAD-26JUL25SDDAL-DAL3,Dallas wins by more than 2.5 goals,away_margin_3,0.0962,0.07,,14.2857,0.004557,kalshi_0.07p(1-p),0.074557,0.021643,0.023387,0.005847,scheduled,2026-07-25T17:55:30.585487+00:00,,"scheduled run; SHADOW — observational, not a recommendation; degraded inputs: AVAILABILITY_COMPLETE,GOALKEEPER_CONFIRMED,LINEUP_CONFIRMED,PLAYER_DATA_FRESH"
2026-07-25-2049,mls,New York City FC v Chicago Fire FC,2026-07-25T23:30Z,KXMLSSPREAD-26JUL25NYCCHI-NYC3,New York City wins by more than 2.5 goals,home_margin_3,0.0854,0.06,,16.6667,0.003948,kalshi_0.07p(1-p),0.063948,0.021452,0.022918,0.005729,scheduled,2026-07-25T17:55:31.743943+00:00,,"scheduled run; SHADOW — observational, not a recommendation; degraded inputs: AVAILABILITY_COMPLETE,GOALKEEPER_CONFIRMED,LINEUP_CONFIRMED,PLAYER_DATA_FRESH"
2026-07-25-2049,mls,Columbus Crew v FC Cincinnati,2026-07-25T23:15Z,KXMLSSPREAD-26JUL25CLBCIN-CLB2,Columbus wins by more than 1.5 goals,home_margin_2,0.2844,0.25,,4.0,0.013125,kalshi_0.07p(1-p),0.263125,0.021275,0.028872,0.007218,scheduled,2026-07-25T17:55:30.226896+00:00,,"scheduled run; SHADOW — observational, not a recommendation; degraded inputs: AVAILABILITY_COMPLETE,GOALKEEPER_CONFIRMED,LINEUP_CONFIRMED,PLAYER_DATA_FRESH"
2026-07-25-2049,mls,Philadelphia Union v Seattle Sounders FC,2026-07-25T23:30Z,KXMLSTOTAL-26JUL25PHISEA-6,Over 5.5 goals scored,over_5_5,0.1164,0.09,,11.1111,0.005733,kalshi_0.07p(1-p),0.095733,0.020667,0.022855,0.005714,scheduled,2026-07-25T17:55:32.485996+00:00,,"scheduled run; SHADOW — observational, not a recommendation; degraded inputs: AVAILABILITY_COMPLETE,GOALKEEPER_CONFIRMED,LINEUP_CONFIRMED,PLAYER_DATA_FRESH"
2026-07-25-2049,mls,New England Revolution v Atlanta United FC,2026-07-25T23:30Z,KXMLSTEAMTOTAL-26JUL25NEATL-NE2,New England over 1.5 goals,home_team_over_1_5,0.5279,0.49,,2.0408,0.017493,kalshi_0.07p(1-p),0.507493,0.020407,0.041435,0.010359,scheduled,2026-07-25T17:55:31.627771+00:00,,"scheduled run; SHADOW — observational, not a recommendation; degraded inputs: AVAILABILITY_COMPLETE,GOALKEEPER_CONFIRMED,LINEUP_CONFIRMED,PLAYER_DATA_FRESH"
2026-07-25-2049,mls,Orlando City SC v Nashville SC,2026-07-25T23:30Z,KXMLSSPREAD-26JUL25ORLNSH-ORL2,Orlando wins by more than 1.5 goals,home_margin_2,0.1791,0.15,,6.6667,0.008925,kalshi_0.07p(1-p),0.158925,0.020175,0.023987,0.005997,scheduled,2026-07-25T17:55:31.849380+00:00,,"scheduled run; SHADOW — observational, not a recommendation; degraded inputs: AVAILABILITY_COMPLETE,GOALKEEPER_CONFIRMED,LINEUP_CONFIRMED,PLAYER_DATA_FRESH"
2026-07-25-2049,mls,San Diego FC v FC Dallas,2026-07-26T01:30Z,KXMLSTEAMTOTAL-26JUL25SDDAL-DAL2,Dallas over 1.5 goals,away_team_over_1_5,0.5373,0.5,,2.0,0.0175,kalshi_0.07p(1-p),0.5175,0.0198,0.041036,0.010259,scheduled,2026-07-25T17:55:30.585487+00:00,,"scheduled run; SHADOW — observational, not a recommendation; degraded inputs: AVAILABILITY_COMPLETE,GOALKEEPER_CONFIRMED,LINEUP_CONFIRMED,PLAYER_DATA_FRESH"
2026-07-25-2049,mls,New England Revolution v Atlanta United FC,2026-07-25T23:30Z,KXMLSTEAMTOTAL-26JUL25NEATL-ATL3,Atlanta over 2.5 goals,away_team_over_2_5,0.168,0.14,,7.1429,0.008428,kalshi_0.07p(1-p),0.148428,0.019572,0.022983,0.005746,scheduled,2026-07-25T17:55:31.627771+00:00,,"scheduled run; SHADOW — observational, not a recommendation; degraded inputs: AVAILABILITY_COMPLETE,GOALKEEPER_CONFIRMED,LINEUP_CONFIRMED,PLAYER_DATA_FRESH"
2026-07-25-2049,mls,CF Montréal v Inter Miami CF,2026-07-25T23:30Z,KXMLSTOTAL-26JUL25MTLMIA-4,Over 3.5 goals scored,over_3_5,0.5153,0.48,,2.0833,0.017472,kalshi_0.07p(1-p),0.497472,0.017828,0.035477,0.008869,scheduled,2026-07-25T17:55:30.828400+00:00,,"scheduled run; SHADOW — observational, not a recommendation; degraded inputs: AVAILABILITY_COMPLETE,GOALKEEPER_CONFIRMED,LINEUP_CONFIRMED,PLAYER_DATA_FRESH"
2026-07-25-2049,mls,New England Revolution v Atlanta United FC,2026-07-25T23:30Z,KXMLSTOTAL-26JUL25NEATL-6,Over 5.5 goals scored,over_5_5,0.1025,0.08,,12.5,0.005152,kalshi_0.07p(1-p),0.085152,0.017348,0.018963,0.004741,scheduled,2026-07-25T17:55:31.627771+00:00,,"scheduled run; SHADOW — observational, not a recommendation; degraded inputs: AVAILABILITY_COMPLETE,GOALKEEPER_CONFIRMED,LINEUP_CONFIRMED,PLAYER_DATA_FRESH"
2026-07-25-2049,mls,Portland Timbers v Real Salt Lake,2026-07-26T02:30Z,KXMLSSPREAD-26JUL25PORRSL-POR2,Portland wins by more than 1.5 goals,home_margin_2,0.2389,0.21,,4.7619,0.011613,kalshi_0.07p(1-p),0.221613,0.017287,0.022209,0.005552,scheduled,2026-07-25T17:55:32.210829+00:00,,"scheduled run; SHADOW — observational, not a recommendation; degraded inputs: AVAILABILITY_COMPLETE,GOALKEEPER_CONFIRMED,LINEUP_CONFIRMED,PLAYER_DATA_FRESH"
2026-07-25-2049,mls,Minnesota United FC v Vancouver Whitecaps,2026-07-26T00:30Z,KXMLSFTTS-26JUL25MINVAN-MIN,Minnesota United FC,home_first_goal,0.4542,0.42,,2.381,0.017052,kalshi_0.07p(1-p),0.437052,0.017148,0.030461,0.007615,scheduled,2026-07-25T17:55:30.465566+00:00,,"scheduled run; SHADOW — observational, not a recommendation; degraded inputs: AVAILABILITY_COMPLETE,GOALKEEPER_CONFIRMED,LINEUP_CONFIRMED,PLAYER_DATA_FRESH"
2026-07-25-2049,mls,CF Montréal v Inter Miami CF,2026-07-25T23:30Z,KXMLSTOTAL-26JUL25MTLMIA-6,Over 5.5 goals scored,over_5_5,0.175,0.15,,6.6667,0.008925,kalshi_0.07p(1-p),0.158925,0.016075,0.019112,0.004778,scheduled,2026-07-25T17:55:30.828400+00:00,,"scheduled run; SHADOW — observational, not a recommendation; degraded inputs: AVAILABILITY_COMPLETE,GOALKEEPER_CONFIRMED,LINEUP_CONFIRMED,PLAYER_DATA_FRESH"
2026-07-25-2049,mls,Portland Timbers v Real Salt Lake,2026-07-26T02:30Z,KXMLSSPREAD-26JUL25PORRSL-POR3,Portland wins by more than 2.5 goals,home_margin_3,0.111,0.09,,11.1111,0.005733,kalshi_0.07p(1-p),0.095733,0.015267,0.016883,0.004221,scheduled,2026-07-25T17:55:32.210829+00:00,,"scheduled run; SHADOW — observational, not a recommendation; degraded inputs: AVAILABILITY_COMPLETE,GOALKEEPER_CONFIRMED,LINEUP_CONFIRMED,PLAYER_DATA_FRESH"
2026-07-25-2049,mls,CF Montréal v Inter Miami CF,2026-07-25T23:30Z,KXMLSTEAMTOTAL-26JUL25MTLMIA-MTL2,Montreal over 1.5 goals,home_team_over_1_5,0.5424,0.51,,1.9608,0.017493,kalshi_0.07p(1-p),0.527493,0.014907,0.031549,0.007887,scheduled,2026-07-25T17:55:30.828400+00:00,,"scheduled run; SHADOW — observational, not a recommendation; degraded inputs: AVAILABILITY_COMPLETE,GOALKEEPER_CONFIRMED,LINEUP_CONFIRMED,PLAYER_DATA_FRESH"
2026-07-25-2049,mls,Columbus Crew v FC Cincinnati,2026-07-25T23:15Z,KXMLSTEAMTOTAL-26JUL25CLBCIN-CIN3,Cincinnati over 2.5 goals,away_team_over_2_5,0.2048,0.18,,5.5556,0.010332,kalshi_0.07p(1-p),0.190332,0.014468,0.017869,0.004467,scheduled,2026-07-25T17:55:30.226896+00:00,,"scheduled run; SHADOW — observational, not a recommendation; degraded inputs: AVAILABILITY_COMPLETE,GOALKEEPER_CONFIRMED,LINEUP_CONFIRMED,PLAYER_DATA_FRESH"
2026-07-25-2049,mls,Minnesota United FC v Vancouver Whitecaps,2026-07-26T00:30Z,KXMLSTOTAL-26JUL25MINVAN-6,Over 5.5 goals scored,over_5_5,0.1087,0.09,,11.1111,0.005733,kalshi_0.07p(1-p),0.095733,0.012967,0.01434,0.003585,scheduled,2026-07-25T17:55:30.465566+00:00,,"scheduled run; SHADOW — observational, not a recommendation; degraded inputs: AVAILABILITY_COMPLETE,GOALKEEPER_CONFIRMED,LINEUP_CONFIRMED,PLAYER_DATA_FRESH"
2026-07-25-2049,mls,Columbus Crew v FC Cincinnati,2026-07-25T23:15Z,KXMLSSPREAD-26JUL25CLBCIN-CLB3,Columbus wins by more than 2.5 goals,home_margin_3,0.1394,0.12,,8.3333,0.007392,kalshi_0.07p(1-p),0.127392,0.012008,0.013761,0.00344,scheduled,2026-07-25T17:55:30.226896+00:00,,"scheduled run; SHADOW — observational, not a recommendation; degraded inputs: AVAILABILITY_COMPLETE,GOALKEEPER_CONFIRMED,LINEUP_CONFIRMED,PLAYER_DATA_FRESH"
2026-07-25-2049,mls,New England Revolution v Atlanta United FC,2026-07-25T23:30Z,KXMLSFTTS-26JUL25NEATL-ATL,Atlanta United FC,away_first_goal,0.4285,0.4,,2.5,0.0168,kalshi_0.07p(1-p),0.4168,0.0117,0.020062,0.005015,scheduled,2026-07-25T17:55:31.627771+00:00,,"scheduled run; SHADOW — observational, not a recommendation; degraded inputs: AVAILABILITY_COMPLETE,GOALKEEPER_CONFIRMED,LINEUP_CONFIRMED,PLAYER_DATA_FRESH"
2026-07-25-2049,mls,CF Montréal v Inter Miami CF,2026-07-25T23:30Z,KXMLSFTTS-26JUL25MTLMIA-MTL,CF Montreal,home_first_goal,0.479,0.45,,2.2222,0.017325,kalshi_0.07p(1-p),0.467325,0.011675,0.021918,0.005479,scheduled,2026-07-25T17:55:30.828400+00:00,,"scheduled run; SHADOW — observational, not a recommendation; degraded inputs: AVAILABILITY_COMPLETE,GOALKEEPER_CONFIRMED,LINEUP_CONFIRMED,PLAYER_DATA_FRESH"
2026-07-25-2049,mls,St. Louis CITY SC v Colorado Rapids,2026-07-26T00:30Z,KXMLSSPREAD-26JUL25STLCOL-STL2,Saint Louis wins by more than 1.5 goals,home_margin_2,0.2848,0.26,,3.8462,0.013468,kalshi_0.07p(1-p),0.273468,0.011332,0.015597,0.003899,scheduled,2026-07-25T17:55:31.138240+00:00,,"scheduled run; SHADOW — observational, not a recommendation; degraded inputs: AVAILABILITY_COMPLETE,GOALKEEPER_CONFIRMED,LINEUP_CONFIRMED,PLAYER_DATA_FRESH"
2026-07-25-2049,mls,CF Montréal v Inter Miami CF,2026-07-25T23:30Z,KXMLSTOTAL-26JUL25MTLMIA-3,Over 2.5 goals scored,over_2_5,0.7259,0.7,,1.4286,0.0147,kalshi_0.07p(1-p),0.7147,0.0112,0.039257,0.009814,scheduled,2026-07-25T17:55:30.828400+00:00,,"scheduled run; SHADOW — observational, not a recommendation; degraded inputs: AVAILABILITY_COMPLETE,GOALKEEPER_CONFIRMED,LINEUP_CONFIRMED,PLAYER_DATA_FRESH"
2026-07-25-2049,mls,St. Louis CITY SC v Colorado Rapids,2026-07-26T00:30Z,KXMLSSPREAD-26JUL25STLCOL-STL3,Saint Louis wins by more than 2.5 goals,home_margin_3,0.128,0.11,,9.0909,0.006853,kalshi_0.07p(1-p),0.116853,0.011147,0.012622,0.003155,scheduled,2026-07-25T17:55:31.138240+00:00,,"scheduled run; SHADOW — observational, not a recommendation; degraded inputs: AVAILABILITY_COMPLETE,GOALKEEPER_CONFIRMED,LINEUP_CONFIRMED,PLAYER_DATA_FRESH"
2026-07-25-2049,mls,Houston Dynamo FC v Austin FC,2026-07-26T00:30Z,KXMLSSPREAD-26JUL25HOUATX-ATX2,Austin wins by more than 1.5 goals,away_margin_2,0.0857,0.07,,14.2857,0.004557,kalshi_0.07p(1-p),0.074557,0.011143,0.012041,0.00301,scheduled,2026-07-25T17:55:31.429688+00:00,,"scheduled run; SHADOW — observational, not a recommendation; degraded inputs: AVAILABILITY_COMPLETE,GOALKEEPER_CONFIRMED,LINEUP_CONFIRMED,PLAYER_DATA_FRESH"
2026-07-25-2049,mls,New England Revolution v Atlanta United FC,2026-07-25T23:30Z,KXMLSGAME-26JUL25NEATL-ATL,Atlanta,away_win,0.3155,0.29,0.286432,3.4483,0.014413,kalshi_0.07p(1-p),0.304413,0.011087,0.015939,0.003985,scheduled,2026-07-25T17:55:31.627771+00:00,,"scheduled run; SHADOW — observational, not a recommendation; bid/ask midpoints, overround 0.9950; degraded inputs: AVAILABILITY_COMPLETE,GOALKEEPER_CONFIRMED,LINEUP_CONFIRMED,PLAYER_DATA_FRESH"
2026-07-25-2049,mls,Orlando City SC v Nashville SC,2026-07-25T23:30Z,KXMLSSPREAD-26JUL25ORLNSH-ORL3,Orlando wins by more than 2.5 goals,home_margin_3,0.0749,0.06,,16.6667,0.003948,kalshi_0.07p(1-p),0.063948,0.010952,0.0117,0.002925,scheduled,2026-07-25T17:55:31.849380+00:00,,"scheduled run; SHADOW — observational, not a recommendation; degraded inputs: AVAILABILITY_COMPLETE,GOALKEEPER_CONFIRMED,LINEUP_CONFIRMED,PLAYER_DATA_FRESH"
2026-07-25-2049,mls,Philadelphia Union v Seattle Sounders FC,2026-07-25T23:30Z,KXMLSTOTAL-26JUL25PHISEA-2,Over 1.5 goals scored,over_1_5,0.8412,0.82,,1.2195,0.010332,kalshi_0.07p(1-p),0.830332,0.010868,0.064055,0.016014,scheduled,2026-07-25T17:55:32.485996+00:00,,"scheduled run; SHADOW — observational, not a recommendation; degraded inputs: AVAILABILITY_COMPLETE,GOALKEEPER_CONFIRMED,LINEUP_CONFIRMED,PLAYER_DATA_FRESH"
2026-07-25-2049,mls,New England Revolution v Atlanta United FC,2026-07-25T23:30Z,KXMLSBTTS-26JUL25NEATL-BTTS,Both Teams To Score,btts,0.6269,0.6,,1.6667,0.0168,kalshi_0.07p(1-p),0.6168,0.0101,0.026357,0.006589,scheduled,2026-07-25T17:55:31.627771+00:00,,"scheduled run; SHADOW — observational, not a recommendation; degraded inputs: AVAILABILITY_COMPLETE,GOALKEEPER_CONFIRMED,LINEUP_CONFIRMED,PLAYER_DATA_FRESH"
2026-07-25-2049,mls,Houston Dynamo FC v Austin FC,2026-07-26T00:30Z,KXMLSTOTAL-26JUL25HOUATX-5,Over 4.5 goals scored,over_4_5,0.169,0.15,,6.6667,0.008925,kalshi_0.07p(1-p),0.158925,0.010075,0.011979,0.002995,scheduled,2026-07-25T17:55:31.429688+00:00,,"scheduled run; SHADOW — observational, not a recommendation; degraded inputs: AVAILABILITY_COMPLETE,GOALKEEPER_CONFIRMED,LINEUP_CONFIRMED,PLAYER_DATA_FRESH"
2026-07-25-2049,mls,New England Revolution v Atlanta United FC,2026-07-25T23:30Z,KXMLSSPREAD-26JUL25NEATL-ATL3,Atlanta wins by more than 2.5 goals,away_margin_3,0.0524,0.04,,25.0,0.002688,kalshi_0.07p(1-p),0.042688,0.009712,0.010145,0.002536,scheduled,2026-07-25T17:55:31.627771+00:00,,"scheduled run; SHADOW — observational, not a recommendation; degraded inputs: AVAILABILITY_COMPLETE,GOALKEEPER_CONFIRMED,LINEUP_CONFIRMED,PLAYER_DATA_FRESH"
2026-07-25-2049,mls,Orlando City SC v Nashville SC,2026-07-25T23:30Z,KXMLSTEAMTOTAL-26JUL25ORLNSH-ORL3,Orlando over 2.5 goals,home_team_over_2_5,0.2104,0.19,,5.2632,0.010773,kalshi_0.07p(1-p),0.200773,0.009627,0.012045,0.003011,scheduled,2026-07-25T17:55:31.849380+00:00,,"scheduled run; SHADOW — observational, not a recommendation; degraded inputs: AVAILABILITY_COMPLETE,GOALKEEPER_CONFIRMED,LINEUP_CONFIRMED,PLAYER_DATA_FRESH"
2026-07-25-2049,mls,New York City FC v Chicago Fire FC,2026-07-25T23:30Z,KXMLSFTTS-26JUL25NYCCHI-NYC,New York City FC,home_first_goal,0.4859,0.46,,2.1739,0.017388,kalshi_0.07p(1-p),0.477388,0.008512,0.016287,0.004072,scheduled,2026-07-25T17:55:31.743943+00:00,,"scheduled run; SHADOW — observational, not a recommendation; degraded inputs: AVAILABILITY_COMPLETE,GOALKEEPER_CONFIRMED,LINEUP_CONFIRMED,PLAYER_DATA_FRESH"
2026-07-25-2049,mls,Minnesota United FC v Vancouver Whitecaps,2026-07-26T00:30Z,KXMLSTOTAL-26JUL25MINVAN-5,Over 4.5 goals scored,over_4_5,0.2196,0.2,,5.0,0.0112,kalshi_0.07p(1-p),0.2112,0.0084,0.010649,0.002662,scheduled,2026-07-25T17:55:30.465566+00:00,,"scheduled run; SHADOW — observational, not a recommendation; degraded inputs: AVAILABILITY_COMPLETE,GOALKEEPER_CONFIRMED,LINEUP_CONFIRMED,PLAYER_DATA_FRESH"
2026-07-25-2049,mls,Red Bull New York v Charlotte FC,2026-07-25T22:30Z,KXMLSSPREAD-26JUL25NYRBCLT-CLT2,Charlotte wins by more than 1.5 goals,away_margin_2,0.1671,0.15,,6.6667,0.008925,kalshi_0.07p(1-p),0.158925,0.008175,0.00972,0.00243,scheduled,2026-07-25T17:55:32.099701+00:00,,"scheduled run; SHADOW — observational, not a recommendation; degraded inputs: AVAILABILITY_COMPLETE,GOALKEEPER_CONFIRMED,LINEUP_CONFIRMED,PLAYER_DATA_FRESH"
2026-07-25-2049,mls,Minnesota United FC v Vancouver Whitecaps,2026-07-26T00:30Z,KXMLSTEAMTOTAL-26JUL25MINVAN-MIN1,Minnesota over 0.5 goals,home_team_over_0_5,0.7712,0.75,,1.3333,0.013125,kalshi_0.07p(1-p),0.763125,0.008075,0.03409,0.008522,scheduled,2026-07-25T17:55:30.465566+00:00,,"scheduled run; SHADOW — observational, not a recommendation; wide spread 5c; degraded inputs: AVAILABILITY_COMPLETE,GOALKEEPER_CONFIRMED,LINEUP_CONFIRMED,PLAYER_DATA_FRESH"
2026-07-25-2049,mls,New York City FC v Chicago Fire FC,2026-07-25T23:30Z,KXMLSTEAMTOTAL-26JUL25NYCCHI-CHI3,Chicago Fire over 2.5 goals,away_team_over_2_5,0.2293,0.21,,4.7619,0.011613,kalshi_0.07p(1-p),0.221613,0.007687,0.009876,0.002469,scheduled,2026-07-25T17:55:31.743943+00:00,,"scheduled run; SHADOW — observational, not a recommendation; degraded inputs: AVAILABILITY_COMPLETE,GOALKEEPER_CONFIRMED,LINEUP_CONFIRMED,PLAYER_DATA_FRESH"
2026-07-25-2049,mls,Philadelphia Union v Seattle Sounders FC,2026-07-25T23:30Z,KXMLSSPREAD-26JUL25PHISEA-SEA3,Seattle wins by more than 2.5 goals,away_margin_3,0.0502,0.04,,25.0,0.002688,kalshi_0.07p(1-p),0.042688,0.007512,0.007847,0.001962,scheduled,2026-07-25T17:55:32.485996+00:00,,"scheduled run; SHADOW — observational, not a recommendation; degraded inputs: AVAILABILITY_COMPLETE,GOALKEEPER_CONFIRMED,LINEUP_CONFIRMED,PLAYER_DATA_FRESH"
2026-07-25-2049,mls,New England Revolution v Atlanta United FC,2026-07-25T23:30Z,KXMLSSPREAD-26JUL25NEATL-NE2,New England wins by more than 1.5 goals,home_margin_2,0.2499,0.23,,4.3478,0.012397,kalshi_0.07p(1-p),0.242397,0.007503,0.009904,0.002476,scheduled,2026-07-25T17:55:31.627771+00:00,,"scheduled run; SHADOW — observational, not a recommendation; degraded inputs: AVAILABILITY_COMPLETE,GOALKEEPER_CONFIRMED,LINEUP_CONFIRMED,PLAYER_DATA_FRESH"
2026-07-25-2049,mls,New York City FC v Chicago Fire FC,2026-07-25T23:30Z,KXMLSBTTS-26JUL25NYCCHI-BTTS,Both Teams To Score,btts,0.663,0.64,,1.5625,0.016128,kalshi_0.07p(1-p),0.656128,0.006872,0.019984,0.004996,scheduled,2026-07-25T17:55:31.743943+00:00,,"scheduled run; SHADOW — observational, not a recommendation; degraded inputs: AVAILABILITY_COMPLETE,GOALKEEPER_CONFIRMED,LINEUP_CONFIRMED,PLAYER_DATA_FRESH"
2026-07-25-2049,mls,Philadelphia Union v Seattle Sounders FC,2026-07-25T23:30Z,KXMLSTEAMTOTAL-26JUL25PHISEA-SEA1,Seattle over 0.5 goals,away_team_over_0_5,0.7602,0.74,,1.3514,0.013468,kalshi_0.07p(1-p),0.753468,0.006732,0.027307,0.006827,scheduled,2026-07-25T17:55:32.485996+00:00,,"scheduled run; SHADOW — observational, not a recommendation; degraded inputs: AVAILABILITY_COMPLETE,GOALKEEPER_CONFIRMED,LINEUP_CONFIRMED,PLAYER_DATA_FRESH"
2026-07-25-2049,mls,Philadelphia Union v Seattle Sounders FC,2026-07-25T23:30Z,KXMLSBTTS-26JUL25PHISEA-BTTS,Both Teams To Score,btts,0.6432,0.62,,1.6129,0.016492,kalshi_0.07p(1-p),0.636492,0.006708,0.018454,0.004613,scheduled,2026-07-25T17:55:32.485996+00:00,,"scheduled run; SHADOW — observational, not a recommendation; degraded inputs: AVAILABILITY_COMPLETE,GOALKEEPER_CONFIRMED,LINEUP_CONFIRMED,PLAYER_DATA_FRESH"
2026-07-25-2049,mls,San Diego FC v FC Dallas,2026-07-26T01:30Z,KXMLSTOTAL-26JUL25SDDAL-6,Over 5.5 goals scored,over_5_5,0.1551,0.14,,7.1429,0.008428,kalshi_0.07p(1-p),0.148428,0.006672,0.007835,0.001959,scheduled,2026-07-25T17:55:30.585487+00:00,,"scheduled run; SHADOW — observational, not a recommendation; degraded inputs: AVAILABILITY_COMPLETE,GOALKEEPER_CONFIRMED,LINEUP_CONFIRMED,PLAYER_DATA_FRESH"
2026-07-25-2049,mls,Columbus Crew v FC Cincinnati,2026-07-25T23:15Z,KXMLSTEAMTOTAL-26JUL25CLBCIN-CLB2,Columbus over 1.5 goals,home_team_over_1_5,0.5938,0.57,,1.7544,0.017157,kalshi_0.07p(1-p),0.587157,0.006643,0.016091,0.004023,scheduled,2026-07-25T17:55:30.226896+00:00,,"scheduled run; SHADOW — observational, not a recommendation; degraded inputs: AVAILABILITY_COMPLETE,GOALKEEPER_CONFIRMED,LINEUP_CONFIRMED,PLAYER_DATA_FRESH"
2026-07-25-2049,mls,New England Revolution v Atlanta United FC,2026-07-25T23:30Z,KXMLSTOTAL-26JUL25NEATL-1,Over 0.5 goals scored,over_0_5,0.9593,0.95,,1.0526,0.003325,kalshi_0.07p(1-p),0.953325,0.005975,0.128013,0.032003,scheduled,2026-07-25T17:55:31.627771+00:00,,"scheduled run; SHADOW — observational, not a recommendation; degraded inputs: AVAILABILITY_COMPLETE,GOALKEEPER_CONFIRMED,LINEUP_CONFIRMED,PLAYER_DATA_FRESH"
2026-07-25-2049,mls,Portland Timbers v Real Salt Lake,2026-07-26T02:30Z,KXMLSGAME-26JUL25PORRSL-POR,Portland,home_win,0.4122,0.39,0.386935,2.5641,0.016653,kalshi_0.07p(1-p),0.406653,0.005547,0.009349,0.002337,scheduled,2026-07-25T17:55:32.210829+00:00,,"scheduled run; SHADOW — observational, not a recommendation; bid/ask midpoints, overround 0.9950; degraded inputs: AVAILABILITY_COMPLETE,GOALKEEPER_CONFIRMED,LINEUP_CONFIRMED,PLAYER_DATA_FRESH"
2026-07-25-2049,mls,Minnesota United FC v Vancouver Whitecaps,2026-07-26T00:30Z,KXMLSSCORE-26JUL25MINVAN-MIN3VAN1,Minnesota United FC wins 3-1,score_3_1,0.0374,0.03,,33.3333,0.002037,kalshi_0.07p(1-p),0.032037,0.005363,0.005541,0.001385,scheduled,2026-07-25T17:55:30.465566+00:00,,"scheduled run; SHADOW — observational, not a recommendation; degraded inputs: AVAILABILITY_COMPLETE,GOALKEEPER_CONFIRMED,LINEUP_CONFIRMED,PLAYER_DATA_FRESH"
2026-07-25-2049,mls,CF Montréal v Inter Miami CF,2026-07-25T23:30Z,KXMLSTEAMTOTAL-26JUL25MTLMIA-MTL1,Montreal over 0.5 goals,home_team_over_0_5,0.8452,0.83,,1.2048,0.009877,kalshi_0.07p(1-p),0.839877,0.005323,0.033243,0.008311,scheduled,2026-07-25T17:55:30.828400+00:00,,"scheduled run; SHADOW — observational, not a recommendation; wide spread 6c; degraded inputs: AVAILABILITY_COMPLETE,GOALKEEPER_CONFIRMED,LINEUP_CONFIRMED,PLAYER_DATA_FRESH"
2026-07-25-2049,mls,New England Revolution v Atlanta United FC,2026-07-25T23:30Z,KXMLSSPREAD-26JUL25NEATL-NE3,New England wins by more than 2.5 goals,home_margin_3,0.1116,0.1,,10.0,0.0063,kalshi_0.07p(1-p),0.1063,0.0053,0.00593,0.001483,scheduled,2026-07-25T17:55:31.627771+00:00,,"scheduled run; SHADOW — observational, not a recommendation; degraded inputs: AVAILABILITY_COMPLETE,GOALKEEPER_CONFIRMED,LINEUP_CONFIRMED,PLAYER_DATA_FRESH"
2026-07-25-2049,mls,Orlando City SC v Nashville SC,2026-07-25T23:30Z,KXMLSTEAMTOTAL-26JUL25ORLNSH-ORL2,Orlando over 1.5 goals,home_team_over_1_5,0.4622,0.44,,2.2727,0.017248,kalshi_0.07p(1-p),0.457248,0.004952,0.009124,0.002281,scheduled,2026-07-25T17:55:31.849380+00:00,,"scheduled run; SHADOW — observational, not a recommendation; degraded inputs: AVAILABILITY_COMPLETE,GOALKEEPER_CONFIRMED,LINEUP_CONFIRMED,PLAYER_DATA_FRESH"
2026-07-25-2049,mls,New York City FC v Chicago Fire FC,2026-07-25T23:30Z,KXMLSSPREAD-26JUL25NYCCHI-CHI3,Chicago Fire wins by more than 2.5 goals,away_margin_3,0.0794,0.07,,14.2857,0.004557,kalshi_0.07p(1-p),0.074557,0.004843,0.005233,0.001308,scheduled,2026-07-25T17:55:31.743943+00:00,,"scheduled run; SHADOW — observational, not a recommendation; degraded inputs: AVAILABILITY_COMPLETE,GOALKEEPER_CONFIRMED,LINEUP_CONFIRMED,PLAYER_DATA_FRESH"
2026-07-25-2049,mls,Portland Timbers v Real Salt Lake,2026-07-26T02:30Z,KXMLSSCORE-26JUL25PORRSL-POR3RSL0,Portland Timbers wins 3-0,score_3_0,0.0368,0.03,,33.3333,0.002037,kalshi_0.07p(1-p),0.032037,0.004763,0.004921,0.00123,scheduled,2026-07-25T17:55:32.210829+00:00,,"scheduled run; SHADOW — observational, not a recommendation; degraded inputs: AVAILABILITY_COMPLETE,GOALKEEPER_CONFIRMED,LINEUP_CONFIRMED,PLAYER_DATA_FRESH"
2026-07-25-2049,mls,Orlando City SC v Nashville SC,2026-07-25T23:30Z,KXMLSTOTAL-26JUL25ORLNSH-2,Over 1.5 goals scored,over_1_5,0.8446,0.83,,1.2048,0.009877,kalshi_0.07p(1-p),0.839877,0.004723,0.029496,0.007374,scheduled,2026-07-25T17:55:31.849380+00:00,,"scheduled run; SHADOW — observational, not a recommendation; degraded inputs: AVAILABILITY_COMPLETE,GOALKEEPER_CONFIRMED,LINEUP_CONFIRMED,PLAYER_DATA_FRESH"
2026-07-25-2049,mls,D.C. United v Toronto FC,2026-07-25T23:30Z,KXMLSSCORE-26JUL25DCUTOR-DCU0TOR1,Toronto FC wins 1-0,score_0_1,0.0791,0.07,,14.2857,0.004557,kalshi_0.07p(1-p),0.074557,0.004543,0.004909,0.001227,scheduled,2026-07-25T17:55:30.334620+00:00,,"scheduled run; SHADOW — observational, not a recommendation; degraded inputs: AVAILABILITY_COMPLETE,GOALKEEPER_CONFIRMED,LINEUP_CONFIRMED,PLAYER_DATA_FRESH"
2026-07-25-2049,mls,Columbus Crew v FC Cincinnati,2026-07-25T23:15Z,KXMLSSCORE-26JUL25CLBCIN-CLB2CIN3,FC Cincinnati wins 3-2,score_2_3,0.0365,0.03,,33.3333,0.002037,kalshi_0.07p(1-p),0.032037,0.004463,0.004611,0.001153,scheduled,2026-07-25T17:55:30.226896+00:00,,"scheduled run; SHADOW — observational, not a recommendation; degraded inputs: AVAILABILITY_COMPLETE,GOALKEEPER_CONFIRMED,LINEUP_CONFIRMED,PLAYER_DATA_FRESH"
2026-07-25-2049,mls,Houston Dynamo FC v Austin FC,2026-07-26T00:30Z,KXMLSTOTAL-26JUL25HOUATX-4,Over 3.5 goals scored,over_3_5,0.3293,0.31,,3.2258,0.014973,kalshi_0.07p(1-p),0.324973,0.004327,0.00641,0.001603,scheduled,2026-07-25T17:55:31.429688+00:00,,"scheduled run; SHADOW — observational, not a recommendation; degraded inputs: AVAILABILITY_COMPLETE,GOALKEEPER_CONFIRMED,LINEUP_CONFIRMED,PLAYER_DATA_FRESH"
2026-07-25-2049,mls,Columbus Crew v FC Cincinnati,2026-07-25T23:15Z,KXMLSFTTS-26JUL25CLBCIN-CIN,FC Cincinnati,away_first_goal,0.4211,0.4,,2.5,0.0168,kalshi_0.07p(1-p),0.4168,0.0043,0.007373,0.001843,scheduled,2026-07-25T17:55:30.226896+00:00,,"scheduled run; SHADOW — observational, not a recommendation; wide spread 7c; degraded inputs: AVAILABILITY_COMPLETE,GOALKEEPER_CONFIRMED,LINEUP_CONFIRMED,PLAYER_DATA_FRESH"
2026-07-25-2049,mls,D.C. United v Toronto FC,2026-07-25T23:30Z,KXMLSSPREAD-26JUL25DCUTOR-TOR2,Toronto wins by more than 1.5 goals,away_margin_2,0.1211,0.11,,9.0909,0.006853,kalshi_0.07p(1-p),0.116853,0.004247,0.004809,0.001202,scheduled,2026-07-25T17:55:30.334620+00:00,,"scheduled run; SHADOW — observational, not a recommendation; degraded inputs: AVAILABILITY_COMPLETE,GOALKEEPER_CONFIRMED,LINEUP_CONFIRMED,PLAYER_DATA_FRESH"
2026-07-25-2049,mls,Houston Dynamo FC v Austin FC,2026-07-26T00:30Z,KXMLSSPREAD-26JUL25HOUATX-ATX3,Austin wins by more than 2.5 goals,away_margin_3,0.0256,0.02,,50.0,0.001372,kalshi_0.07p(1-p),0.021372,0.004228,0.00432,0.00108,scheduled,2026-07-25T17:55:31.429688+00:00,,"scheduled run; SHADOW — observational, not a recommendation; degraded inputs: AVAILABILITY_COMPLETE,GOALKEEPER_CONFIRMED,LINEUP_CONFIRMED,PLAYER_DATA_FRESH"
2026-07-25-2049,mls,New York City FC v Chicago Fire FC,2026-07-25T23:30Z,KXMLSGAME-26JUL25NYCCHI-NYC,New York City,home_win,0.3802,0.36,0.353234,2.7778,0.016128,kalshi_0.07p(1-p),0.376128,0.004072,0.006527,0.001632,scheduled,2026-07-25T17:55:31.743943+00:00,,"scheduled run; SHADOW — observational, not a recommendation; bid/ask midpoints, overround 1.0050; degraded inputs: AVAILABILITY_COMPLETE,GOALKEEPER_CONFIRMED,LINEUP_CONFIRMED,PLAYER_DATA_FRESH"
2026-07-25-2049,mls,CF Montréal v Inter Miami CF,2026-07-25T23:30Z,KXMLSSCORE-26JUL25MTLMIA-MTL3MIA2,CF Montreal wins 3-2,score_3_2,0.0467,0.04,,25.0,0.002688,kalshi_0.07p(1-p),0.042688,0.004012,0.004191,0.001048,scheduled,2026-07-25T17:55:30.828400+00:00,,"scheduled run; SHADOW — observational, not a recommendation; degraded inputs: AVAILABILITY_COMPLETE,GOALKEEPER_CONFIRMED,LINEUP_CONFIRMED,PLAYER_DATA_FRESH"
2026-07-25-2049,mls,San Diego FC v FC Dallas,2026-07-26T01:30Z,KXMLSSCORE-26JUL25SDDAL-SD1DAL3,FC Dallas wins 3-1,score_1_3,0.0464,0.04,,25.0,0.002688,kalshi_0.07p(1-p),0.042688,0.003712,0.003878,0.000969,scheduled,2026-07-25T17:55:30.585487+00:00,,"scheduled run; SHADOW — observational, not a recommendation; degraded inputs: AVAILABILITY_COMPLETE,GOALKEEPER_CONFIRMED,LINEUP_CONFIRMED,PLAYER_DATA_FRESH"
2026-07-25-2049,mls,D.C. United v Toronto FC,2026-07-25T23:30Z,KXMLSSCORE-26JUL25DCUTOR-DCU0TOR0,Draw 0-0,score_0_0,0.0673,0.06,,16.6667,0.003948,kalshi_0.07p(1-p),0.063948,0.003352,0.003581,0.000895,scheduled,2026-07-25T17:55:30.334620+00:00,,"scheduled run; SHADOW — observational, not a recommendation; degraded inputs: AVAILABILITY_COMPLETE,GOALKEEPER_CONFIRMED,LINEUP_CONFIRMED,PLAYER_DATA_FRESH"
2026-07-25-2049,mls,New York City FC v Chicago Fire FC,2026-07-25T23:30Z,KXMLSTOTAL-26JUL25NYCCHI-1,Over 0.5 goals scored,over_0_5,0.966,0.96,,1.0417,0.002688,kalshi_0.07p(1-p),0.962688,0.003312,0.088765,0.022191,scheduled,2026-07-25T17:55:31.743943+00:00,,"scheduled run; SHADOW — observational, not a recommendation; degraded inputs: AVAILABILITY_COMPLETE,GOALKEEPER_CONFIRMED,LINEUP_CONFIRMED,PLAYER_DATA_FRESH"
2026-07-25-2049,mls,Columbus Crew v FC Cincinnati,2026-07-25T23:15Z,KXMLSTOTAL-26JUL25CLBCIN-2,Over 1.5 goals scored,over_1_5,0.8717,0.86,,1.1628,0.008428,kalshi_0.07p(1-p),0.868428,0.003272,0.024869,0.006217,scheduled,2026-07-25T17:55:30.226896+00:00,,"scheduled run; SHADOW — observational, not a recommendation; degraded inputs: AVAILABILITY_COMPLETE,GOALKEEPER_CONFIRMED,LINEUP_CONFIRMED,PLAYER_DATA_FRESH"
2026-07-25-2049,mls,D.C. United v Toronto FC,2026-07-25T23:30Z,KXMLSGAME-26JUL25DCUTOR-TOR,Toronto,away_win,0.3076,0.29,0.283582,3.4483,0.014413,kalshi_0.07p(1-p),0.304413,0.003187,0.004582,0.001145,scheduled,2026-07-25T17:55:30.334620+00:00,,"scheduled run; SHADOW — observational, not a recommendation; bid/ask midpoints, overround 1.0050; degraded inputs: AVAILABILITY_COMPLETE,GOALKEEPER_CONFIRMED,LINEUP_CONFIRMED,PLAYER_DATA_FRESH"
2026-07-25-2049,mls,Orlando City SC v Nashville SC,2026-07-25T23:30Z,KXMLSTOTAL-26JUL25ORLNSH-6,Over 5.5 goals scored,over_5_5,0.1094,0.1,,10.0,0.0063,kalshi_0.07p(1-p),0.1063,0.0031,0.003469,0.000867,scheduled,2026-07-25T17:55:31.849380+00:00,,"scheduled run; SHADOW — observational, not a recommendation; degraded inputs: AVAILABILITY_COMPLETE,GOALKEEPER_CONFIRMED,LINEUP_CONFIRMED,PLAYER_DATA_FRESH"
2026-07-25-2049,mls,Red Bull New York v Charlotte FC,2026-07-25T22:30Z,KXMLSSPREAD-26JUL25NYRBCLT-CLT3,Charlotte wins by more than 2.5 goals,away_margin_3,0.0664,0.06,,16.6667,0.003948,kalshi_0.07p(1-p),0.063948,0.002452,0.00262,0.000655,scheduled,2026-07-25T17:55:32.099701+00:00,,"scheduled run; SHADOW — observational, not a recommendation; degraded inputs: AVAILABILITY_COMPLETE,GOALKEEPER_CONFIRMED,LINEUP_CONFIRMED,PLAYER_DATA_FRESH"
2026-07-25-2049,mls,San Jose Earthquakes v LA Galaxy,2026-07-26T02:30Z,KXMLSGAME-26JUL25SJLAG-TIE,Tie,draw,0.2447,0.23,0.223881,4.3478,0.012397,kalshi_0.07p(1-p),0.242397,0.002303,0.00304,0.00076,scheduled,2026-07-25T17:55:32.596192+00:00,,"scheduled run; SHADOW — observational, not a recommendation; bid/ask midpoints, overround 1.0050; degraded inputs: AVAILABILITY_COMPLETE,GOALKEEPER_CONFIRMED,LINEUP_CONFIRMED,PLAYER_DATA_FRESH"
2026-07-25-2049,mls,Minnesota United FC v Vancouver Whitecaps,2026-07-26T00:30Z,KXMLSSCORE-26JUL25MINVAN-MIN2VAN0,Minnesota United FC wins 2-0,score_2_0,0.0447,0.04,,25.0,0.002688,kalshi_0.07p(1-p),0.042688,0.002012,0.002102,0.000525,scheduled,2026-07-25T17:55:30.465566+00:00,,"scheduled run; SHADOW — observational, not a recommendation; degraded inputs: AVAILABILITY_COMPLETE,GOALKEEPER_CONFIRMED,LINEUP_CONFIRMED,PLAYER_DATA_FRESH"
2026-07-25-2049,mls,Orlando City SC v Nashville SC,2026-07-25T23:30Z,KXMLSTOTAL-26JUL25ORLNSH-1,Over 0.5 goals scored,over_0_5,0.9645,0.96,,1.0417,0.002688,kalshi_0.07p(1-p),0.962688,0.001812,0.048563,0.012141,scheduled,2026-07-25T17:55:31.849380+00:00,,"scheduled run; SHADOW — observational, not a recommendation; degraded inputs: AVAILABILITY_COMPLETE,GOALKEEPER_CONFIRMED,LINEUP_CONFIRMED,PLAYER_DATA_FRESH"
2026-07-25-2049,mls,Columbus Crew v FC Cincinnati,2026-07-25T23:15Z,KXMLSSCORE-26JUL25CLBCIN-CLB0CIN1,FC Cincinnati wins 1-0,score_0_1,0.0444,0.04,,25.0,0.002688,kalshi_0.07p(1-p),0.042688,0.001712,0.001788,0.000447,scheduled,2026-07-25T17:55:30.226896+00:00,,"scheduled run; SHADOW — observational, not a recommendation; degraded inputs: AVAILABILITY_COMPLETE,GOALKEEPER_CONFIRMED,LINEUP_CONFIRMED,PLAYER_DATA_FRESH"
2026-07-25-2049,mls,Columbus Crew v FC Cincinnati,2026-07-25T23:15Z,KXMLSSPREAD-26JUL25CLBCIN-CIN2,Cincinnati wins by more than 1.5 goals,away_margin_2,0.1396,0.13,,7.6923,0.007917,kalshi_0.07p(1-p),0.137917,0.001683,0.001952,0.000488,scheduled,2026-07-25T17:55:30.226896+00:00,,"scheduled run; SHADOW — observational, not a recommendation; degraded inputs: AVAILABILITY_COMPLETE,GOALKEEPER_CONFIRMED,LINEUP_CONFIRMED,PLAYER_DATA_FRESH"
2026-07-25-2049,mls,St. Louis CITY SC v Colorado Rapids,2026-07-26T00:30Z,KXMLSFTTS-26JUL25STLCOL-NONE,No Goal,no_goal,0.0548,0.05,,20.0,0.003325,kalshi_0.07p(1-p),0.053325,0.001475,0.001558,0.00039,scheduled,2026-07-25T17:55:31.138240+00:00,,"scheduled run; SHADOW — observational, not a recommendation; degraded inputs: AVAILABILITY_COMPLETE,GOALKEEPER_CONFIRMED,LINEUP_CONFIRMED,PLAYER_DATA_FRESH"
2026-07-25-2049,mls,St. Louis CITY SC v Colorado Rapids,2026-07-26T00:30Z,KXMLSSCORE-26JUL25STLCOL-STL2COL0,Saint Louis City SC wins 2-0,score_2_0,0.0865,0.08,,12.5,0.005152,kalshi_0.07p(1-p),0.085152,0.001348,0.001473,0.000368,scheduled,2026-07-25T17:55:31.138240+00:00,,"scheduled run; SHADOW — observational, not a recommendation; degraded inputs: AVAILABILITY_COMPLETE,GOALKEEPER_CONFIRMED,LINEUP_CONFIRMED,PLAYER_DATA_FRESH"
2026-07-25-2049,mls,Columbus Crew v FC Cincinnati,2026-07-25T23:15Z,KXMLSTOTAL-26JUL25CLBCIN-1,Over 0.5 goals scored,over_0_5,0.9733,0.97,,1.0309,0.002037,kalshi_0.07p(1-p),0.972037,0.001263,0.045167,0.011292,scheduled,2026-07-25T17:55:30.226896+00:00,,"scheduled run; SHADOW — observational, not a recommendation; degraded inputs: AVAILABILITY_COMPLETE,GOALKEEPER_CONFIRMED,LINEUP_CONFIRMED,PLAYER_DATA_FRESH"
2026-07-25-2049,mls,Philadelphia Union v Seattle Sounders FC,2026-07-25T23:30Z,KXMLSTOTAL-26JUL25PHISEA-1,Over 0.5 goals scored,over_0_5,0.9639,0.96,,1.0417,0.002688,kalshi_0.07p(1-p),0.962688,0.001212,0.032483,0.008121,scheduled,2026-07-25T17:55:32.485996+00:00,,"scheduled run; SHADOW — observational, not a recommendation; degraded inputs: AVAILABILITY_COMPLETE,GOALKEEPER_CONFIRMED,LINEUP_CONFIRMED,PLAYER_DATA_FRESH"
2026-07-25-2049,mls,CF Montréal v Inter Miami CF,2026-07-25T23:30Z,KXMLSTOTAL-26JUL25MTLMIA-2,Over 1.5 goals scored,over_1_5,0.8885,0.88,,1.1364,0.007392,kalshi_0.07p(1-p),0.887392,0.001108,0.009839,0.00246,scheduled,2026-07-25T17:55:30.828400+00:00,,"scheduled run; SHADOW — observational, not a recommendation; degraded inputs: AVAILABILITY_COMPLETE,GOALKEEPER_CONFIRMED,LINEUP_CONFIRMED,PLAYER_DATA_FRESH"
2026-07-25-2049,mls,San Diego FC v FC Dallas,2026-07-26T01:30Z,KXMLSSCORE-26JUL25SDDAL-SD2DAL3,FC Dallas wins 3-2,score_2_3,0.0437,0.04,,25.0,0.002688,kalshi_0.07p(1-p),0.042688,0.001012,0.001057,0.000264,scheduled,2026-07-25T17:55:30.585487+00:00,,"scheduled run; SHADOW — observational, not a recommendation; degraded inputs: AVAILABILITY_COMPLETE,GOALKEEPER_CONFIRMED,LINEUP_CONFIRMED,PLAYER_DATA_FRESH"
2026-07-25-2049,mls,D.C. United v Toronto FC,2026-07-25T23:30Z,KXMLSSPREAD-26JUL25DCUTOR-DCU3,DC United wins by more than 2.5 goals,home_margin_3,0.0962,0.09,,11.1111,0.005733,kalshi_0.07p(1-p),0.095733,0.000467,0.000516,0.000129,scheduled,2026-07-25T17:55:30.334620+00:00,,"scheduled run; SHADOW — observational, not a recommendation; degraded inputs: AVAILABILITY_COMPLETE,GOALKEEPER_CONFIRMED,LINEUP_CONFIRMED,PLAYER_DATA_FRESH"
2026-07-25-2049,mls,Columbus Crew v FC Cincinnati,2026-07-25T23:15Z,KXMLSSPREAD-26JUL25CLBCIN-CIN3,Cincinnati wins by more than 2.5 goals,away_margin_3,0.0536,0.05,,20.0,0.003325,kalshi_0.07p(1-p),0.053325,0.000275,0.00029,7.3e-05,scheduled,2026-07-25T17:55:30.226896+00:00,,"scheduled run; SHADOW — observational, not a recommendation; degraded inputs: AVAILABILITY_COMPLETE,GOALKEEPER_CONFIRMED,LINEUP_CONFIRMED,PLAYER_DATA_FRESH"
2026-07-25-2049,mls,St. Louis CITY SC v Colorado Rapids,2026-07-26T00:30Z,KXMLSSCORE-26JUL25STLCOL-STL0COL0,Draw 0-0,score_0_0,0.0536,0.05,,20.0,0.003325,kalshi_0.07p(1-p),0.053325,0.000275,0.00029,7.3e-05,scheduled,2026-07-25T17:55:31.138240+00:00,,"scheduled run; SHADOW — observational, not a recommendation; degraded inputs: AVAILABILITY_COMPLETE,GOALKEEPER_CONFIRMED,LINEUP_CONFIRMED,PLAYER_DATA_FRESH"
2026-07-25-2049,mls,San Diego FC v FC Dallas,2026-07-26T01:30Z,KXMLSTOTAL-26JUL25SDDAL-5,Over 4.5 goals scored,over_4_5,0.2939,0.28,,3.5714,0.014112,kalshi_0.07p(1-p),0.294112,-0.000212,0.0,0.0,scheduled,2026-07-25T17:55:30.585487+00:00,,"scheduled run; SHADOW — observational, not a recommendation; degraded inputs: AVAILABILITY_COMPLETE,GOALKEEPER_CONFIRMED,LINEUP_CONFIRMED,PLAYER_DATA_FRESH"
2026-07-25-2049,mls,D.C. United v Toronto FC,2026-07-25T23:30Z,KXMLSTOTAL-26JUL25DCUTOR-6,Over 5.5 goals scored,over_5_5,0.0637,0.06,,16.6667,0.003948,kalshi_0.07p(1-p),0.063948,-0.000248,0.0,0.0,scheduled,2026-07-25T17:55:30.334620+00:00,,"scheduled run; SHADOW — observational, not a recommendation; degraded inputs: AVAILABILITY_COMPLETE,GOALKEEPER_CONFIRMED,LINEUP_CONFIRMED,PLAYER_DATA_FRESH"
2026-07-25-2049,mls,New England Revolution v Atlanta United FC,2026-07-25T23:30Z,KXMLSSCORE-26JUL25NEATL-NE1ATL2,Atlanta United FC wins 2-1,score_1_2,0.0743,0.07,,14.2857,0.004557,kalshi_0.07p(1-p),0.074557,-0.000257,0.0,0.0,scheduled,2026-07-25T17:55:31.627771+00:00,,"scheduled run; SHADOW — observational, not a recommendation; degraded inputs: AVAILABILITY_COMPLETE,GOALKEEPER_CONFIRMED,LINEUP_CONFIRMED,PLAYER_DATA_FRESH"
2026-07-25-2049,mls,Orlando City SC v Nashville SC,2026-07-25T23:30Z,KXMLSTOTAL-26JUL25ORLNSH-3,Over 2.5 goals scored,over_2_5,0.6362,0.62,,1.6129,0.016492,kalshi_0.07p(1-p),0.636492,-0.000292,0.0,0.0,scheduled,2026-07-25T17:55:31.849380+00:00,,"scheduled run; SHADOW — observational, not a recommendation; degraded inputs: AVAILABILITY_COMPLETE,GOALKEEPER_CONFIRMED,LINEUP_CONFIRMED,PLAYER_DATA_FRESH"
2026-07-25-2049,mls,CF Montréal v Inter Miami CF,2026-07-25T23:30Z,KXMLSBTTS-26JUL25MTLMIA-BTTS,Both Teams To Score,btts,0.7144,0.7,,1.4286,0.0147,kalshi_0.07p(1-p),0.7147,-0.0003,0.0,0.0,scheduled,2026-07-25T17:55:30.828400+00:00,,"scheduled run; SHADOW — observational, not a recommendation; degraded inputs: AVAILABILITY_COMPLETE,GOALKEEPER_CONFIRMED,LINEUP_CONFIRMED,PLAYER_DATA_FRESH"
2026-07-25-2049,mls,Red Bull New York v Charlotte FC,2026-07-25T22:30Z,KXMLSSCORE-26JUL25NYRBCLT-NYRB0CLT1,Charlotte FC wins 1-0,score_0_1,0.053,0.05,,20.0,0.003325,kalshi_0.07p(1-p),0.053325,-0.000325,0.0,0.0,scheduled,2026-07-25T17:55:32.099701+00:00,,"scheduled run; SHADOW — observational, not a recommendation; degraded inputs: AVAILABILITY_COMPLETE,GOALKEEPER_CONFIRMED,LINEUP_CONFIRMED,PLAYER_DATA_FRESH"
2026-07-25-2049,mls,New England Revolution v Atlanta United FC,2026-07-25T23:30Z,KXMLSTEAMTOTAL-26JUL25NEATL-NE1,New England over 0.5 goals,home_team_over_0_5,0.83,0.82,,1.2195,0.010332,kalshi_0.07p(1-p),0.830332,-0.000332,0.0,0.0,scheduled,2026-07-25T17:55:31.627771+00:00,,"scheduled run; SHADOW — observational, not a recommendation; degraded inputs: AVAILABILITY_COMPLETE,GOALKEEPER_CONFIRMED,LINEUP_CONFIRMED,PLAYER_DATA_FRESH"
2026-07-25-2049,mls,San Diego FC v FC Dallas,2026-07-26T01:30Z,KXMLSTOTAL-26JUL25SDDAL-1,Over 0.5 goals scored,over_0_5,0.9717,0.97,,1.0309,0.002037,kalshi_0.07p(1-p),0.972037,-0.000337,0.0,0.0,scheduled,2026-07-25T17:55:30.585487+00:00,,"scheduled run; SHADOW — observational, not a recommendation; degraded inputs: AVAILABILITY_COMPLETE,GOALKEEPER_CONFIRMED,LINEUP_CONFIRMED,PLAYER_DATA_FRESH"
2026-07-25-2049,mls,Houston Dynamo FC v Austin FC,2026-07-26T00:30Z,KXMLSGAME-26JUL25HOUATX-TIE,Tie,draw,0.2521,0.24,0.238579,4.1667,0.012768,kalshi_0.07p(1-p),0.252768,-0.000668,0.0,0.0,scheduled,2026-07-25T17:55:31.429688+00:00,,"scheduled run; SHADOW — observational, not a recommendation; bid/ask midpoints, overround 0.9850; degraded inputs: AVAILABILITY_COMPLETE,GOALKEEPER_CONFIRMED,LINEUP_CONFIRMED,PLAYER_DATA_FRESH"
2026-07-25-2049,mls,San Diego FC v FC Dallas,2026-07-26T01:30Z,KXMLSSCORE-26JUL25SDDAL-SD3DAL2,San Diego FC wins 3-2,score_3_2,0.042,0.04,,25.0,0.002688,kalshi_0.07p(1-p),0.042688,-0.000688,0.0,0.0,scheduled,2026-07-25T17:55:30.585487+00:00,,"scheduled run; SHADOW — observational, not a recommendation; degraded inputs: AVAILABILITY_COMPLETE,GOALKEEPER_CONFIRMED,LINEUP_CONFIRMED,PLAYER_DATA_FRESH"
2026-07-25-2049,mls,Red Bull New York v Charlotte FC,2026-07-25T22:30Z,KXMLSGAME-26JUL25NYRBCLT-CLT,Charlotte,away_win,0.3445,0.33,0.323383,3.0303,0.015477,kalshi_0.07p(1-p),0.345477,-0.000977,0.0,0.0,scheduled,2026-07-25T17:55:32.099701+00:00,,"scheduled run; SHADOW — observational, not a recommendation; bid/ask midpoints, overround 1.0050; degraded inputs: AVAILABILITY_COMPLETE,GOALKEEPER_CONFIRMED,LINEUP_CONFIRMED,PLAYER_DATA_FRESH"
2026-07-25-2049,mls,Philadelphia Union v Seattle Sounders FC,2026-07-25T23:30Z,KXMLSSPREAD-26JUL25PHISEA-PHI3,Philadelphia wins by more than 2.5 goals,home_margin_3,0.1263,0.12,,8.3333,0.007392,kalshi_0.07p(1-p),0.127392,-0.001092,0.0,0.0,scheduled,2026-07-25T17:55:32.485996+00:00,,"scheduled run; SHADOW — observational, not a recommendation; degraded inputs: AVAILABILITY_COMPLETE,GOALKEEPER_CONFIRMED,LINEUP_CONFIRMED,PLAYER_DATA_FRESH"
2026-07-25-2049,mls,D.C. United v Toronto FC,2026-07-25T23:30Z,KXMLSSPREAD-26JUL25DCUTOR-DCU2,DC United wins by more than 1.5 goals,home_margin_2,0.2309,0.22,,4.5455,0.012012,kalshi_0.07p(1-p),0.232012,-0.001112,0.0,0.0,scheduled,2026-07-25T17:55:30.334620+00:00,,"scheduled run; SHADOW — observational, not a recommendation; degraded inputs: AVAILABILITY_COMPLETE,GOALKEEPER_CONFIRMED,LINEUP_CONFIRMED,PLAYER_DATA_FRESH"
2026-07-25-2049,mls,New York City FC v Chicago Fire FC,2026-07-25T23:30Z,KXMLSSCORE-26JUL25NYCCHI-NYC3CHI2,New York City FC wins 3-2,score_3_2,0.0413,0.04,,25.0,0.002688,kalshi_0.07p(1-p),0.042688,-0.001388,0.0,0.0,scheduled,2026-07-25T17:55:31.743943+00:00,,"scheduled run; SHADOW — observational, not a recommendation; degraded inputs: AVAILABILITY_COMPLETE,GOALKEEPER_CONFIRMED,LINEUP_CONFIRMED,PLAYER_DATA_FRESH"
2026-07-25-2049,mls,Houston Dynamo FC v Austin FC,2026-07-26T00:30Z,KXMLSTOTAL-26JUL25HOUATX-6,Over 5.5 goals scored,over_5_5,0.0731,0.07,,14.2857,0.004557,kalshi_0.07p(1-p),0.074557,-0.001457,0.0,0.0,scheduled,2026-07-25T17:55:31.429688+00:00,,"scheduled run; SHADOW — observational, not a recommendation; degraded inputs: AVAILABILITY_COMPLETE,GOALKEEPER_CONFIRMED,LINEUP_CONFIRMED,PLAYER_DATA_FRESH"
2026-07-25-2049,mls,Orlando City SC v Nashville SC,2026-07-25T23:30Z,KXMLSSPREAD-26JUL25ORLNSH-NSH2,Nashville wins by more than 1.5 goals,away_margin_2,0.22,0.21,,4.7619,0.011613,kalshi_0.07p(1-p),0.221613,-0.001613,0.0,0.0,scheduled,2026-07-25T17:55:31.849380+00:00,,"scheduled run; SHADOW — observational, not a recommendation; degraded inputs: AVAILABILITY_COMPLETE,GOALKEEPER_CONFIRMED,LINEUP_CONFIRMED,PLAYER_DATA_FRESH"
2026-07-25-2049,mls,Orlando City SC v Nashville SC,2026-07-25T23:30Z,KXMLSTOTAL-26JUL25ORLNSH-5,Over 4.5 goals scored,over_4_5,0.2303,0.22,,4.5455,0.012012,kalshi_0.07p(1-p),0.232012,-0.001712,0.0,0.0,scheduled,2026-07-25T17:55:31.849380+00:00,,"scheduled run; SHADOW — observational, not a recommendation; degraded inputs: AVAILABILITY_COMPLETE,GOALKEEPER_CONFIRMED,LINEUP_CONFIRMED,PLAYER_DATA_FRESH"
2026-07-25-2049,mls,Columbus Crew v FC Cincinnati,2026-07-25T23:15Z,KXMLSTEAMTOTAL-26JUL25CLBCIN-CIN2,Cincinnati over 1.5 goals,away_team_over_1_5,0.4555,0.44,,2.2727,0.017248,kalshi_0.07p(1-p),0.457248,-0.001748,0.0,0.0,scheduled,2026-07-25T17:55:30.226896+00:00,,"scheduled run; SHADOW — observational, not a recommendation; degraded inputs: AVAILABILITY_COMPLETE,GOALKEEPER_CONFIRMED,LINEUP_CONFIRMED,PLAYER_DATA_FRESH"
2026-07-25-2049,mls,Orlando City SC v Nashville SC,2026-07-25T23:30Z,KXMLSSPREAD-26JUL25ORLNSH-NSH3,Nashville wins by more than 2.5 goals,away_margin_3,0.0939,0.09,,11.1111,0.005733,kalshi_0.07p(1-p),0.095733,-0.001833,0.0,0.0,scheduled,2026-07-25T17:55:31.849380+00:00,,"scheduled run; SHADOW — observational, not a recommendation; degraded inputs: AVAILABILITY_COMPLETE,GOALKEEPER_CONFIRMED,LINEUP_CONFIRMED,PLAYER_DATA_FRESH"
2026-07-25-2049,mls,D.C. United v Toronto FC,2026-07-25T23:30Z,KXMLSSPREAD-26JUL25DCUTOR-TOR3,Toronto wins by more than 2.5 goals,away_margin_3,0.0407,0.04,,25.0,0.002688,kalshi_0.07p(1-p),0.042688,-0.001988,0.0,0.0,scheduled,2026-07-25T17:55:30.334620+00:00,,"scheduled run; SHADOW — observational, not a recommendation; degraded inputs: AVAILABILITY_COMPLETE,GOALKEEPER_CONFIRMED,LINEUP_CONFIRMED,PLAYER_DATA_FRESH"
2026-07-25-2049,mls,Houston Dynamo FC v Austin FC,2026-07-26T00:30Z,KXMLSSCORE-26JUL25HOUATX-HOU2ATX2,Draw 2-2,score_2_2,0.0513,0.05,,20.0,0.003325,kalshi_0.07p(1-p),0.053325,-0.002025,0.0,0.0,scheduled,2026-07-25T17:55:31.429688+00:00,,"scheduled run; SHADOW — observational, not a recommendation; degraded inputs: AVAILABILITY_COMPLETE,GOALKEEPER_CONFIRMED,LINEUP_CONFIRMED,PLAYER_DATA_FRESH"
2026-07-25-2049,mls,New York City FC v Chicago Fire FC,2026-07-25T23:30Z,KXMLSTEAMTOTAL-26JUL25NYCCHI-CHI2,Chicago Fire over 1.5 goals,away_team_over_1_5,0.4954,0.48,,2.0833,0.017472,kalshi_0.07p(1-p),0.497472,-0.002072,0.0,0.0,scheduled,2026-07-25T17:55:31.743943+00:00,,"scheduled run; SHADOW — observational, not a recommendation; degraded inputs: AVAILABILITY_COMPLETE,GOALKEEPER_CONFIRMED,LINEUP_CONFIRMED,PLAYER_DATA_FRESH"
2026-07-25-2049,mls,Portland Timbers v Real Salt Lake,2026-07-26T02:30Z,KXMLSTOTAL-26JUL25PORRSL-1,Over 0.5 goals scored,over_0_5,0.9698,0.97,,1.0309,0.002037,kalshi_0.07p(1-p),0.972037,-0.002237,0.0,0.0,scheduled,2026-07-25T17:55:32.210829+00:00,,"scheduled run; SHADOW — observational, not a recommendation; degraded inputs: AVAILABILITY_COMPLETE,GOALKEEPER_CONFIRMED,LINEUP_CONFIRMED,PLAYER_DATA_FRESH"
2026-07-25-2049,mls,St. Louis CITY SC v Colorado Rapids,2026-07-26T00:30Z,KXMLSSCORE-26JUL25STLCOL-STL3COL0,Saint Louis City SC wins 3-0,score_3_0,0.0507,0.05,,20.0,0.003325,kalshi_0.07p(1-p),0.053325,-0.002625,0.0,0.0,scheduled,2026-07-25T17:55:31.138240+00:00,,"scheduled run; SHADOW — observational, not a recommendation; degraded inputs: AVAILABILITY_COMPLETE,GOALKEEPER_CONFIRMED,LINEUP_CONFIRMED,PLAYER_DATA_FRESH"
2026-07-25-2049,mls,CF Montréal v Inter Miami CF,2026-07-25T23:30Z,KXMLSGAME-26JUL25MTLMIA-TIE,Tie,draw,0.2397,0.23,0.226131,4.3478,0.012397,kalshi_0.07p(1-p),0.242397,-0.002697,0.0,0.0,scheduled,2026-07-25T17:55:30.828400+00:00,,"scheduled run; SHADOW — observational, not a recommendation; bid/ask midpoints, overround 0.9950; degraded inputs: AVAILABILITY_COMPLETE,GOALKEEPER_CONFIRMED,LINEUP_CONFIRMED,PLAYER_DATA_FRESH"
2026-07-25-2049,mls,Red Bull New York v Charlotte FC,2026-07-25T22:30Z,KXMLSTEAMTOTAL-26JUL25NYRBCLT-CLT3,Charlotte over 2.5 goals,away_team_over_2_5,0.2189,0.21,,4.7619,0.011613,kalshi_0.07p(1-p),0.221613,-0.002713,0.0,0.0,scheduled,2026-07-25T17:55:32.099701+00:00,,"scheduled run; SHADOW — observational, not a recommendation; degraded inputs: AVAILABILITY_COMPLETE,GOALKEEPER_CONFIRMED,LINEUP_CONFIRMED,PLAYER_DATA_FRESH"
2026-07-25-2049,mls,San Diego FC v FC Dallas,2026-07-26T01:30Z,KXMLSTOTAL-26JUL25SDDAL-4,Over 3.5 goals scored,over_3_5,0.4843,0.47,,2.1277,0.017437,kalshi_0.07p(1-p),0.487437,-0.003137,0.0,0.0,scheduled,2026-07-25T17:55:30.585487+00:00,,"scheduled run; SHADOW — observational, not a recommendation; degraded inputs: AVAILABILITY_COMPLETE,GOALKEEPER_CONFIRMED,LINEUP_CONFIRMED,PLAYER_DATA_FRESH"
2026-07-25-2049,mls,Houston Dynamo FC v Austin FC,2026-07-26T00:30Z,KXMLSSCORE-26JUL25HOUATX-HOU3ATX1,Houston Dynamo wins 3-1,score_3_1,0.0608,0.06,,16.6667,0.003948,kalshi_0.07p(1-p),0.063948,-0.003148,0.0,0.0,scheduled,2026-07-25T17:55:31.429688+00:00,,"scheduled run; SHADOW — observational, not a recommendation; degraded inputs: AVAILABILITY_COMPLETE,GOALKEEPER_CONFIRMED,LINEUP_CONFIRMED,PLAYER_DATA_FRESH"
2026-07-25-2049,mls,Red Bull New York v Charlotte FC,2026-07-25T22:30Z,KXMLSTEAMTOTAL-26JUL25NYRBCLT-CLT2,Charlotte over 1.5 goals,away_team_over_1_5,0.4839,0.47,,2.1277,0.017437,kalshi_0.07p(1-p),0.487437,-0.003537,0.0,0.0,scheduled,2026-07-25T17:55:32.099701+00:00,,"scheduled run; SHADOW — observational, not a recommendation; degraded inputs: AVAILABILITY_COMPLETE,GOALKEEPER_CONFIRMED,LINEUP_CONFIRMED,PLAYER_DATA_FRESH"
2026-07-25-2049,mls,Red Bull New York v Charlotte FC,2026-07-25T22:30Z,KXMLSTOTAL-26JUL25NYRBCLT-6,Over 5.5 goals scored,over_5_5,0.1343,0.13,,7.6923,0.007917,kalshi_0.07p(1-p),0.137917,-0.003617,0.0,0.0,scheduled,2026-07-25T17:55:32.099701+00:00,,"scheduled run; SHADOW — observational, not a recommendation; degraded inputs: AVAILABILITY_COMPLETE,GOALKEEPER_CONFIRMED,LINEUP_CONFIRMED,PLAYER_DATA_FRESH"
2026-07-25-2049,mls,Minnesota United FC v Vancouver Whitecaps,2026-07-26T00:30Z,KXMLSTOTAL-26JUL25MINVAN-1,Over 0.5 goals scored,over_0_5,0.9586,0.96,,1.0417,0.002688,kalshi_0.07p(1-p),0.962688,-0.004088,0.0,0.0,scheduled,2026-07-25T17:55:30.465566+00:00,,"scheduled run; SHADOW — observational, not a recommendation; degraded inputs: AVAILABILITY_COMPLETE,GOALKEEPER_CONFIRMED,LINEUP_CONFIRMED,PLAYER_DATA_FRESH"
2026-07-25-2049,mls,Red Bull New York v Charlotte FC,2026-07-25T22:30Z,KXMLSTEAMTOTAL-26JUL25NYRBCLT-NYRB3,New York RB over 2.5 goals,home_team_over_2_5,0.2797,0.27,,3.7037,0.013797,kalshi_0.07p(1-p),0.283797,-0.004097,0.0,0.0,scheduled,2026-07-25T17:55:32.099701+00:00,,"scheduled run; SHADOW — observational, not a recommendation; degraded inputs: AVAILABILITY_COMPLETE,GOALKEEPER_CONFIRMED,LINEUP_CONFIRMED,PLAYER_DATA_FRESH"
2026-07-25-2049,mls,CF Montréal v Inter Miami CF,2026-07-25T23:30Z,KXMLSTOTAL-26JUL25MTLMIA-1,Over 0.5 goals scored,over_0_5,0.9771,0.98,,1.0204,0.001372,kalshi_0.07p(1-p),0.981372,-0.004272,0.0,0.0,scheduled,2026-07-25T17:55:30.828400+00:00,,"scheduled run; SHADOW — observational, not a recommendation; degraded inputs: AVAILABILITY_COMPLETE,GOALKEEPER_CONFIRMED,LINEUP_CONFIRMED,PLAYER_DATA_FRESH"
2026-07-25-2049,mls,San Jose Earthquakes v LA Galaxy,2026-07-26T02:30Z,KXMLSSPREAD-26JUL25SJLAG-SJ2,San Jose wins by more than 1.5 goals,home_margin_2,0.3102,0.3,,3.3333,0.0147,kalshi_0.07p(1-p),0.3147,-0.0045,0.0,0.0,scheduled,2026-07-25T17:55:32.596192+00:00,,"scheduled run; SHADOW — observational, not a recommendation; degraded inputs: AVAILABILITY_COMPLETE,GOALKEEPER_CONFIRMED,LINEUP_CONFIRMED,PLAYER_DATA_FRESH"
2026-07-25-2049,mls,Minnesota United FC v Vancouver Whitecaps,2026-07-26T00:30Z,KXMLSTOTAL-26JUL25MINVAN-3,Over 2.5 goals scored,over_2_5,0.6221,0.61,,1.6393,0.016653,kalshi_0.07p(1-p),0.626653,-0.004553,0.0,0.0,scheduled,2026-07-25T17:55:30.465566+00:00,,"scheduled run; SHADOW — observational, not a recommendation; degraded inputs: AVAILABILITY_COMPLETE,GOALKEEPER_CONFIRMED,LINEUP_CONFIRMED,PLAYER_DATA_FRESH"
2026-07-25-2049,mls,CF Montréal v Inter Miami CF,2026-07-25T23:30Z,KXMLSSCORE-26JUL25MTLMIA-MTL3MIA1,CF Montreal wins 3-1,score_3_1,0.0487,0.05,,20.0,0.003325,kalshi_0.07p(1-p),0.053325,-0.004625,0.0,0.0,scheduled,2026-07-25T17:55:30.828400+00:00,,"scheduled run; SHADOW — observational, not a recommendation; degraded inputs: AVAILABILITY_COMPLETE,GOALKEEPER_CONFIRMED,LINEUP_CONFIRMED,PLAYER_DATA_FRESH"
2026-07-25-2049,mls,Philadelphia Union v Seattle Sounders FC,2026-07-25T23:30Z,KXMLSGAME-26JUL25PHISEA-TIE,Tie,draw,0.2481,0.24,0.233831,4.1667,0.012768,kalshi_0.07p(1-p),0.252768,-0.004668,0.0,0.0,scheduled,2026-07-25T17:55:32.485996+00:00,,"scheduled run; SHADOW — observational, not a recommendation; bid/ask midpoints, overround 1.0050; degraded inputs: AVAILABILITY_COMPLETE,GOALKEEPER_CONFIRMED,LINEUP_CONFIRMED,PLAYER_DATA_FRESH"
2026-07-25-2049,mls,San Diego FC v FC Dallas,2026-07-26T01:30Z,KXMLSSCORE-26JUL25SDDAL-SD0DAL1,FC Dallas wins 1-0,score_0_1,0.0486,0.05,,20.0,0.003325,kalshi_0.07p(1-p),0.053325,-0.004725,0.0,0.0,scheduled,2026-07-25T17:55:30.585487+00:00,,"scheduled run; SHADOW — observational, not a recommendation; degraded inputs: AVAILABILITY_COMPLETE,GOALKEEPER_CONFIRMED,LINEUP_CONFIRMED,PLAYER_DATA_FRESH"
2026-07-25-2049,mls,Orlando City SC v Nashville SC,2026-07-25T23:30Z,KXMLSTOTAL-26JUL25ORLNSH-4,Over 3.5 goals scored,over_3_5,0.4119,0.4,,2.5,0.0168,kalshi_0.07p(1-p),0.4168,-0.0049,0.0,0.0,scheduled,2026-07-25T17:55:31.849380+00:00,,"scheduled run; SHADOW — observational, not a recommendation; degraded inputs: AVAILABILITY_COMPLETE,GOALKEEPER_CONFIRMED,LINEUP_CONFIRMED,PLAYER_DATA_FRESH"
2026-07-25-2049,mls,Red Bull New York v Charlotte FC,2026-07-25T22:30Z,KXMLSTOTAL-26JUL25NYRBCLT-1,Over 0.5 goals scored,over_0_5,0.9669,0.97,,1.0309,0.002037,kalshi_0.07p(1-p),0.972037,-0.005137,0.0,0.0,scheduled,2026-07-25T17:55:32.099701+00:00,,"scheduled run; SHADOW — observational, not a recommendation; degraded inputs: AVAILABILITY_COMPLETE,GOALKEEPER_CONFIRMED,LINEUP_CONFIRMED,PLAYER_DATA_FRESH"
2026-07-25-2049,mls,New York City FC v Chicago Fire FC,2026-07-25T23:30Z,KXMLSTEAMTOTAL-26JUL25NYCCHI-NYC1,New York City over 0.5 goals,home_team_over_0_5,0.825,0.82,,1.2195,0.010332,kalshi_0.07p(1-p),0.830332,-0.005332,0.0,0.0,scheduled,2026-07-25T17:55:31.743943+00:00,,"scheduled run; SHADOW — observational, not a recommendation; degraded inputs: AVAILABILITY_COMPLETE,GOALKEEPER_CONFIRMED,LINEUP_CONFIRMED,PLAYER_DATA_FRESH"
2026-07-25-2049,mls,Portland Timbers v Real Salt Lake,2026-07-26T02:30Z,KXMLSSCORE-26JUL25PORRSL-POR1RSL0,Portland Timbers wins 1-0,score_1_0,0.0584,0.06,,16.6667,0.003948,kalshi_0.07p(1-p),0.063948,-0.005548,0.0,0.0,scheduled,2026-07-25T17:55:32.210829+00:00,,"scheduled run; SHADOW — observational, not a recommendation; degraded inputs: AVAILABILITY_COMPLETE,GOALKEEPER_CONFIRMED,LINEUP_CONFIRMED,PLAYER_DATA_FRESH"
2026-07-25-2049,mls,San Jose Earthquakes v LA Galaxy,2026-07-26T02:30Z,KXMLSSPREAD-26JUL25SJLAG-LAG2,Los Angeles G wins by more than 1.5 goals,away_margin_2,0.1113,0.11,,9.0909,0.006853,kalshi_0.07p(1-p),0.116853,-0.005553,0.0,0.0,scheduled,2026-07-25T17:55:32.596192+00:00,,"scheduled run; SHADOW — observational, not a recommendation; degraded inputs: AVAILABILITY_COMPLETE,GOALKEEPER_CONFIRMED,LINEUP_CONFIRMED,PLAYER_DATA_FRESH"
2026-07-25-2049,mls,San Diego FC v FC Dallas,2026-07-26T01:30Z,KXMLSSCORE-26JUL25SDDAL-SD1DAL2,FC Dallas wins 2-1,score_1_2,0.0794,0.08,,12.5,0.005152,kalshi_0.07p(1-p),0.085152,-0.005752,0.0,0.0,scheduled,2026-07-25T17:55:30.585487+00:00,,"scheduled run; SHADOW — observational, not a recommendation; degraded inputs: AVAILABILITY_COMPLETE,GOALKEEPER_CONFIRMED,LINEUP_CONFIRMED,PLAYER_DATA_FRESH"
2026-07-25-2049,mls,Columbus Crew v FC Cincinnati,2026-07-25T23:15Z,KXMLSSCORE-26JUL25CLBCIN-CLB1CIN3,FC Cincinnati wins 3-1,score_1_3,0.0366,0.04,,25.0,0.002688,kalshi_0.07p(1-p),0.042688,-0.006088,0.0,0.0,scheduled,2026-07-25T17:55:30.226896+00:00,,"scheduled run; SHADOW — observational, not a recommendation; degraded inputs: AVAILABILITY_COMPLETE,GOALKEEPER_CONFIRMED,LINEUP_CONFIRMED,PLAYER_DATA_FRESH"
2026-07-25-2049,mls,Columbus Crew v FC Cincinnati,2026-07-25T23:15Z,KXMLSGAME-26JUL25CLBCIN-CIN,Cincinnati,away_win,0.3086,0.3,0.296482,3.3333,0.0147,kalshi_0.07p(1-p),0.3147,-0.0061,0.0,0.0,scheduled,2026-07-25T17:55:30.226896+00:00,,"scheduled run; SHADOW — observational, not a recommendation; bid/ask midpoints, overround 0.9950; degraded inputs: AVAILABILITY_COMPLETE,GOALKEEPER_CONFIRMED,LINEUP_CONFIRMED,PLAYER_DATA_FRESH"
2026-07-25-2049,mls,San Jose Earthquakes v LA Galaxy,2026-07-26T02:30Z,KXMLSTOTAL-26JUL25SJLAG-1,Over 0.5 goals scored,over_0_5,0.9658,0.97,,1.0309,0.002037,kalshi_0.07p(1-p),0.972037,-0.006237,0.0,0.0,scheduled,2026-07-25T17:55:32.596192+00:00,,"scheduled run; SHADOW — observational, not a recommendation; degraded inputs: AVAILABILITY_COMPLETE,GOALKEEPER_CONFIRMED,LINEUP_CONFIRMED,PLAYER_DATA_FRESH"
2026-07-25-2049,mls,D.C. United v Toronto FC,2026-07-25T23:30Z,KXMLSTOTAL-26JUL25DCUTOR-5,Over 4.5 goals scored,over_4_5,0.1525,0.15,,6.6667,0.008925,kalshi_0.07p(1-p),0.158925,-0.006425,0.0,0.0,scheduled,2026-07-25T17:55:30.334620+00:00,,"scheduled run; SHADOW — observational, not a recommendation; degraded inputs: AVAILABILITY_COMPLETE,GOALKEEPER_CONFIRMED,LINEUP_CONFIRMED,PLAYER_DATA_FRESH"
2026-07-25-2049,mls,CF Montréal v Inter Miami CF,2026-07-25T23:30Z,KXMLSSCORE-26JUL25MTLMIA-MTL1MIA0,CF Montreal wins 1-0,score_1_0,0.0469,0.05,,20.0,0.003325,kalshi_0.07p(1-p),0.053325,-0.006425,0.0,0.0,scheduled,2026-07-25T17:55:30.828400+00:00,,"scheduled run; SHADOW — observational, not a recommendation; degraded inputs: AVAILABILITY_COMPLETE,GOALKEEPER_CONFIRMED,LINEUP_CONFIRMED,PLAYER_DATA_FRESH"
2026-07-25-2049,mls,Philadelphia Union v Seattle Sounders FC,2026-07-25T23:30Z,KXMLSSCORE-26JUL25PHISEA-PHI0SEA2,Seattle Sounders wins 2-0,score_0_2,0.0362,0.04,,25.0,0.002688,kalshi_0.07p(1-p),0.042688,-0.006488,0.0,0.0,scheduled,2026-07-25T17:55:32.485996+00:00,,"scheduled run; SHADOW — observational, not a recommendation; degraded inputs: AVAILABILITY_COMPLETE,GOALKEEPER_CONFIRMED,LINEUP_CONFIRMED,PLAYER_DATA_FRESH"
2026-07-25-2049,mls,Minnesota United FC v Vancouver Whitecaps,2026-07-26T00:30Z,KXMLSGAME-26JUL25MINVAN-TIE,Tie,draw,0.2566,0.25,0.243781,4.0,0.013125,kalshi_0.07p(1-p),0.263125,-0.006525,0.0,0.0,scheduled,2026-07-25T17:55:30.465566+00:00,,"scheduled run; SHADOW — observational, not a recommendation; bid/ask midpoints, overround 1.0050; degraded inputs: AVAILABILITY_COMPLETE,GOALKEEPER_CONFIRMED,LINEUP_CONFIRMED,PLAYER_DATA_FRESH"
2026-07-25-2049,mls,Minnesota United FC v Vancouver Whitecaps,2026-07-26T00:30Z,KXMLSTOTAL-26JUL25MINVAN-4,Over 3.5 goals scored,over_3_5,0.4,0.39,,2.5641,0.016653,kalshi_0.07p(1-p),0.406653,-0.006653,0.0,0.0,scheduled,2026-07-25T17:55:30.465566+00:00,,"scheduled run; SHADOW — observational, not a recommendation; degraded inputs: AVAILABILITY_COMPLETE,GOALKEEPER_CONFIRMED,LINEUP_CONFIRMED,PLAYER_DATA_FRESH"
2026-07-25-2049,mls,Columbus Crew v FC Cincinnati,2026-07-25T23:15Z,KXMLSSCORE-26JUL25CLBCIN-CLB1CIN0,Columbus Crew wins 1-0,score_1_0,0.0572,0.06,,16.6667,0.003948,kalshi_0.07p(1-p),0.063948,-0.006748,0.0,0.0,scheduled,2026-07-25T17:55:30.226896+00:00,,"scheduled run; SHADOW — observational, not a recommendation; degraded inputs: AVAILABILITY_COMPLETE,GOALKEEPER_CONFIRMED,LINEUP_CONFIRMED,PLAYER_DATA_FRESH"
2026-07-25-2049,mls,San Diego FC v FC Dallas,2026-07-26T01:30Z,KXMLSTEAMTOTAL-26JUL25SDDAL-DAL1,Dallas over 0.5 goals,away_team_over_0_5,0.8331,0.83,,1.2048,0.009877,kalshi_0.07p(1-p),0.839877,-0.006777,0.0,0.0,scheduled,2026-07-25T17:55:30.585487+00:00,,"scheduled run; SHADOW — observational, not a recommendation; degraded inputs: AVAILABILITY_COMPLETE,GOALKEEPER_CONFIRMED,LINEUP_CONFIRMED,PLAYER_DATA_FRESH"
2026-07-25-2049,mls,New York City FC v Chicago Fire FC,2026-07-25T23:30Z,KXMLSSCORE-26JUL25NYCCHI-NYC3CHI1,New York City FC wins 3-1,score_3_1,0.0465,0.05,,20.0,0.003325,kalshi_0.07p(1-p),0.053325,-0.006825,0.0,0.0,scheduled,2026-07-25T17:55:31.743943+00:00,,"scheduled run; SHADOW — observational, not a recommendation; degraded inputs: AVAILABILITY_COMPLETE,GOALKEEPER_CONFIRMED,LINEUP_CONFIRMED,PLAYER_DATA_FRESH"
2026-07-25-2049,mls,Orlando City SC v Nashville SC,2026-07-25T23:30Z,KXMLSSCORE-26JUL25ORLNSH-ORL2NSH0,Orlando City SC wins 2-0,score_2_0,0.0465,0.05,,20.0,0.003325,kalshi_0.07p(1-p),0.053325,-0.006825,0.0,0.0,scheduled,2026-07-25T17:55:31.849380+00:00,,"scheduled run; SHADOW — observational, not a recommendation; degraded inputs: AVAILABILITY_COMPLETE,GOALKEEPER_CONFIRMED,LINEUP_CONFIRMED,PLAYER_DATA_FRESH"
2026-07-25-2049,mls,San Jose Earthquakes v LA Galaxy,2026-07-26T02:30Z,KXMLSGAME-26JUL25SJLAG-LAG,Los Angeles G,away_win,0.2769,0.27,0.263682,3.7037,0.013797,kalshi_0.07p(1-p),0.283797,-0.006897,0.0,0.0,scheduled,2026-07-25T17:55:32.596192+00:00,,"scheduled run; SHADOW — observational, not a recommendation; bid/ask midpoints, overround 1.0050; degraded inputs: AVAILABILITY_COMPLETE,GOALKEEPER_CONFIRMED,LINEUP_CONFIRMED,PLAYER_DATA_FRESH"
2026-07-25-2049,mls,New England Revolution v Atlanta United FC,2026-07-25T23:30Z,KXMLSTEAMTOTAL-26JUL25NEATL-ATL1,Atlanta over 0.5 goals,away_team_over_0_5,0.7562,0.75,,1.3333,0.013125,kalshi_0.07p(1-p),0.763125,-0.006925,0.0,0.0,scheduled,2026-07-25T17:55:31.627771+00:00,,"scheduled run; SHADOW — observational, not a recommendation; wide spread 5c; degraded inputs: AVAILABILITY_COMPLETE,GOALKEEPER_CONFIRMED,LINEUP_CONFIRMED,PLAYER_DATA_FRESH"
2026-07-25-2049,mls,Orlando City SC v Nashville SC,2026-07-25T23:30Z,KXMLSSCORE-26JUL25ORLNSH-ORL2NSH2,Draw 2-2,score_2_2,0.0676,0.07,,14.2857,0.004557,kalshi_0.07p(1-p),0.074557,-0.006957,0.0,0.0,scheduled,2026-07-25T17:55:31.849380+00:00,,"scheduled run; SHADOW — observational, not a recommendation; degraded inputs: AVAILABILITY_COMPLETE,GOALKEEPER_CONFIRMED,LINEUP_CONFIRMED,PLAYER_DATA_FRESH"
2026-07-25-2049,mls,San Jose Earthquakes v LA Galaxy,2026-07-26T02:30Z,KXMLSSCORE-26JUL25SJLAG-SJ1LAG0,San Jose Earthquakes wins 1-0,score_1_0,0.0675,0.07,,14.2857,0.004557,kalshi_0.07p(1-p),0.074557,-0.007057,0.0,0.0,scheduled,2026-07-25T17:55:32.596192+00:00,,"scheduled run; SHADOW — observational, not a recommendation; degraded inputs: AVAILABILITY_COMPLETE,GOALKEEPER_CONFIRMED,LINEUP_CONFIRMED,PLAYER_DATA_FRESH"
2026-07-25-2049,mls,Minnesota United FC v Vancouver Whitecaps,2026-07-26T00:30Z,KXMLSSCORE-26JUL25MINVAN-MIN1VAN1,Draw 1-1,score_1_1,0.0992,0.1,,10.0,0.0063,kalshi_0.07p(1-p),0.1063,-0.0071,0.0,0.0,scheduled,2026-07-25T17:55:30.465566+00:00,,"scheduled run; SHADOW — observational, not a recommendation; degraded inputs: AVAILABILITY_COMPLETE,GOALKEEPER_CONFIRMED,LINEUP_CONFIRMED,PLAYER_DATA_FRESH"
2026-07-25-2049,mls,New York City FC v Chicago Fire FC,2026-07-25T23:30Z,KXMLSSCORE-26JUL25NYCCHI-NYC2CHI3,Chicago Fire wins 3-2,score_2_3,0.0355,0.04,,25.0,0.002688,kalshi_0.07p(1-p),0.042688,-0.007188,0.0,0.0,scheduled,2026-07-25T17:55:31.743943+00:00,,"scheduled run; SHADOW — observational, not a recommendation; degraded inputs: AVAILABILITY_COMPLETE,GOALKEEPER_CONFIRMED,LINEUP_CONFIRMED,PLAYER_DATA_FRESH"
2026-07-25-2049,mls,D.C. United v Toronto FC,2026-07-25T23:30Z,KXMLSSCORE-26JUL25DCUTOR-DCU1TOR0,DC United wins 1-0,score_1_0,0.099,0.1,,10.0,0.0063,kalshi_0.07p(1-p),0.1063,-0.0073,0.0,0.0,scheduled,2026-07-25T17:55:30.334620+00:00,,"scheduled run; SHADOW — observational, not a recommendation; degraded inputs: AVAILABILITY_COMPLETE,GOALKEEPER_CONFIRMED,LINEUP_CONFIRMED,PLAYER_DATA_FRESH"
2026-07-25-2049,mls,Houston Dynamo FC v Austin FC,2026-07-26T00:30Z,KXMLSSCORE-26JUL25HOUATX-HOU1ATX2,Austin FC wins 2-1,score_1_2,0.0566,0.06,,16.6667,0.003948,kalshi_0.07p(1-p),0.063948,-0.007348,0.0,0.0,scheduled,2026-07-25T17:55:31.429688+00:00,,"scheduled run; SHADOW — observational, not a recommendation; degraded inputs: AVAILABILITY_COMPLETE,GOALKEEPER_CONFIRMED,LINEUP_CONFIRMED,PLAYER_DATA_FRESH"
2026-07-25-2049,mls,Columbus Crew v FC Cincinnati,2026-07-25T23:15Z,KXMLSSCORE-26JUL25CLBCIN-CLB3CIN2,Columbus Crew wins 3-2,score_3_2,0.0459,0.05,,20.0,0.003325,kalshi_0.07p(1-p),0.053325,-0.007425,0.0,0.0,scheduled,2026-07-25T17:55:30.226896+00:00,,"scheduled run; SHADOW — observational, not a recommendation; degraded inputs: AVAILABILITY_COMPLETE,GOALKEEPER_CONFIRMED,LINEUP_CONFIRMED,PLAYER_DATA_FRESH"
2026-07-25-2049,mls,Orlando City SC v Nashville SC,2026-07-25T23:30Z,KXMLSSCORE-26JUL25ORLNSH-ORL1NSH2,Nashville SC wins 2-1,score_1_2,0.0883,0.09,,11.1111,0.005733,kalshi_0.07p(1-p),0.095733,-0.007433,0.0,0.0,scheduled,2026-07-25T17:55:31.849380+00:00,,"scheduled run; SHADOW — observational, not a recommendation; degraded inputs: AVAILABILITY_COMPLETE,GOALKEEPER_CONFIRMED,LINEUP_CONFIRMED,PLAYER_DATA_FRESH"
2026-07-25-2049,mls,St. Louis CITY SC v Colorado Rapids,2026-07-26T00:30Z,KXMLSGAME-26JUL25STLCOL-TIE,Tie,draw,0.2556,0.25,0.243781,4.0,0.013125,kalshi_0.07p(1-p),0.263125,-0.007525,0.0,0.0,scheduled,2026-07-25T17:55:31.138240+00:00,,"scheduled run; SHADOW — observational, not a recommendation; bid/ask midpoints, overround 1.0050; degraded inputs: AVAILABILITY_COMPLETE,GOALKEEPER_CONFIRMED,LINEUP_CONFIRMED,PLAYER_DATA_FRESH"
2026-07-25-2049,mls,D.C. United v Toronto FC,2026-07-25T23:30Z,KXMLSSCORE-26JUL25DCUTOR-DCU2TOR0,DC United wins 2-0,score_2_0,0.0776,0.08,,12.5,0.005152,kalshi_0.07p(1-p),0.085152,-0.007552,0.0,0.0,scheduled,2026-07-25T17:55:30.334620+00:00,,"scheduled run; SHADOW — observational, not a recommendation; degraded inputs: AVAILABILITY_COMPLETE,GOALKEEPER_CONFIRMED,LINEUP_CONFIRMED,PLAYER_DATA_FRESH"
2026-07-25-2049,mls,New York City FC v Chicago Fire FC,2026-07-25T23:30Z,KXMLSSCORE-26JUL25NYCCHI-NYC1CHI3,Chicago Fire wins 3-1,score_1_3,0.0456,0.05,,20.0,0.003325,kalshi_0.07p(1-p),0.053325,-0.007725,0.0,0.0,scheduled,2026-07-25T17:55:31.743943+00:00,,"scheduled run; SHADOW — observational, not a recommendation; degraded inputs: AVAILABILITY_COMPLETE,GOALKEEPER_CONFIRMED,LINEUP_CONFIRMED,PLAYER_DATA_FRESH"
2026-07-25-2049,mls,San Jose Earthquakes v LA Galaxy,2026-07-26T02:30Z,KXMLSSCORE-26JUL25SJLAG-SJ3LAG0,San Jose Earthquakes wins 3-0,score_3_0,0.0456,0.05,,20.0,0.003325,kalshi_0.07p(1-p),0.053325,-0.007725,0.0,0.0,scheduled,2026-07-25T17:55:32.596192+00:00,,"scheduled run; SHADOW — observational, not a recommendation; degraded inputs: AVAILABILITY_COMPLETE,GOALKEEPER_CONFIRMED,LINEUP_CONFIRMED,PLAYER_DATA_FRESH"
2026-07-25-2049,mls,Red Bull New York v Charlotte FC,2026-07-25T22:30Z,KXMLSSPREAD-26JUL25NYRBCLT-NYRB2,New York RB wins by more than 1.5 goals,home_margin_2,0.2345,0.23,,4.3478,0.012397,kalshi_0.07p(1-p),0.242397,-0.007897,0.0,0.0,scheduled,2026-07-25T17:55:32.099701+00:00,,"scheduled run; SHADOW — observational, not a recommendation; degraded inputs: AVAILABILITY_COMPLETE,GOALKEEPER_CONFIRMED,LINEUP_CONFIRMED,PLAYER_DATA_FRESH"
2026-07-25-2049,mls,New York City FC v Chicago Fire FC,2026-07-25T23:30Z,KXMLSSPREAD-26JUL25NYCCHI-CHI2,Chicago Fire wins by more than 1.5 goals,away_margin_2,0.1928,0.19,,5.2632,0.010773,kalshi_0.07p(1-p),0.200773,-0.007973,0.0,0.0,scheduled,2026-07-25T17:55:31.743943+00:00,,"scheduled run; SHADOW — observational, not a recommendation; degraded inputs: AVAILABILITY_COMPLETE,GOALKEEPER_CONFIRMED,LINEUP_CONFIRMED,PLAYER_DATA_FRESH"
2026-07-25-2049,mls,Houston Dynamo FC v Austin FC,2026-07-26T00:30Z,KXMLSSCORE-26JUL25HOUATX-HOU1ATX0,Houston Dynamo wins 1-0,score_1_0,0.1086,0.11,,9.0909,0.006853,kalshi_0.07p(1-p),0.116853,-0.008253,0.0,0.0,scheduled,2026-07-25T17:55:31.429688+00:00,,"scheduled run; SHADOW — observational, not a recommendation; degraded inputs: AVAILABILITY_COMPLETE,GOALKEEPER_CONFIRMED,LINEUP_CONFIRMED,PLAYER_DATA_FRESH"
2026-07-25-2049,mls,Minnesota United FC v Vancouver Whitecaps,2026-07-26T00:30Z,KXMLSSCORE-26JUL25MINVAN-MIN2VAN1,Minnesota United FC wins 2-1,score_2_1,0.0768,0.08,,12.5,0.005152,kalshi_0.07p(1-p),0.085152,-0.008352,0.0,0.0,scheduled,2026-07-25T17:55:30.465566+00:00,,"scheduled run; SHADOW — observational, not a recommendation; degraded inputs: AVAILABILITY_COMPLETE,GOALKEEPER_CONFIRMED,LINEUP_CONFIRMED,PLAYER_DATA_FRESH"
2026-07-25-2049,mls,Portland Timbers v Real Salt Lake,2026-07-26T02:30Z,KXMLSSCORE-26JUL25PORRSL-POR3RSL2,Portland Timbers wins 3-2,score_3_2,0.0448,0.05,,20.0,0.003325,kalshi_0.07p(1-p),0.053325,-0.008525,0.0,0.0,scheduled,2026-07-25T17:55:32.210829+00:00,,"scheduled run; SHADOW — observational, not a recommendation; degraded inputs: AVAILABILITY_COMPLETE,GOALKEEPER_CONFIRMED,LINEUP_CONFIRMED,PLAYER_DATA_FRESH"
2026-07-25-2049,mls,Portland Timbers v Real Salt Lake,2026-07-26T02:30Z,KXMLSTEAMTOTAL-26JUL25PORRSL-POR3,Portland over 2.5 goals,home_team_over_2_5,0.2855,0.28,,3.5714,0.014112,kalshi_0.07p(1-p),0.294112,-0.008612,0.0,0.0,scheduled,2026-07-25T17:55:32.210829+00:00,,"scheduled run; SHADOW — observational, not a recommendation; degraded inputs: AVAILABILITY_COMPLETE,GOALKEEPER_CONFIRMED,LINEUP_CONFIRMED,PLAYER_DATA_FRESH"
2026-07-25-2049,mls,San Diego FC v FC Dallas,2026-07-26T01:30Z,KXMLSSCORE-26JUL25SDDAL-SD3DAL1,San Diego FC wins 3-1,score_3_1,0.0446,0.05,,20.0,0.003325,kalshi_0.07p(1-p),0.053325,-0.008725,0.0,0.0,scheduled,2026-07-25T17:55:30.585487+00:00,,"scheduled run; SHADOW — observational, not a recommendation; degraded inputs: AVAILABILITY_COMPLETE,GOALKEEPER_CONFIRMED,LINEUP_CONFIRMED,PLAYER_DATA_FRESH"
2026-07-25-2049,mls,Red Bull New York v Charlotte FC,2026-07-25T22:30Z,KXMLSTOTAL-26JUL25NYRBCLT-5,Over 4.5 goals scored,over_4_5,0.2647,0.26,,3.8462,0.013468,kalshi_0.07p(1-p),0.273468,-0.008768,0.0,0.0,scheduled,2026-07-25T17:55:32.099701+00:00,,"scheduled run; SHADOW — observational, not a recommendation; degraded inputs: AVAILABILITY_COMPLETE,GOALKEEPER_CONFIRMED,LINEUP_CONFIRMED,PLAYER_DATA_FRESH"
2026-07-25-2049,mls,San Diego FC v FC Dallas,2026-07-26T01:30Z,KXMLSTOTAL-26JUL25SDDAL-3,Over 2.5 goals scored,over_2_5,0.6957,0.69,,1.4493,0.014973,kalshi_0.07p(1-p),0.704973,-0.009273,0.0,0.0,scheduled,2026-07-25T17:55:30.585487+00:00,,"scheduled run; SHADOW — observational, not a recommendation; degraded inputs: AVAILABILITY_COMPLETE,GOALKEEPER_CONFIRMED,LINEUP_CONFIRMED,PLAYER_DATA_FRESH"
2026-07-25-2049,mls,Portland Timbers v Real Salt Lake,2026-07-26T02:30Z,KXMLSTEAMTOTAL-26JUL25PORRSL-POR2,Portland over 1.5 goals,home_team_over_1_5,0.5481,0.54,,1.8519,0.017388,kalshi_0.07p(1-p),0.557388,-0.009288,0.0,0.0,scheduled,2026-07-25T17:55:32.210829+00:00,,"scheduled run; SHADOW — observational, not a recommendation; degraded inputs: AVAILABILITY_COMPLETE,GOALKEEPER_CONFIRMED,LINEUP_CONFIRMED,PLAYER_DATA_FRESH"
2026-07-25-2049,mls,Red Bull New York v Charlotte FC,2026-07-25T22:30Z,KXMLSSCORE-26JUL25NYRBCLT-NYRB2CLT0,New York Red Bulls wins 2-0,score_2_0,0.0544,0.06,,16.6667,0.003948,kalshi_0.07p(1-p),0.063948,-0.009548,0.0,0.0,scheduled,2026-07-25T17:55:32.099701+00:00,,"scheduled run; SHADOW — observational, not a recommendation; degraded inputs: AVAILABILITY_COMPLETE,GOALKEEPER_CONFIRMED,LINEUP_CONFIRMED,PLAYER_DATA_FRESH"
2026-07-25-2049,mls,San Jose Earthquakes v LA Galaxy,2026-07-26T02:30Z,KXMLSFTTS-26JUL25SJLAG-NONE,No Goal,no_goal,0.0331,0.04,,25.0,0.002688,kalshi_0.07p(1-p),0.042688,-0.009588,0.0,0.0,scheduled,2026-07-25T17:55:32.596192+00:00,,"scheduled run; SHADOW — observational, not a recommendation; degraded inputs: AVAILABILITY_COMPLETE,GOALKEEPER_CONFIRMED,LINEUP_CONFIRMED,PLAYER_DATA_FRESH"
2026-07-25-2049,mls,Portland Timbers v Real Salt Lake,2026-07-26T02:30Z,KXMLSSCORE-26JUL25PORRSL-POR0RSL2,Real Salt Lake wins 2-0,score_0_2,0.0436,0.05,,20.0,0.003325,kalshi_0.07p(1-p),0.053325,-0.009725,0.0,0.0,scheduled,2026-07-25T17:55:32.210829+00:00,,"scheduled run; SHADOW — observational, not a recommendation; degraded inputs: AVAILABILITY_COMPLETE,GOALKEEPER_CONFIRMED,LINEUP_CONFIRMED,PLAYER_DATA_FRESH"
2026-07-25-2049,mls,New England Revolution v Atlanta United FC,2026-07-25T23:30Z,KXMLSSCORE-26JUL25NEATL-NE3ATL1,New England Revolution wins 3-1,score_3_1,0.054,0.06,,16.6667,0.003948,kalshi_0.07p(1-p),0.063948,-0.009948,0.0,0.0,scheduled,2026-07-25T17:55:31.627771+00:00,,"scheduled run; SHADOW — observational, not a recommendation; degraded inputs: AVAILABILITY_COMPLETE,GOALKEEPER_CONFIRMED,LINEUP_CONFIRMED,PLAYER_DATA_FRESH"
2026-07-25-2049,mls,San Jose Earthquakes v LA Galaxy,2026-07-26T02:30Z,KXMLSSCORE-26JUL25SJLAG-SJ3LAG1,San Jose Earthquakes wins 3-1,score_3_1,0.0646,0.07,,14.2857,0.004557,kalshi_0.07p(1-p),0.074557,-0.009957,0.0,0.0,scheduled,2026-07-25T17:55:32.596192+00:00,,"scheduled run; SHADOW — observational, not a recommendation; degraded inputs: AVAILABILITY_COMPLETE,GOALKEEPER_CONFIRMED,LINEUP_CONFIRMED,PLAYER_DATA_FRESH"
2026-07-25-2049,mls,Minnesota United FC v Vancouver Whitecaps,2026-07-26T00:30Z,KXMLSTOTAL-26JUL25MINVAN-2,Over 1.5 goals scored,over_1_5,0.8299,0.83,,1.2048,0.009877,kalshi_0.07p(1-p),0.839877,-0.009977,0.0,0.0,scheduled,2026-07-25T17:55:30.465566+00:00,,"scheduled run; SHADOW — observational, not a recommendation; degraded inputs: AVAILABILITY_COMPLETE,GOALKEEPER_CONFIRMED,LINEUP_CONFIRMED,PLAYER_DATA_FRESH"
2026-07-25-2049,mls,Orlando City SC v Nashville SC,2026-07-25T23:30Z,KXMLSGAME-26JUL25ORLNSH-TIE,Tie,draw,0.253,0.25,0.246231,4.0,0.013125,kalshi_0.07p(1-p),0.263125,-0.010125,0.0,0.0,scheduled,2026-07-25T17:55:31.849380+00:00,,"scheduled run; SHADOW — observational, not a recommendation; bid/ask midpoints, overround 0.9950; degraded inputs: AVAILABILITY_COMPLETE,GOALKEEPER_CONFIRMED,LINEUP_CONFIRMED,PLAYER_DATA_FRESH"
2026-07-25-2049,mls,Red Bull New York v Charlotte FC,2026-07-25T22:30Z,KXMLSSCORE-26JUL25NYRBCLT-NYRB0CLT2,Charlotte FC wins 2-0,score_0_2,0.0432,0.05,,20.0,0.003325,kalshi_0.07p(1-p),0.053325,-0.010125,0.0,0.0,scheduled,2026-07-25T17:55:32.099701+00:00,,"scheduled run; SHADOW — observational, not a recommendation; degraded inputs: AVAILABILITY_COMPLETE,GOALKEEPER_CONFIRMED,LINEUP_CONFIRMED,PLAYER_DATA_FRESH"
2026-07-25-2049,mls,D.C. United v Toronto FC,2026-07-25T23:30Z,KXMLSSCORE-26JUL25DCUTOR-DCU3TOR2,DC United wins 3-2,score_3_2,0.0325,0.04,,25.0,0.002688,kalshi_0.07p(1-p),0.042688,-0.010188,0.0,0.0,scheduled,2026-07-25T17:55:30.334620+00:00,,"scheduled run; SHADOW — observational, not a recommendation; degraded inputs: AVAILABILITY_COMPLETE,GOALKEEPER_CONFIRMED,LINEUP_CONFIRMED,PLAYER_DATA_FRESH"
2026-07-25-2049,mls,D.C. United v Toronto FC,2026-07-25T23:30Z,KXMLSSCORE-26JUL25DCUTOR-DCU3TOR0,DC United wins 3-0,score_3_0,0.0431,0.05,,20.0,0.003325,kalshi_0.07p(1-p),0.053325,-0.010225,0.0,0.0,scheduled,2026-07-25T17:55:30.334620+00:00,,"scheduled run; SHADOW — observational, not a recommendation; degraded inputs: AVAILABILITY_COMPLETE,GOALKEEPER_CONFIRMED,LINEUP_CONFIRMED,PLAYER_DATA_FRESH"
2026-07-25-2049,mls,Portland Timbers v Real Salt Lake,2026-07-26T02:30Z,KXMLSSCORE-26JUL25PORRSL-POR2RSL1,Portland Timbers wins 2-1,score_2_1,0.0855,0.09,,11.1111,0.005733,kalshi_0.07p(1-p),0.095733,-0.010233,0.0,0.0,scheduled,2026-07-25T17:55:32.210829+00:00,,"scheduled run; SHADOW — observational, not a recommendation; degraded inputs: AVAILABILITY_COMPLETE,GOALKEEPER_CONFIRMED,LINEUP_CONFIRMED,PLAYER_DATA_FRESH"
2026-07-25-2049,mls,St. Louis CITY SC v Colorado Rapids,2026-07-26T00:30Z,KXMLSSCORE-26JUL25STLCOL-STL0COL1,Colorado Rapids wins 1-0,score_0_1,0.0643,0.07,,14.2857,0.004557,kalshi_0.07p(1-p),0.074557,-0.010257,0.0,0.0,scheduled,2026-07-25T17:55:31.138240+00:00,,"scheduled run; SHADOW — observational, not a recommendation; degraded inputs: AVAILABILITY_COMPLETE,GOALKEEPER_CONFIRMED,LINEUP_CONFIRMED,PLAYER_DATA_FRESH"
2026-07-25-2049,mls,Houston Dynamo FC v Austin FC,2026-07-26T00:30Z,KXMLSSCORE-26JUL25HOUATX-HOU0ATX2,Austin FC wins 2-0,score_0_2,0.0323,0.04,,25.0,0.002688,kalshi_0.07p(1-p),0.042688,-0.010388,0.0,0.0,scheduled,2026-07-25T17:55:31.429688+00:00,,"scheduled run; SHADOW — observational, not a recommendation; degraded inputs: AVAILABILITY_COMPLETE,GOALKEEPER_CONFIRMED,LINEUP_CONFIRMED,PLAYER_DATA_FRESH"
2026-07-25-2049,mls,Houston Dynamo FC v Austin FC,2026-07-26T00:30Z,KXMLSSCORE-26JUL25HOUATX-HOU3ATX2,Houston Dynamo wins 3-2,score_3_2,0.0323,0.04,,25.0,0.002688,kalshi_0.07p(1-p),0.042688,-0.010388,0.0,0.0,scheduled,2026-07-25T17:55:31.429688+00:00,,"scheduled run; SHADOW — observational, not a recommendation; degraded inputs: AVAILABILITY_COMPLETE,GOALKEEPER_CONFIRMED,LINEUP_CONFIRMED,PLAYER_DATA_FRESH"
2026-07-25-2049,mls,Red Bull New York v Charlotte FC,2026-07-25T22:30Z,KXMLSSCORE-26JUL25NYRBCLT-NYRB1CLT0,New York Red Bulls wins 1-0,score_1_0,0.0534,0.06,,16.6667,0.003948,kalshi_0.07p(1-p),0.063948,-0.010548,0.0,0.0,scheduled,2026-07-25T17:55:32.099701+00:00,,"scheduled run; SHADOW — observational, not a recommendation; degraded inputs: AVAILABILITY_COMPLETE,GOALKEEPER_CONFIRMED,LINEUP_CONFIRMED,PLAYER_DATA_FRESH"
2026-07-25-2049,mls,St. Louis CITY SC v Colorado Rapids,2026-07-26T00:30Z,KXMLSSCORE-26JUL25STLCOL-STL2COL1,Saint Louis City SC wins 2-1,score_2_1,0.0957,0.1,,10.0,0.0063,kalshi_0.07p(1-p),0.1063,-0.0106,0.0,0.0,scheduled,2026-07-25T17:55:31.138240+00:00,,"scheduled run; SHADOW — observational, not a recommendation; degraded inputs: AVAILABILITY_COMPLETE,GOALKEEPER_CONFIRMED,LINEUP_CONFIRMED,PLAYER_DATA_FRESH"
2026-07-25-2049,mls,Minnesota United FC v Vancouver Whitecaps,2026-07-26T00:30Z,KXMLSSCORE-26JUL25MINVAN-MIN0VAN2,Vancouver Whitecaps FC wins 2-0,score_0_2,0.0639,0.07,,14.2857,0.004557,kalshi_0.07p(1-p),0.074557,-0.010657,0.0,0.0,scheduled,2026-07-25T17:55:30.465566+00:00,,"scheduled run; SHADOW — observational, not a recommendation; degraded inputs: AVAILABILITY_COMPLETE,GOALKEEPER_CONFIRMED,LINEUP_CONFIRMED,PLAYER_DATA_FRESH"
2026-07-25-2049,mls,Portland Timbers v Real Salt Lake,2026-07-26T02:30Z,KXMLSFTTS-26JUL25PORRSL-POR,Portland Timbers,home_first_goal,0.5167,0.51,,1.9608,0.017493,kalshi_0.07p(1-p),0.527493,-0.010793,0.0,0.0,scheduled,2026-07-25T17:55:32.210829+00:00,,"scheduled run; SHADOW — observational, not a recommendation; wide spread 6c; degraded inputs: AVAILABILITY_COMPLETE,GOALKEEPER_CONFIRMED,LINEUP_CONFIRMED,PLAYER_DATA_FRESH"
2026-07-25-2049,mls,Columbus Crew v FC Cincinnati,2026-07-25T23:15Z,KXMLSTEAMTOTAL-26JUL25CLBCIN-CLB1,Columbus over 0.5 goals,home_team_over_0_5,0.8669,0.87,,1.1494,0.007917,kalshi_0.07p(1-p),0.877917,-0.011017,0.0,0.0,scheduled,2026-07-25T17:55:30.226896+00:00,,"scheduled run; SHADOW — observational, not a recommendation; degraded inputs: AVAILABILITY_COMPLETE,GOALKEEPER_CONFIRMED,LINEUP_CONFIRMED,PLAYER_DATA_FRESH"
2026-07-25-2049,mls,Houston Dynamo FC v Austin FC,2026-07-26T00:30Z,KXMLSTOTAL-26JUL25HOUATX-1,Over 0.5 goals scored,over_0_5,0.9423,0.95,,1.0526,0.003325,kalshi_0.07p(1-p),0.953325,-0.011025,0.0,0.0,scheduled,2026-07-25T17:55:31.429688+00:00,,"scheduled run; SHADOW — observational, not a recommendation; degraded inputs: AVAILABILITY_COMPLETE,GOALKEEPER_CONFIRMED,LINEUP_CONFIRMED,PLAYER_DATA_FRESH"
2026-07-25-2049,mls,Red Bull New York v Charlotte FC,2026-07-25T22:30Z,KXMLSFTTS-26JUL25NYRBCLT-NONE,No Goal,no_goal,0.0315,0.04,,25.0,0.002688,kalshi_0.07p(1-p),0.042688,-0.011188,0.0,0.0,scheduled,2026-07-25T17:55:32.099701+00:00,,"scheduled run; SHADOW — observational, not a recommendation; degraded inputs: AVAILABILITY_COMPLETE,GOALKEEPER_CONFIRMED,LINEUP_CONFIRMED,PLAYER_DATA_FRESH"
2026-07-25-2049,mls,D.C. United v Toronto FC,2026-07-25T23:30Z,KXMLSTOTAL-26JUL25DCUTOR-1,Over 0.5 goals scored,over_0_5,0.9327,0.94,,1.0638,0.003948,kalshi_0.07p(1-p),0.943948,-0.011248,0.0,0.0,scheduled,2026-07-25T17:55:30.334620+00:00,,"scheduled run; SHADOW — observational, not a recommendation; degraded inputs: AVAILABILITY_COMPLETE,GOALKEEPER_CONFIRMED,LINEUP_CONFIRMED,PLAYER_DATA_FRESH"
2026-07-25-2049,mls,Orlando City SC v Nashville SC,2026-07-25T23:30Z,KXMLSSCORE-26JUL25ORLNSH-ORL3NSH1,Orlando City SC wins 3-1,score_3_1,0.042,0.05,,20.0,0.003325,kalshi_0.07p(1-p),0.053325,-0.011325,0.0,0.0,scheduled,2026-07-25T17:55:31.849380+00:00,,"scheduled run; SHADOW — observational, not a recommendation; degraded inputs: AVAILABILITY_COMPLETE,GOALKEEPER_CONFIRMED,LINEUP_CONFIRMED,PLAYER_DATA_FRESH"
2026-07-25-2049,mls,San Diego FC v FC Dallas,2026-07-26T01:30Z,KXMLSSCORE-26JUL25SDDAL-SD0DAL2,FC Dallas wins 2-0,score_0_2,0.0419,0.05,,20.0,0.003325,kalshi_0.07p(1-p),0.053325,-0.011425,0.0,0.0,scheduled,2026-07-25T17:55:30.585487+00:00,,"scheduled run; SHADOW — observational, not a recommendation; degraded inputs: AVAILABILITY_COMPLETE,GOALKEEPER_CONFIRMED,LINEUP_CONFIRMED,PLAYER_DATA_FRESH"
2026-07-25-2049,mls,CF Montréal v Inter Miami CF,2026-07-25T23:30Z,KXMLSSCORE-26JUL25MTLMIA-MTL2MIA1,CF Montreal wins 2-1,score_2_1,0.0736,0.08,,12.5,0.005152,kalshi_0.07p(1-p),0.085152,-0.011552,0.0,0.0,scheduled,2026-07-25T17:55:30.828400+00:00,,"scheduled run; SHADOW — observational, not a recommendation; degraded inputs: AVAILABILITY_COMPLETE,GOALKEEPER_CONFIRMED,LINEUP_CONFIRMED,PLAYER_DATA_FRESH"
2026-07-25-2049,mls,San Jose Earthquakes v LA Galaxy,2026-07-26T02:30Z,KXMLSSCORE-26JUL25SJLAG-SJ0LAG2,Los Angeles Galaxy wins 2-0,score_0_2,0.0311,0.04,,25.0,0.002688,kalshi_0.07p(1-p),0.042688,-0.011588,0.0,0.0,scheduled,2026-07-25T17:55:32.596192+00:00,,"scheduled run; SHADOW — observational, not a recommendation; degraded inputs: AVAILABILITY_COMPLETE,GOALKEEPER_CONFIRMED,LINEUP_CONFIRMED,PLAYER_DATA_FRESH"
2026-07-25-2049,mls,San Diego FC v FC Dallas,2026-07-26T01:30Z,KXMLSTOTAL-26JUL25SDDAL-2,Over 1.5 goals scored,over_1_5,0.8758,0.88,,1.1364,0.007392,kalshi_0.07p(1-p),0.887392,-0.011592,0.0,0.0,scheduled,2026-07-25T17:55:30.585487+00:00,,"scheduled run; SHADOW — observational, not a recommendation; degraded inputs: AVAILABILITY_COMPLETE,GOALKEEPER_CONFIRMED,LINEUP_CONFIRMED,PLAYER_DATA_FRESH"
2026-07-25-2049,mls,Houston Dynamo FC v Austin FC,2026-07-26T00:30Z,KXMLSTEAMTOTAL-26JUL25HOUATX-ATX3,Austin over 2.5 goals,away_team_over_2_5,0.0947,0.1,,10.0,0.0063,kalshi_0.07p(1-p),0.1063,-0.0116,0.0,0.0,scheduled,2026-07-25T17:55:31.429688+00:00,,"scheduled run; SHADOW — observational, not a recommendation; degraded inputs: AVAILABILITY_COMPLETE,GOALKEEPER_CONFIRMED,LINEUP_CONFIRMED,PLAYER_DATA_FRESH"
2026-07-25-2049,mls,Philadelphia Union v Seattle Sounders FC,2026-07-25T23:30Z,KXMLSSCORE-26JUL25PHISEA-PHI3SEA0,Philadelphia Union wins 3-0,score_3_0,0.0417,0.05,,20.0,0.003325,kalshi_0.07p(1-p),0.053325,-0.011625,0.0,0.0,scheduled,2026-07-25T17:55:32.485996+00:00,,"scheduled run; SHADOW — observational, not a recommendation; degraded inputs: AVAILABILITY_COMPLETE,GOALKEEPER_CONFIRMED,LINEUP_CONFIRMED,PLAYER_DATA_FRESH"
2026-07-25-2049,mls,D.C. United v Toronto FC,2026-07-25T23:30Z,KXMLSFTTS-26JUL25DCUTOR-NONE,No Goal,no_goal,0.0629,0.07,,14.2857,0.004557,kalshi_0.07p(1-p),0.074557,-0.011657,0.0,0.0,scheduled,2026-07-25T17:55:30.334620+00:00,,"scheduled run; SHADOW — observational, not a recommendation; degraded inputs: AVAILABILITY_COMPLETE,GOALKEEPER_CONFIRMED,LINEUP_CONFIRMED,PLAYER_DATA_FRESH"
2026-07-25-2049,mls,San Jose Earthquakes v LA Galaxy,2026-07-26T02:30Z,KXMLSSCORE-26JUL25SJLAG-SJ2LAG1,San Jose Earthquakes wins 2-1,score_2_1,0.0944,0.1,,10.0,0.0063,kalshi_0.07p(1-p),0.1063,-0.0119,0.0,0.0,scheduled,2026-07-25T17:55:32.596192+00:00,,"scheduled run; SHADOW — observational, not a recommendation; degraded inputs: AVAILABILITY_COMPLETE,GOALKEEPER_CONFIRMED,LINEUP_CONFIRMED,PLAYER_DATA_FRESH"
2026-07-25-2049,mls,CF Montréal v Inter Miami CF,2026-07-25T23:30Z,KXMLSSCORE-26JUL25MTLMIA-MTL1MIA2,Inter Miami CF wins 2-1,score_1_2,0.0838,0.09,,11.1111,0.005733,kalshi_0.07p(1-p),0.095733,-0.011933,0.0,0.0,scheduled,2026-07-25T17:55:30.828400+00:00,,"scheduled run; SHADOW — observational, not a recommendation; degraded inputs: AVAILABILITY_COMPLETE,GOALKEEPER_CONFIRMED,LINEUP_CONFIRMED,PLAYER_DATA_FRESH"
2026-07-25-2049,mls,Red Bull New York v Charlotte FC,2026-07-25T22:30Z,KXMLSSCORE-26JUL25NYRBCLT-NYRB3CLT1,New York Red Bulls wins 3-1,score_3_1,0.0518,0.06,,16.6667,0.003948,kalshi_0.07p(1-p),0.063948,-0.012148,0.0,0.0,scheduled,2026-07-25T17:55:32.099701+00:00,,"scheduled run; SHADOW — observational, not a recommendation; degraded inputs: AVAILABILITY_COMPLETE,GOALKEEPER_CONFIRMED,LINEUP_CONFIRMED,PLAYER_DATA_FRESH"
2026-07-25-2049,mls,Portland Timbers v Real Salt Lake,2026-07-26T02:30Z,KXMLSSCORE-26JUL25PORRSL-POR2RSL0,Portland Timbers wins 2-0,score_2_0,0.0517,0.06,,16.6667,0.003948,kalshi_0.07p(1-p),0.063948,-0.012248,0.0,0.0,scheduled,2026-07-25T17:55:32.210829+00:00,,"scheduled run; SHADOW — observational, not a recommendation; degraded inputs: AVAILABILITY_COMPLETE,GOALKEEPER_CONFIRMED,LINEUP_CONFIRMED,PLAYER_DATA_FRESH"
2026-07-25-2049,mls,Philadelphia Union v Seattle Sounders FC,2026-07-25T23:30Z,KXMLSSPREAD-26JUL25PHISEA-PHI2,Philadelphia wins by more than 1.5 goals,home_margin_2,0.2715,0.27,,3.7037,0.013797,kalshi_0.07p(1-p),0.283797,-0.012297,0.0,0.0,scheduled,2026-07-25T17:55:32.485996+00:00,,"scheduled run; SHADOW — observational, not a recommendation; degraded inputs: AVAILABILITY_COMPLETE,GOALKEEPER_CONFIRMED,LINEUP_CONFIRMED,PLAYER_DATA_FRESH"
2026-07-25-2049,mls,San Diego FC v FC Dallas,2026-07-26T01:30Z,KXMLSGAME-26JUL25SDDAL-TIE,Tie,draw,0.2508,0.25,0.246231,4.0,0.013125,kalshi_0.07p(1-p),0.263125,-0.012325,0.0,0.0,scheduled,2026-07-25T17:55:30.585487+00:00,,"scheduled run; SHADOW — observational, not a recommendation; bid/ask midpoints, overround 0.9950; degraded inputs: AVAILABILITY_COMPLETE,GOALKEEPER_CONFIRMED,LINEUP_CONFIRMED,PLAYER_DATA_FRESH"
2026-07-25-2049,mls,Portland Timbers v Real Salt Lake,2026-07-26T02:30Z,KXMLSTOTAL-26JUL25PORRSL-6,Over 5.5 goals scored,over_5_5,0.1361,0.14,,7.1429,0.008428,kalshi_0.07p(1-p),0.148428,-0.012328,0.0,0.0,scheduled,2026-07-25T17:55:32.210829+00:00,,"scheduled run; SHADOW — observational, not a recommendation; degraded inputs: AVAILABILITY_COMPLETE,GOALKEEPER_CONFIRMED,LINEUP_CONFIRMED,PLAYER_DATA_FRESH"
2026-07-25-2049,mls,San Jose Earthquakes v LA Galaxy,2026-07-26T02:30Z,KXMLSSPREAD-26JUL25SJLAG-SJ3,San Jose wins by more than 2.5 goals,home_margin_3,0.1465,0.15,,6.6667,0.008925,kalshi_0.07p(1-p),0.158925,-0.012425,0.0,0.0,scheduled,2026-07-25T17:55:32.596192+00:00,,"scheduled run; SHADOW — observational, not a recommendation; degraded inputs: AVAILABILITY_COMPLETE,GOALKEEPER_CONFIRMED,LINEUP_CONFIRMED,PLAYER_DATA_FRESH"
2026-07-25-2049,mls,Red Bull New York v Charlotte FC,2026-07-25T22:30Z,KXMLSSPREAD-26JUL25NYRBCLT-NYRB3,New York RB wins by more than 2.5 goals,home_margin_3,0.1043,0.11,,9.0909,0.006853,kalshi_0.07p(1-p),0.116853,-0.012553,0.0,0.0,scheduled,2026-07-25T17:55:32.099701+00:00,,"scheduled run; SHADOW — observational, not a recommendation; degraded inputs: AVAILABILITY_COMPLETE,GOALKEEPER_CONFIRMED,LINEUP_CONFIRMED,PLAYER_DATA_FRESH"
2026-07-25-2049,mls,D.C. United v Toronto FC,2026-07-25T23:30Z,KXMLSSCORE-26JUL25DCUTOR-DCU1TOR2,Toronto FC wins 2-1,score_1_2,0.0725,0.08,,12.5,0.005152,kalshi_0.07p(1-p),0.085152,-0.012652,0.0,0.0,scheduled,2026-07-25T17:55:30.334620+00:00,,"scheduled run; SHADOW — observational, not a recommendation; degraded inputs: AVAILABILITY_COMPLETE,GOALKEEPER_CONFIRMED,LINEUP_CONFIRMED,PLAYER_DATA_FRESH"
2026-07-25-2049,mls,CF Montréal v Inter Miami CF,2026-07-25T23:30Z,KXMLSSCORE-26JUL25MTLMIA-MTL1MIA3,Inter Miami CF wins 3-1,score_1_3,0.0512,0.06,,16.6667,0.003948,kalshi_0.07p(1-p),0.063948,-0.012748,0.0,0.0,scheduled,2026-07-25T17:55:30.828400+00:00,,"scheduled run; SHADOW — observational, not a recommendation; degraded inputs: AVAILABILITY_COMPLETE,GOALKEEPER_CONFIRMED,LINEUP_CONFIRMED,PLAYER_DATA_FRESH"
2026-07-25-2049,mls,San Jose Earthquakes v LA Galaxy,2026-07-26T02:30Z,KXMLSSPREAD-26JUL25SJLAG-LAG3,Los Angeles G wins by more than 2.5 goals,away_margin_3,0.0404,0.05,,20.0,0.003325,kalshi_0.07p(1-p),0.053325,-0.012925,0.0,0.0,scheduled,2026-07-25T17:55:32.596192+00:00,,"scheduled run; SHADOW — observational, not a recommendation; degraded inputs: AVAILABILITY_COMPLETE,GOALKEEPER_CONFIRMED,LINEUP_CONFIRMED,PLAYER_DATA_FRESH"
2026-07-25-2049,mls,CF Montréal v Inter Miami CF,2026-07-25T23:30Z,KXMLSSCORE-26JUL25MTLMIA-MTL2MIA0,CF Montreal wins 2-0,score_2_0,0.0403,0.05,,20.0,0.003325,kalshi_0.07p(1-p),0.053325,-0.013025,0.0,0.0,scheduled,2026-07-25T17:55:30.828400+00:00,,"scheduled run; SHADOW — observational, not a recommendation; degraded inputs: AVAILABILITY_COMPLETE,GOALKEEPER_CONFIRMED,LINEUP_CONFIRMED,PLAYER_DATA_FRESH"
2026-07-25-2049,mls,New York City FC v Chicago Fire FC,2026-07-25T23:30Z,KXMLSSCORE-26JUL25NYCCHI-NYC2CHI0,New York City FC wins 2-0,score_2_0,0.0509,0.06,,16.6667,0.003948,kalshi_0.07p(1-p),0.063948,-0.013048,0.0,0.0,scheduled,2026-07-25T17:55:31.743943+00:00,,"scheduled run; SHADOW — observational, not a recommendation; degraded inputs: AVAILABILITY_COMPLETE,GOALKEEPER_CONFIRMED,LINEUP_CONFIRMED,PLAYER_DATA_FRESH"
2026-07-25-2049,mls,San Jose Earthquakes v LA Galaxy,2026-07-26T02:30Z,KXMLSSCORE-26JUL25SJLAG-SJ2LAG0,San Jose Earthquakes wins 2-0,score_2_0,0.0721,0.08,,12.5,0.005152,kalshi_0.07p(1-p),0.085152,-0.013052,0.0,0.0,scheduled,2026-07-25T17:55:32.596192+00:00,,"scheduled run; SHADOW — observational, not a recommendation; degraded inputs: AVAILABILITY_COMPLETE,GOALKEEPER_CONFIRMED,LINEUP_CONFIRMED,PLAYER_DATA_FRESH"
2026-07-25-2049,mls,Orlando City SC v Nashville SC,2026-07-25T23:30Z,KXMLSSCORE-26JUL25ORLNSH-ORL0NSH1,Nashville SC wins 1-0,score_0_1,0.0615,0.07,,14.2857,0.004557,kalshi_0.07p(1-p),0.074557,-0.013057,0.0,0.0,scheduled,2026-07-25T17:55:31.849380+00:00,,"scheduled run; SHADOW — observational, not a recommendation; degraded inputs: AVAILABILITY_COMPLETE,GOALKEEPER_CONFIRMED,LINEUP_CONFIRMED,PLAYER_DATA_FRESH"
2026-07-25-2049,mls,Portland Timbers v Real Salt Lake,2026-07-26T02:30Z,KXMLSSCORE-26JUL25PORRSL-POR0RSL1,Real Salt Lake wins 1-0,score_0_1,0.0508,0.06,,16.6667,0.003948,kalshi_0.07p(1-p),0.063948,-0.013148,0.0,0.0,scheduled,2026-07-25T17:55:32.210829+00:00,,"scheduled run; SHADOW — observational, not a recommendation; degraded inputs: AVAILABILITY_COMPLETE,GOALKEEPER_CONFIRMED,LINEUP_CONFIRMED,PLAYER_DATA_FRESH"
2026-07-25-2049,mls,Minnesota United FC v Vancouver Whitecaps,2026-07-26T00:30Z,KXMLSFTTS-26JUL25MINVAN-NONE,No Goal,no_goal,0.0401,0.05,,20.0,0.003325,kalshi_0.07p(1-p),0.053325,-0.013225,0.0,0.0,scheduled,2026-07-25T17:55:30.465566+00:00,,"scheduled run; SHADOW — observational, not a recommendation; degraded inputs: AVAILABILITY_COMPLETE,GOALKEEPER_CONFIRMED,LINEUP_CONFIRMED,PLAYER_DATA_FRESH"
2026-07-25-2049,mls,St. Louis CITY SC v Colorado Rapids,2026-07-26T00:30Z,KXMLSSCORE-26JUL25STLCOL-STL1COL0,Saint Louis City SC wins 1-0,score_1_0,0.093,0.1,,10.0,0.0063,kalshi_0.07p(1-p),0.1063,-0.0133,0.0,0.0,scheduled,2026-07-25T17:55:31.138240+00:00,,"scheduled run; SHADOW — observational, not a recommendation; degraded inputs: AVAILABILITY_COMPLETE,GOALKEEPER_CONFIRMED,LINEUP_CONFIRMED,PLAYER_DATA_FRESH"
2026-07-25-2049,mls,Red Bull New York v Charlotte FC,2026-07-25T22:30Z,KXMLSGAME-26JUL25NYRBCLT-TIE,Tie,draw,0.2498,0.25,0.243781,4.0,0.013125,kalshi_0.07p(1-p),0.263125,-0.013325,0.0,0.0,scheduled,2026-07-25T17:55:32.099701+00:00,,"scheduled run; SHADOW — observational, not a recommendation; bid/ask midpoints, overround 1.0050; degraded inputs: AVAILABILITY_COMPLETE,GOALKEEPER_CONFIRMED,LINEUP_CONFIRMED,PLAYER_DATA_FRESH"
2026-07-25-2049,mls,Orlando City SC v Nashville SC,2026-07-25T23:30Z,KXMLSSCORE-26JUL25ORLNSH-ORL0NSH2,Nashville SC wins 2-0,score_0_2,0.0612,0.07,,14.2857,0.004557,kalshi_0.07p(1-p),0.074557,-0.013357,0.0,0.0,scheduled,2026-07-25T17:55:31.849380+00:00,,"scheduled run; SHADOW — observational, not a recommendation; degraded inputs: AVAILABILITY_COMPLETE,GOALKEEPER_CONFIRMED,LINEUP_CONFIRMED,PLAYER_DATA_FRESH"
2026-07-25-2049,mls,Columbus Crew v FC Cincinnati,2026-07-25T23:15Z,KXMLSTEAMTOTAL-26JUL25CLBCIN-CIN1,Cincinnati over 0.5 goals,away_team_over_0_5,0.7881,0.79,,1.2658,0.011613,kalshi_0.07p(1-p),0.801613,-0.013513,0.0,0.0,scheduled,2026-07-25T17:55:30.226896+00:00,,"scheduled run; SHADOW — observational, not a recommendation; degraded inputs: AVAILABILITY_COMPLETE,GOALKEEPER_CONFIRMED,LINEUP_CONFIRMED,PLAYER_DATA_FRESH"
2026-07-25-2049,mls,Orlando City SC v Nashville SC,2026-07-25T23:30Z,KXMLSGAME-26JUL25ORLNSH-ORL,Orlando,home_win,0.3522,0.35,0.346734,2.8571,0.015925,kalshi_0.07p(1-p),0.365925,-0.013725,0.0,0.0,scheduled,2026-07-25T17:55:31.849380+00:00,,"scheduled run; SHADOW — observational, not a recommendation; bid/ask midpoints, overround 0.9950; degraded inputs: AVAILABILITY_COMPLETE,GOALKEEPER_CONFIRMED,LINEUP_CONFIRMED,PLAYER_DATA_FRESH"
2026-07-25-2049,mls,San Jose Earthquakes v LA Galaxy,2026-07-26T02:30Z,KXMLSFTTS-26JUL25SJLAG-LAG,Los Angeles Galaxy,away_first_goal,0.3928,0.39,,2.5641,0.016653,kalshi_0.07p(1-p),0.406653,-0.013853,0.0,0.0,scheduled,2026-07-25T17:55:32.596192+00:00,,"scheduled run; SHADOW — observational, not a recommendation; degraded inputs: AVAILABILITY_COMPLETE,GOALKEEPER_CONFIRMED,LINEUP_CONFIRMED,PLAYER_DATA_FRESH"
2026-07-25-2049,mls,New England Revolution v Atlanta United FC,2026-07-25T23:30Z,KXMLSSCORE-26JUL25NEATL-NE0ATL1,Atlanta United FC wins 1-0,score_0_1,0.0607,0.07,,14.2857,0.004557,kalshi_0.07p(1-p),0.074557,-0.013857,0.0,0.0,scheduled,2026-07-25T17:55:31.627771+00:00,,"scheduled run; SHADOW — observational, not a recommendation; degraded inputs: AVAILABILITY_COMPLETE,GOALKEEPER_CONFIRMED,LINEUP_CONFIRMED,PLAYER_DATA_FRESH"
2026-07-25-2049,mls,Houston Dynamo FC v Austin FC,2026-07-26T00:30Z,KXMLSSCORE-26JUL25HOUATX-HOU0ATX1,Austin FC wins 1-0,score_0_1,0.0607,0.07,,14.2857,0.004557,kalshi_0.07p(1-p),0.074557,-0.013857,0.0,0.0,scheduled,2026-07-25T17:55:31.429688+00:00,,"scheduled run; SHADOW — observational, not a recommendation; degraded inputs: AVAILABILITY_COMPLETE,GOALKEEPER_CONFIRMED,LINEUP_CONFIRMED,PLAYER_DATA_FRESH"
2026-07-25-2049,mls,D.C. United v Toronto FC,2026-07-25T23:30Z,KXMLSGAME-26JUL25DCUTOR-TIE,Tie,draw,0.2699,0.27,0.263682,3.7037,0.013797,kalshi_0.07p(1-p),0.283797,-0.013897,0.0,0.0,scheduled,2026-07-25T17:55:30.334620+00:00,,"scheduled run; SHADOW — observational, not a recommendation; bid/ask midpoints, overround 1.0050; degraded inputs: AVAILABILITY_COMPLETE,GOALKEEPER_CONFIRMED,LINEUP_CONFIRMED,PLAYER_DATA_FRESH"
2026-07-25-2049,mls,Philadelphia Union v Seattle Sounders FC,2026-07-25T23:30Z,KXMLSTEAMTOTAL-26JUL25PHISEA-PHI3,Philadelphia over 2.5 goals,home_team_over_2_5,0.2905,0.29,,3.4483,0.014413,kalshi_0.07p(1-p),0.304413,-0.013913,0.0,0.0,scheduled,2026-07-25T17:55:32.485996+00:00,,"scheduled run; SHADOW — observational, not a recommendation; degraded inputs: AVAILABILITY_COMPLETE,GOALKEEPER_CONFIRMED,LINEUP_CONFIRMED,PLAYER_DATA_FRESH"
2026-07-25-2049,mls,Portland Timbers v Real Salt Lake,2026-07-26T02:30Z,KXMLSGAME-26JUL25PORRSL-TIE,Tie,draw,0.2492,0.25,0.246231,4.0,0.013125,kalshi_0.07p(1-p),0.263125,-0.013925,0.0,0.0,scheduled,2026-07-25T17:55:32.210829+00:00,,"scheduled run; SHADOW — observational, not a recommendation; bid/ask midpoints, overround 0.9950; degraded inputs: AVAILABILITY_COMPLETE,GOALKEEPER_CONFIRMED,LINEUP_CONFIRMED,PLAYER_DATA_FRESH"
2026-07-25-2049,mls,St. Louis CITY SC v Colorado Rapids,2026-07-26T00:30Z,KXMLSTEAMTOTAL-26JUL25STLCOL-STL3,Saint Louis over 2.5 goals,home_team_over_2_5,0.2595,0.26,,3.8462,0.013468,kalshi_0.07p(1-p),0.273468,-0.013968,0.0,0.0,scheduled,2026-07-25T17:55:31.138240+00:00,,"scheduled run; SHADOW — observational, not a recommendation; degraded inputs: AVAILABILITY_COMPLETE,GOALKEEPER_CONFIRMED,LINEUP_CONFIRMED,PLAYER_DATA_FRESH"
2026-07-25-2049,mls,San Diego FC v FC Dallas,2026-07-26T01:30Z,KXMLSSCORE-26JUL25SDDAL-SD1DAL1,Draw 1-1,score_1_1,0.0921,0.1,,10.0,0.0063,kalshi_0.07p(1-p),0.1063,-0.0142,0.0,0.0,scheduled,2026-07-25T17:55:30.585487+00:00,,"scheduled run; SHADOW — observational, not a recommendation; degraded inputs: AVAILABILITY_COMPLETE,GOALKEEPER_CONFIRMED,LINEUP_CONFIRMED,PLAYER_DATA_FRESH"
2026-07-25-2049,mls,Red Bull New York v Charlotte FC,2026-07-25T22:30Z,KXMLSSCORE-26JUL25NYRBCLT-NYRB1CLT3,Charlotte FC wins 3-1,score_1_3,0.0391,0.05,,20.0,0.003325,kalshi_0.07p(1-p),0.053325,-0.014225,0.0,0.0,scheduled,2026-07-25T17:55:32.099701+00:00,,"scheduled run; SHADOW — observational, not a recommendation; degraded inputs: AVAILABILITY_COMPLETE,GOALKEEPER_CONFIRMED,LINEUP_CONFIRMED,PLAYER_DATA_FRESH"
2026-07-25-2049,mls,Philadelphia Union v Seattle Sounders FC,2026-07-25T23:30Z,KXMLSSCORE-26JUL25PHISEA-PHI3SEA2,Philadelphia Union wins 3-2,score_3_2,0.0391,0.05,,20.0,0.003325,kalshi_0.07p(1-p),0.053325,-0.014225,0.0,0.0,scheduled,2026-07-25T17:55:32.485996+00:00,,"scheduled run; SHADOW — observational, not a recommendation; degraded inputs: AVAILABILITY_COMPLETE,GOALKEEPER_CONFIRMED,LINEUP_CONFIRMED,PLAYER_DATA_FRESH"
2026-07-25-2049,mls,New England Revolution v Atlanta United FC,2026-07-25T23:30Z,KXMLSSCORE-26JUL25NEATL-NE0ATL2,Atlanta United FC wins 2-0,score_0_2,0.0389,0.05,,20.0,0.003325,kalshi_0.07p(1-p),0.053325,-0.014425,0.0,0.0,scheduled,2026-07-25T17:55:31.627771+00:00,,"scheduled run; SHADOW — observational, not a recommendation; degraded inputs: AVAILABILITY_COMPLETE,GOALKEEPER_CONFIRMED,LINEUP_CONFIRMED,PLAYER_DATA_FRESH"
2026-07-25-2049,mls,New England Revolution v Atlanta United FC,2026-07-25T23:30Z,KXMLSSCORE-26JUL25NEATL-NE3ATL0,New England Revolution wins 3-0,score_3_0,0.0389,0.05,,20.0,0.003325,kalshi_0.07p(1-p),0.053325,-0.014425,0.0,0.0,scheduled,2026-07-25T17:55:31.627771+00:00,,"scheduled run; SHADOW — observational, not a recommendation; degraded inputs: AVAILABILITY_COMPLETE,GOALKEEPER_CONFIRMED,LINEUP_CONFIRMED,PLAYER_DATA_FRESH"
2026-07-25-2049,mls,Red Bull New York v Charlotte FC,2026-07-25T22:30Z,KXMLSSCORE-26JUL25NYRBCLT-NYRB2CLT3,Charlotte FC wins 3-2,score_2_3,0.0389,0.05,,20.0,0.003325,kalshi_0.07p(1-p),0.053325,-0.014425,0.0,0.0,scheduled,2026-07-25T17:55:32.099701+00:00,,"scheduled run; SHADOW — observational, not a recommendation; degraded inputs: AVAILABILITY_COMPLETE,GOALKEEPER_CONFIRMED,LINEUP_CONFIRMED,PLAYER_DATA_FRESH"
2026-07-25-2049,mls,Columbus Crew v FC Cincinnati,2026-07-25T23:15Z,KXMLSSCORE-26JUL25CLBCIN-CLB3CIN1,Columbus Crew wins 3-1,score_3_1,0.0601,0.07,,14.2857,0.004557,kalshi_0.07p(1-p),0.074557,-0.014457,0.0,0.0,scheduled,2026-07-25T17:55:30.226896+00:00,,"scheduled run; SHADOW — observational, not a recommendation; degraded inputs: AVAILABILITY_COMPLETE,GOALKEEPER_CONFIRMED,LINEUP_CONFIRMED,PLAYER_DATA_FRESH"
2026-07-25-2049,mls,Minnesota United FC v Vancouver Whitecaps,2026-07-26T00:30Z,KXMLSSCORE-26JUL25MINVAN-MIN1VAN0,Minnesota United FC wins 1-0,score_1_0,0.0601,0.07,,14.2857,0.004557,kalshi_0.07p(1-p),0.074557,-0.014457,0.0,0.0,scheduled,2026-07-25T17:55:30.465566+00:00,,"scheduled run; SHADOW — observational, not a recommendation; degraded inputs: AVAILABILITY_COMPLETE,GOALKEEPER_CONFIRMED,LINEUP_CONFIRMED,PLAYER_DATA_FRESH"
2026-07-25-2049,mls,Portland Timbers v Real Salt Lake,2026-07-26T02:30Z,KXMLSSCORE-26JUL25PORRSL-POR1RSL3,Real Salt Lake wins 3-1,score_1_3,0.0387,0.05,,20.0,0.003325,kalshi_0.07p(1-p),0.053325,-0.014625,0.0,0.0,scheduled,2026-07-25T17:55:32.210829+00:00,,"scheduled run; SHADOW — observational, not a recommendation; degraded inputs: AVAILABILITY_COMPLETE,GOALKEEPER_CONFIRMED,LINEUP_CONFIRMED,PLAYER_DATA_FRESH"
2026-07-25-2049,mls,New York City FC v Chicago Fire FC,2026-07-25T23:30Z,KXMLSSCORE-26JUL25NYCCHI-NYC0CHI2,Chicago Fire wins 2-0,score_0_2,0.0493,0.06,,16.6667,0.003948,kalshi_0.07p(1-p),0.063948,-0.014648,0.0,0.0,scheduled,2026-07-25T17:55:31.743943+00:00,,"scheduled run; SHADOW — observational, not a recommendation; degraded inputs: AVAILABILITY_COMPLETE,GOALKEEPER_CONFIRMED,LINEUP_CONFIRMED,PLAYER_DATA_FRESH"
2026-07-25-2049,mls,Philadelphia Union v Seattle Sounders FC,2026-07-25T23:30Z,KXMLSSCORE-26JUL25PHISEA-PHI1SEA2,Seattle Sounders wins 2-1,score_1_2,0.0705,0.08,,12.5,0.005152,kalshi_0.07p(1-p),0.085152,-0.014652,0.0,0.0,scheduled,2026-07-25T17:55:32.485996+00:00,,"scheduled run; SHADOW — observational, not a recommendation; degraded inputs: AVAILABILITY_COMPLETE,GOALKEEPER_CONFIRMED,LINEUP_CONFIRMED,PLAYER_DATA_FRESH"
2026-07-25-2049,mls,Columbus Crew v FC Cincinnati,2026-07-25T23:15Z,KXMLSFTTS-26JUL25CLBCIN-NONE,No Goal,no_goal,0.028,0.04,,25.0,0.002688,kalshi_0.07p(1-p),0.042688,-0.014688,0.0,0.0,scheduled,2026-07-25T17:55:30.226896+00:00,,"scheduled run; SHADOW — observational, not a recommendation; degraded inputs: AVAILABILITY_COMPLETE,GOALKEEPER_CONFIRMED,LINEUP_CONFIRMED,PLAYER_DATA_FRESH"
2026-07-25-2049,mls,Philadelphia Union v Seattle Sounders FC,2026-07-25T23:30Z,KXMLSSCORE-26JUL25PHISEA-PHI3SEA1,Philadelphia Union wins 3-1,score_3_1,0.0598,0.07,,14.2857,0.004557,kalshi_0.07p(1-p),0.074557,-0.014757,0.0,0.0,scheduled,2026-07-25T17:55:32.485996+00:00,,"scheduled run; SHADOW — observational, not a recommendation; degraded inputs: AVAILABILITY_COMPLETE,GOALKEEPER_CONFIRMED,LINEUP_CONFIRMED,PLAYER_DATA_FRESH"
2026-07-25-2049,mls,Orlando City SC v Nashville SC,2026-07-25T23:30Z,KXMLSFTTS-26JUL25ORLNSH-NONE,No Goal,no_goal,0.0385,0.05,,20.0,0.003325,kalshi_0.07p(1-p),0.053325,-0.014825,0.0,0.0,scheduled,2026-07-25T17:55:31.849380+00:00,,"scheduled run; SHADOW — observational, not a recommendation; degraded inputs: AVAILABILITY_COMPLETE,GOALKEEPER_CONFIRMED,LINEUP_CONFIRMED,PLAYER_DATA_FRESH"
2026-07-25-2049,mls,New York City FC v Chicago Fire FC,2026-07-25T23:30Z,KXMLSSCORE-26JUL25NYCCHI-NYC2CHI2,Draw 2-2,score_2_2,0.0703,0.08,,12.5,0.005152,kalshi_0.07p(1-p),0.085152,-0.014852,0.0,0.0,scheduled,2026-07-25T17:55:31.743943+00:00,,"scheduled run; SHADOW — observational, not a recommendation; degraded inputs: AVAILABILITY_COMPLETE,GOALKEEPER_CONFIRMED,LINEUP_CONFIRMED,PLAYER_DATA_FRESH"
2026-07-25-2049,mls,Columbus Crew v FC Cincinnati,2026-07-25T23:15Z,KXMLSSCORE-26JUL25CLBCIN-CLB1CIN1,Draw 1-1,score_1_1,0.0912,0.1,,10.0,0.0063,kalshi_0.07p(1-p),0.1063,-0.0151,0.0,0.0,scheduled,2026-07-25T17:55:30.226896+00:00,,"scheduled run; SHADOW — observational, not a recommendation; degraded inputs: AVAILABILITY_COMPLETE,GOALKEEPER_CONFIRMED,LINEUP_CONFIRMED,PLAYER_DATA_FRESH"
2026-07-25-2049,mls,St. Louis CITY SC v Colorado Rapids,2026-07-26T00:30Z,KXMLSSCORE-26JUL25STLCOL-STL0COL2,Colorado Rapids wins 2-0,score_0_2,0.038,0.05,,20.0,0.003325,kalshi_0.07p(1-p),0.053325,-0.015325,0.0,0.0,scheduled,2026-07-25T17:55:31.138240+00:00,,"scheduled run; SHADOW — observational, not a recommendation; degraded inputs: AVAILABILITY_COMPLETE,GOALKEEPER_CONFIRMED,LINEUP_CONFIRMED,PLAYER_DATA_FRESH"
2026-07-25-2049,mls,D.C. United v Toronto FC,2026-07-25T23:30Z,KXMLSTEAMTOTAL-26JUL25DCUTOR-TOR3,Toronto over 2.5 goals,away_team_over_2_5,0.1222,0.13,,7.6923,0.007917,kalshi_0.07p(1-p),0.137917,-0.015717,0.0,0.0,scheduled,2026-07-25T17:55:30.334620+00:00,,"scheduled run; SHADOW — observational, not a recommendation; degraded inputs: AVAILABILITY_COMPLETE,GOALKEEPER_CONFIRMED,LINEUP_CONFIRMED,PLAYER_DATA_FRESH"
2026-07-25-2049,mls,CF Montréal v Inter Miami CF,2026-07-25T23:30Z,KXMLSSCORE-26JUL25MTLMIA-MTL2MIA2,Draw 2-2,score_2_2,0.0692,0.08,,12.5,0.005152,kalshi_0.07p(1-p),0.085152,-0.015952,0.0,0.0,scheduled,2026-07-25T17:55:30.828400+00:00,,"scheduled run; SHADOW — observational, not a recommendation; degraded inputs: AVAILABILITY_COMPLETE,GOALKEEPER_CONFIRMED,LINEUP_CONFIRMED,PLAYER_DATA_FRESH"
2026-07-25-2049,mls,New England Revolution v Atlanta United FC,2026-07-25T23:30Z,KXMLSSCORE-26JUL25NEATL-NE3ATL2,New England Revolution wins 3-2,score_3_2,0.0373,0.05,,20.0,0.003325,kalshi_0.07p(1-p),0.053325,-0.016025,0.0,0.0,scheduled,2026-07-25T17:55:31.627771+00:00,,"scheduled run; SHADOW — observational, not a recommendation; degraded inputs: AVAILABILITY_COMPLETE,GOALKEEPER_CONFIRMED,LINEUP_CONFIRMED,PLAYER_DATA_FRESH"
2026-07-25-2049,mls,Orlando City SC v Nashville SC,2026-07-25T23:30Z,KXMLSSCORE-26JUL25ORLNSH-ORL1NSH0,Orlando City SC wins 1-0,score_1_0,0.0584,0.07,,14.2857,0.004557,kalshi_0.07p(1-p),0.074557,-0.016157,0.0,0.0,scheduled,2026-07-25T17:55:31.849380+00:00,,"scheduled run; SHADOW — observational, not a recommendation; degraded inputs: AVAILABILITY_COMPLETE,GOALKEEPER_CONFIRMED,LINEUP_CONFIRMED,PLAYER_DATA_FRESH"
2026-07-25-2049,mls,Houston Dynamo FC v Austin FC,2026-07-26T00:30Z,KXMLSSPREAD-26JUL25HOUATX-HOU3,Houston wins by more than 2.5 goals,home_margin_3,0.1427,0.15,,6.6667,0.008925,kalshi_0.07p(1-p),0.158925,-0.016225,0.0,0.0,scheduled,2026-07-25T17:55:31.429688+00:00,,"scheduled run; SHADOW — observational, not a recommendation; degraded inputs: AVAILABILITY_COMPLETE,GOALKEEPER_CONFIRMED,LINEUP_CONFIRMED,PLAYER_DATA_FRESH"
2026-07-25-2049,mls,St. Louis CITY SC v Colorado Rapids,2026-07-26T00:30Z,KXMLSTOTAL-26JUL25STLCOL-1,Over 0.5 goals scored,over_0_5,0.9464,0.96,,1.0417,0.002688,kalshi_0.07p(1-p),0.962688,-0.016288,0.0,0.0,scheduled,2026-07-25T17:55:31.138240+00:00,,"scheduled run; SHADOW — observational, not a recommendation; degraded inputs: AVAILABILITY_COMPLETE,GOALKEEPER_CONFIRMED,LINEUP_CONFIRMED,PLAYER_DATA_FRESH"
2026-07-25-2049,mls,Orlando City SC v Nashville SC,2026-07-25T23:30Z,KXMLSSCORE-26JUL25ORLNSH-ORL2NSH3,Nashville SC wins 3-2,score_2_3,0.037,0.05,,20.0,0.003325,kalshi_0.07p(1-p),0.053325,-0.016325,0.0,0.0,scheduled,2026-07-25T17:55:31.849380+00:00,,"scheduled run; SHADOW — observational, not a recommendation; degraded inputs: AVAILABILITY_COMPLETE,GOALKEEPER_CONFIRMED,LINEUP_CONFIRMED,PLAYER_DATA_FRESH"
2026-07-25-2049,mls,Orlando City SC v Nashville SC,2026-07-25T23:30Z,KXMLSSCORE-26JUL25ORLNSH-ORL1NSH3,Nashville SC wins 3-1,score_1_3,0.0473,0.06,,16.6667,0.003948,kalshi_0.07p(1-p),0.063948,-0.016648,0.0,0.0,scheduled,2026-07-25T17:55:31.849380+00:00,,"scheduled run; SHADOW — observational, not a recommendation; degraded inputs: AVAILABILITY_COMPLETE,GOALKEEPER_CONFIRMED,LINEUP_CONFIRMED,PLAYER_DATA_FRESH"
2026-07-25-2049,mls,San Diego FC v FC Dallas,2026-07-26T01:30Z,KXMLSSCORE-26JUL25SDDAL-SD1DAL0,San Diego FC wins 1-0,score_1_0,0.0473,0.06,,16.6667,0.003948,kalshi_0.07p(1-p),0.063948,-0.016648,0.0,0.0,scheduled,2026-07-25T17:55:30.585487+00:00,,"scheduled run; SHADOW — observational, not a recommendation; degraded inputs: AVAILABILITY_COMPLETE,GOALKEEPER_CONFIRMED,LINEUP_CONFIRMED,PLAYER_DATA_FRESH"
2026-07-25-2049,mls,Columbus Crew v FC Cincinnati,2026-07-25T23:15Z,KXMLSSCORE-26JUL25CLBCIN-CLB3CIN0,Columbus Crew wins 3-0,score_3_0,0.0366,0.05,,20.0,0.003325,kalshi_0.07p(1-p),0.053325,-0.016725,0.0,0.0,scheduled,2026-07-25T17:55:30.226896+00:00,,"scheduled run; SHADOW — observational, not a recommendation; degraded inputs: AVAILABILITY_COMPLETE,GOALKEEPER_CONFIRMED,LINEUP_CONFIRMED,PLAYER_DATA_FRESH"
2026-07-25-2049,mls,Portland Timbers v Real Salt Lake,2026-07-26T02:30Z,KXMLSSCORE-26JUL25PORRSL-POR2RSL2,Draw 2-2,score_2_2,0.0684,0.08,,12.5,0.005152,kalshi_0.07p(1-p),0.085152,-0.016752,0.0,0.0,scheduled,2026-07-25T17:55:32.210829+00:00,,"scheduled run; SHADOW — observational, not a recommendation; degraded inputs: AVAILABILITY_COMPLETE,GOALKEEPER_CONFIRMED,LINEUP_CONFIRMED,PLAYER_DATA_FRESH"
2026-07-25-2049,mls,Houston Dynamo FC v Austin FC,2026-07-26T00:30Z,KXMLSSCORE-26JUL25HOUATX-HOU0ATX0,Draw 0-0,score_0_0,0.0577,0.07,,14.2857,0.004557,kalshi_0.07p(1-p),0.074557,-0.016857,0.0,0.0,scheduled,2026-07-25T17:55:31.429688+00:00,,"scheduled run; SHADOW — observational, not a recommendation; degraded inputs: AVAILABILITY_COMPLETE,GOALKEEPER_CONFIRMED,LINEUP_CONFIRMED,PLAYER_DATA_FRESH"
2026-07-25-2049,mls,Philadelphia Union v Seattle Sounders FC,2026-07-25T23:30Z,KXMLSFTTS-26JUL25PHISEA-NONE,No Goal,no_goal,0.0364,0.05,,20.0,0.003325,kalshi_0.07p(1-p),0.053325,-0.016925,0.0,0.0,scheduled,2026-07-25T17:55:32.485996+00:00,,"scheduled run; SHADOW — observational, not a recommendation; degraded inputs: AVAILABILITY_COMPLETE,GOALKEEPER_CONFIRMED,LINEUP_CONFIRMED,PLAYER_DATA_FRESH"
2026-07-25-2049,mls,Red Bull New York v Charlotte FC,2026-07-25T22:30Z,KXMLSFTTS-26JUL25NYRBCLT-CLT,Charlotte FC,away_first_goal,0.4604,0.46,,2.1739,0.017388,kalshi_0.07p(1-p),0.477388,-0.016988,0.0,0.0,scheduled,2026-07-25T17:55:32.099701+00:00,,"scheduled run; SHADOW — observational, not a recommendation; degraded inputs: AVAILABILITY_COMPLETE,GOALKEEPER_CONFIRMED,LINEUP_CONFIRMED,PLAYER_DATA_FRESH"
2026-07-25-2049,mls,Red Bull New York v Charlotte FC,2026-07-25T22:30Z,KXMLSSCORE-26JUL25NYRBCLT-NYRB2CLT2,Draw 2-2,score_2_2,0.0681,0.08,,12.5,0.005152,kalshi_0.07p(1-p),0.085152,-0.017052,0.0,0.0,scheduled,2026-07-25T17:55:32.099701+00:00,,"scheduled run; SHADOW — observational, not a recommendation; degraded inputs: AVAILABILITY_COMPLETE,GOALKEEPER_CONFIRMED,LINEUP_CONFIRMED,PLAYER_DATA_FRESH"
2026-07-25-2049,mls,Columbus Crew v FC Cincinnati,2026-07-25T23:15Z,KXMLSSCORE-26JUL25CLBCIN-CLB1CIN2,FC Cincinnati wins 2-1,score_1_2,0.0679,0.08,,12.5,0.005152,kalshi_0.07p(1-p),0.085152,-0.017252,0.0,0.0,scheduled,2026-07-25T17:55:30.226896+00:00,,"scheduled run; SHADOW — observational, not a recommendation; degraded inputs: AVAILABILITY_COMPLETE,GOALKEEPER_CONFIRMED,LINEUP_CONFIRMED,PLAYER_DATA_FRESH"
2026-07-25-2049,mls,Portland Timbers v Real Salt Lake,2026-07-26T02:30Z,KXMLSTOTAL-26JUL25PORRSL-2,Over 1.5 goals scored,over_1_5,0.8606,0.87,,1.1494,0.007917,kalshi_0.07p(1-p),0.877917,-0.017317,0.0,0.0,scheduled,2026-07-25T17:55:32.210829+00:00,,"scheduled run; SHADOW — observational, not a recommendation; degraded inputs: AVAILABILITY_COMPLETE,GOALKEEPER_CONFIRMED,LINEUP_CONFIRMED,PLAYER_DATA_FRESH"
2026-07-25-2049,mls,Red Bull New York v Charlotte FC,2026-07-25T22:30Z,KXMLSTOTAL-26JUL25NYRBCLT-2,Over 1.5 goals scored,over_1_5,0.8605,0.87,,1.1494,0.007917,kalshi_0.07p(1-p),0.877917,-0.017417,0.0,0.0,scheduled,2026-07-25T17:55:32.099701+00:00,,"scheduled run; SHADOW — observational, not a recommendation; degraded inputs: AVAILABILITY_COMPLETE,GOALKEEPER_CONFIRMED,LINEUP_CONFIRMED,PLAYER_DATA_FRESH"
2026-07-25-2049,mls,Orlando City SC v Nashville SC,2026-07-25T23:30Z,KXMLSSCORE-26JUL25ORLNSH-ORL2NSH1,Orlando City SC wins 2-1,score_2_1,0.0783,0.09,,11.1111,0.005733,kalshi_0.07p(1-p),0.095733,-0.017433,0.0,0.0,scheduled,2026-07-25T17:55:31.849380+00:00,,"scheduled run; SHADOW — observational, not a recommendation; degraded inputs: AVAILABILITY_COMPLETE,GOALKEEPER_CONFIRMED,LINEUP_CONFIRMED,PLAYER_DATA_FRESH"
2026-07-25-2049,mls,St. Louis CITY SC v Colorado Rapids,2026-07-26T00:30Z,KXMLSTOTAL-26JUL25STLCOL-6,Over 5.5 goals scored,over_5_5,0.0781,0.09,,11.1111,0.005733,kalshi_0.07p(1-p),0.095733,-0.017633,0.0,0.0,scheduled,2026-07-25T17:55:31.138240+00:00,,"scheduled run; SHADOW — observational, not a recommendation; degraded inputs: AVAILABILITY_COMPLETE,GOALKEEPER_CONFIRMED,LINEUP_CONFIRMED,PLAYER_DATA_FRESH"
2026-07-25-2049,mls,New York City FC v Chicago Fire FC,2026-07-25T23:30Z,KXMLSGAME-26JUL25NYCCHI-TIE,Tie,draw,0.2558,0.26,0.253731,3.8462,0.013468,kalshi_0.07p(1-p),0.273468,-0.017668,0.0,0.0,scheduled,2026-07-25T17:55:31.743943+00:00,,"scheduled run; SHADOW — observational, not a recommendation; bid/ask midpoints, overround 1.0050; degraded inputs: AVAILABILITY_COMPLETE,GOALKEEPER_CONFIRMED,LINEUP_CONFIRMED,PLAYER_DATA_FRESH"
2026-07-25-2049,mls,Minnesota United FC v Vancouver Whitecaps,2026-07-26T00:30Z,KXMLSSCORE-26JUL25MINVAN-MIN2VAN2,Draw 2-2,score_2_2,0.0674,0.08,,12.5,0.005152,kalshi_0.07p(1-p),0.085152,-0.017752,0.0,0.0,scheduled,2026-07-25T17:55:30.465566+00:00,,"scheduled run; SHADOW — observational, not a recommendation; degraded inputs: AVAILABILITY_COMPLETE,GOALKEEPER_CONFIRMED,LINEUP_CONFIRMED,PLAYER_DATA_FRESH"
2026-07-25-2049,mls,Orlando City SC v Nashville SC,2026-07-25T23:30Z,KXMLSSCORE-26JUL25ORLNSH-ORL0NSH0,Draw 0-0,score_0_0,0.0355,0.05,,20.0,0.003325,kalshi_0.07p(1-p),0.053325,-0.017825,0.0,0.0,scheduled,2026-07-25T17:55:31.849380+00:00,,"scheduled run; SHADOW — observational, not a recommendation; degraded inputs: AVAILABILITY_COMPLETE,GOALKEEPER_CONFIRMED,LINEUP_CONFIRMED,PLAYER_DATA_FRESH"
2026-07-25-2049,mls,D.C. United v Toronto FC,2026-07-25T23:30Z,KXMLSSCORE-26JUL25DCUTOR-DCU0TOR2,Toronto FC wins 2-0,score_0_2,0.0461,0.06,,16.6667,0.003948,kalshi_0.07p(1-p),0.063948,-0.017848,0.0,0.0,scheduled,2026-07-25T17:55:30.334620+00:00,,"scheduled run; SHADOW — observational, not a recommendation; degraded inputs: AVAILABILITY_COMPLETE,GOALKEEPER_CONFIRMED,LINEUP_CONFIRMED,PLAYER_DATA_FRESH"
2026-07-25-2049,mls,San Diego FC v FC Dallas,2026-07-26T01:30Z,KXMLSSCORE-26JUL25SDDAL-SD2DAL0,San Diego FC wins 2-0,score_2_0,0.0461,0.06,,16.6667,0.003948,kalshi_0.07p(1-p),0.063948,-0.017848,0.0,0.0,scheduled,2026-07-25T17:55:30.585487+00:00,,"scheduled run; SHADOW — observational, not a recommendation; degraded inputs: AVAILABILITY_COMPLETE,GOALKEEPER_CONFIRMED,LINEUP_CONFIRMED,PLAYER_DATA_FRESH"
2026-07-25-2049,mls,Red Bull New York v Charlotte FC,2026-07-25T22:30Z,KXMLSSCORE-26JUL25NYRBCLT-NYRB1CLT2,Charlotte FC wins 2-1,score_1_2,0.0778,0.09,,11.1111,0.005733,kalshi_0.07p(1-p),0.095733,-0.017933,0.0,0.0,scheduled,2026-07-25T17:55:32.099701+00:00,,"scheduled run; SHADOW — observational, not a recommendation; degraded inputs: AVAILABILITY_COMPLETE,GOALKEEPER_CONFIRMED,LINEUP_CONFIRMED,PLAYER_DATA_FRESH"
2026-07-25-2049,mls,St. Louis CITY SC v Colorado Rapids,2026-07-26T00:30Z,KXMLSSCORE-26JUL25STLCOL-STL3COL2,Saint Louis City SC wins 3-2,score_3_2,0.0352,0.05,,20.0,0.003325,kalshi_0.07p(1-p),0.053325,-0.018125,0.0,0.0,scheduled,2026-07-25T17:55:31.138240+00:00,,"scheduled run; SHADOW — observational, not a recommendation; degraded inputs: AVAILABILITY_COMPLETE,GOALKEEPER_CONFIRMED,LINEUP_CONFIRMED,PLAYER_DATA_FRESH"
2026-07-25-2049,mls,New York City FC v Chicago Fire FC,2026-07-25T23:30Z,KXMLSSCORE-26JUL25NYCCHI-NYC2CHI1,New York City FC wins 2-1,score_2_1,0.0776,0.09,,11.1111,0.005733,kalshi_0.07p(1-p),0.095733,-0.018133,0.0,0.0,scheduled,2026-07-25T17:55:31.743943+00:00,,"scheduled run; SHADOW — observational, not a recommendation; degraded inputs: AVAILABILITY_COMPLETE,GOALKEEPER_CONFIRMED,LINEUP_CONFIRMED,PLAYER_DATA_FRESH"
2026-07-25-2049,mls,Portland Timbers v Real Salt Lake,2026-07-26T02:30Z,KXMLSSPREAD-26JUL25PORRSL-RSL3,Salt Lake wins by more than 2.5 goals,away_margin_3,0.067,0.08,,12.5,0.005152,kalshi_0.07p(1-p),0.085152,-0.018152,0.0,0.0,scheduled,2026-07-25T17:55:32.210829+00:00,,"scheduled run; SHADOW — observational, not a recommendation; degraded inputs: AVAILABILITY_COMPLETE,GOALKEEPER_CONFIRMED,LINEUP_CONFIRMED,PLAYER_DATA_FRESH"
2026-07-25-2049,mls,San Diego FC v FC Dallas,2026-07-26T01:30Z,KXMLSSPREAD-26JUL25SDDAL-SD3,San Diego FC wins by more than 2.5 goals,home_margin_3,0.0881,0.1,,10.0,0.0063,kalshi_0.07p(1-p),0.1063,-0.0182,0.0,0.0,scheduled,2026-07-25T17:55:30.585487+00:00,,"scheduled run; SHADOW — observational, not a recommendation; degraded inputs: AVAILABILITY_COMPLETE,GOALKEEPER_CONFIRMED,LINEUP_CONFIRMED,PLAYER_DATA_FRESH"
2026-07-25-2049,mls,San Diego FC v FC Dallas,2026-07-26T01:30Z,KXMLSFTTS-26JUL25SDDAL-DAL,FC Dallas,away_first_goal,0.4891,0.49,,2.0408,0.017493,kalshi_0.07p(1-p),0.507493,-0.018393,0.0,0.0,scheduled,2026-07-25T17:55:30.585487+00:00,,"scheduled run; SHADOW — observational, not a recommendation; degraded inputs: AVAILABILITY_COMPLETE,GOALKEEPER_CONFIRMED,LINEUP_CONFIRMED,PLAYER_DATA_FRESH"
2026-07-25-2049,mls,New York City FC v Chicago Fire FC,2026-07-25T23:30Z,KXMLSFTTS-26JUL25NYCCHI-NONE,No Goal,no_goal,0.0349,0.05,,20.0,0.003325,kalshi_0.07p(1-p),0.053325,-0.018425,0.0,0.0,scheduled,2026-07-25T17:55:31.743943+00:00,,"scheduled run; SHADOW — observational, not a recommendation; degraded inputs: AVAILABILITY_COMPLETE,GOALKEEPER_CONFIRMED,LINEUP_CONFIRMED,PLAYER_DATA_FRESH"
2026-07-25-2049,mls,New England Revolution v Atlanta United FC,2026-07-25T23:30Z,KXMLSSCORE-26JUL25NEATL-NE2ATL2,Draw 2-2,score_2_2,0.0667,0.08,,12.5,0.005152,kalshi_0.07p(1-p),0.085152,-0.018452,0.0,0.0,scheduled,2026-07-25T17:55:31.627771+00:00,,"scheduled run; SHADOW — observational, not a recommendation; degraded inputs: AVAILABILITY_COMPLETE,GOALKEEPER_CONFIRMED,LINEUP_CONFIRMED,PLAYER_DATA_FRESH"
2026-07-25-2049,mls,Columbus Crew v FC Cincinnati,2026-07-25T23:15Z,KXMLSSCORE-26JUL25CLBCIN-CLB2CIN0,Columbus Crew wins 2-0,score_2_0,0.0558,0.07,,14.2857,0.004557,kalshi_0.07p(1-p),0.074557,-0.018757,0.0,0.0,scheduled,2026-07-25T17:55:30.226896+00:00,,"scheduled run; SHADOW — observational, not a recommendation; degraded inputs: AVAILABILITY_COMPLETE,GOALKEEPER_CONFIRMED,LINEUP_CONFIRMED,PLAYER_DATA_FRESH"
2026-07-25-2049,mls,St. Louis CITY SC v Colorado Rapids,2026-07-26T00:30Z,KXMLSSCORE-26JUL25STLCOL-STL1COL1,Draw 1-1,score_1_1,0.1086,0.12,,8.3333,0.007392,kalshi_0.07p(1-p),0.127392,-0.018792,0.0,0.0,scheduled,2026-07-25T17:55:31.138240+00:00,,"scheduled run; SHADOW — observational, not a recommendation; degraded inputs: AVAILABILITY_COMPLETE,GOALKEEPER_CONFIRMED,LINEUP_CONFIRMED,PLAYER_DATA_FRESH"
2026-07-25-2049,mls,Minnesota United FC v Vancouver Whitecaps,2026-07-26T00:30Z,KXMLSSCORE-26JUL25MINVAN-MIN2VAN3,Vancouver Whitecaps FC wins 3-2,score_2_3,0.0344,0.05,,20.0,0.003325,kalshi_0.07p(1-p),0.053325,-0.018925,0.0,0.0,scheduled,2026-07-25T17:55:30.465566+00:00,,"scheduled run; SHADOW — observational, not a recommendation; degraded inputs: AVAILABILITY_COMPLETE,GOALKEEPER_CONFIRMED,LINEUP_CONFIRMED,PLAYER_DATA_FRESH"
2026-07-25-2049,mls,St. Louis CITY SC v Colorado Rapids,2026-07-26T00:30Z,KXMLSGAME-26JUL25STLCOL-COL,Colorado,away_win,0.275,0.28,0.273632,3.5714,0.014112,kalshi_0.07p(1-p),0.294112,-0.019112,0.0,0.0,scheduled,2026-07-25T17:55:31.138240+00:00,,"scheduled run; SHADOW — observational, not a recommendation; bid/ask midpoints, overround 1.0050; degraded inputs: AVAILABILITY_COMPLETE,GOALKEEPER_CONFIRMED,LINEUP_CONFIRMED,PLAYER_DATA_FRESH"
2026-07-25-2049,mls,San Jose Earthquakes v LA Galaxy,2026-07-26T02:30Z,KXMLSSCORE-26JUL25SJLAG-SJ0LAG0,Draw 0-0,score_0_0,0.0342,0.05,,20.0,0.003325,kalshi_0.07p(1-p),0.053325,-0.019125,0.0,0.0,scheduled,2026-07-25T17:55:32.596192+00:00,,"scheduled run; SHADOW — observational, not a recommendation; degraded inputs: AVAILABILITY_COMPLETE,GOALKEEPER_CONFIRMED,LINEUP_CONFIRMED,PLAYER_DATA_FRESH"
2026-07-25-2049,mls,St. Louis CITY SC v Colorado Rapids,2026-07-26T00:30Z,KXMLSSCORE-26JUL25STLCOL-STL1COL2,Colorado Rapids wins 2-1,score_1_2,0.066,0.08,,12.5,0.005152,kalshi_0.07p(1-p),0.085152,-0.019152,0.0,0.0,scheduled,2026-07-25T17:55:31.138240+00:00,,"scheduled run; SHADOW — observational, not a recommendation; degraded inputs: AVAILABILITY_COMPLETE,GOALKEEPER_CONFIRMED,LINEUP_CONFIRMED,PLAYER_DATA_FRESH"
2026-07-25-2049,mls,Minnesota United FC v Vancouver Whitecaps,2026-07-26T00:30Z,KXMLSSCORE-26JUL25MINVAN-MIN1VAN2,Vancouver Whitecaps FC wins 2-1,score_1_2,0.0871,0.1,,10.0,0.0063,kalshi_0.07p(1-p),0.1063,-0.0192,0.0,0.0,scheduled,2026-07-25T17:55:30.465566+00:00,,"scheduled run; SHADOW — observational, not a recommendation; degraded inputs: AVAILABILITY_COMPLETE,GOALKEEPER_CONFIRMED,LINEUP_CONFIRMED,PLAYER_DATA_FRESH"
2026-07-25-2049,mls,Minnesota United FC v Vancouver Whitecaps,2026-07-26T00:30Z,KXMLSBTTS-26JUL25MINVAN-BTTS,Both Teams To Score,btts,0.6271,0.63,,1.5873,0.016317,kalshi_0.07p(1-p),0.646317,-0.019217,0.0,0.0,scheduled,2026-07-25T17:55:30.465566+00:00,,"scheduled run; SHADOW — observational, not a recommendation; degraded inputs: AVAILABILITY_COMPLETE,GOALKEEPER_CONFIRMED,LINEUP_CONFIRMED,PLAYER_DATA_FRESH"
2026-07-25-2049,mls,Philadelphia Union v Seattle Sounders FC,2026-07-25T23:30Z,KXMLSTEAMTOTAL-26JUL25PHISEA-PHI2,Philadelphia over 1.5 goals,home_team_over_1_5,0.558,0.56,,1.7857,0.017248,kalshi_0.07p(1-p),0.577248,-0.019248,0.0,0.0,scheduled,2026-07-25T17:55:32.485996+00:00,,"scheduled run; SHADOW — observational, not a recommendation; degraded inputs: AVAILABILITY_COMPLETE,GOALKEEPER_CONFIRMED,LINEUP_CONFIRMED,PLAYER_DATA_FRESH"
2026-07-25-2049,mls,San Jose Earthquakes v LA Galaxy,2026-07-26T02:30Z,KXMLSSCORE-26JUL25SJLAG-SJ1LAG2,Los Angeles Galaxy wins 2-1,score_1_2,0.0659,0.08,,12.5,0.005152,kalshi_0.07p(1-p),0.085152,-0.019252,0.0,0.0,scheduled,2026-07-25T17:55:32.596192+00:00,,"scheduled run; SHADOW — observational, not a recommendation; degraded inputs: AVAILABILITY_COMPLETE,GOALKEEPER_CONFIRMED,LINEUP_CONFIRMED,PLAYER_DATA_FRESH"
2026-07-25-2049,mls,San Diego FC v FC Dallas,2026-07-26T01:30Z,KXMLSBTTS-26JUL25SDDAL-BTTS,Both Teams To Score,btts,0.6952,0.7,,1.4286,0.0147,kalshi_0.07p(1-p),0.7147,-0.0195,0.0,0.0,scheduled,2026-07-25T17:55:30.585487+00:00,,"scheduled run; SHADOW — observational, not a recommendation; degraded inputs: AVAILABILITY_COMPLETE,GOALKEEPER_CONFIRMED,LINEUP_CONFIRMED,PLAYER_DATA_FRESH"
2026-07-25-2049,mls,Red Bull New York v Charlotte FC,2026-07-25T22:30Z,KXMLSSCORE-26JUL25NYRBCLT-NYRB3CLT2,New York Red Bulls wins 3-2,score_3_2,0.0444,0.06,,16.6667,0.003948,kalshi_0.07p(1-p),0.063948,-0.019548,0.0,0.0,scheduled,2026-07-25T17:55:32.099701+00:00,,"scheduled run; SHADOW — observational, not a recommendation; degraded inputs: AVAILABILITY_COMPLETE,GOALKEEPER_CONFIRMED,LINEUP_CONFIRMED,PLAYER_DATA_FRESH"
2026-07-25-2049,mls,D.C. United v Toronto FC,2026-07-25T23:30Z,KXMLSSCORE-26JUL25DCUTOR-DCU3TOR1,DC United wins 3-1,score_3_1,0.0442,0.06,,16.6667,0.003948,kalshi_0.07p(1-p),0.063948,-0.019748,0.0,0.0,scheduled,2026-07-25T17:55:30.334620+00:00,,"scheduled run; SHADOW — observational, not a recommendation; degraded inputs: AVAILABILITY_COMPLETE,GOALKEEPER_CONFIRMED,LINEUP_CONFIRMED,PLAYER_DATA_FRESH"
2026-07-25-2049,mls,Philadelphia Union v Seattle Sounders FC,2026-07-25T23:30Z,KXMLSSCORE-26JUL25PHISEA-PHI0SEA1,Seattle Sounders wins 1-0,score_0_1,0.0548,0.07,,14.2857,0.004557,kalshi_0.07p(1-p),0.074557,-0.019757,0.0,0.0,scheduled,2026-07-25T17:55:32.485996+00:00,,"scheduled run; SHADOW — observational, not a recommendation; degraded inputs: AVAILABILITY_COMPLETE,GOALKEEPER_CONFIRMED,LINEUP_CONFIRMED,PLAYER_DATA_FRESH"
2026-07-25-2049,mls,St. Louis CITY SC v Colorado Rapids,2026-07-26T00:30Z,KXMLSSCORE-26JUL25STLCOL-STL3COL1,Saint Louis City SC wins 3-1,score_3_1,0.0548,0.07,,14.2857,0.004557,kalshi_0.07p(1-p),0.074557,-0.019757,0.0,0.0,scheduled,2026-07-25T17:55:31.138240+00:00,,"scheduled run; SHADOW — observational, not a recommendation; degraded inputs: AVAILABILITY_COMPLETE,GOALKEEPER_CONFIRMED,LINEUP_CONFIRMED,PLAYER_DATA_FRESH"
2026-07-25-2049,mls,New England Revolution v Atlanta United FC,2026-07-25T23:30Z,KXMLSSCORE-26JUL25NEATL-NE2ATL0,New England Revolution wins 2-0,score_2_0,0.0653,0.08,,12.5,0.005152,kalshi_0.07p(1-p),0.085152,-0.019852,0.0,0.0,scheduled,2026-07-25T17:55:31.627771+00:00,,"scheduled run; SHADOW — observational, not a recommendation; degraded inputs: AVAILABILITY_COMPLETE,GOALKEEPER_CONFIRMED,LINEUP_CONFIRMED,PLAYER_DATA_FRESH"
2026-07-25-2049,mls,Columbus Crew v FC Cincinnati,2026-07-25T23:15Z,KXMLSSCORE-26JUL25CLBCIN-CLB2CIN2,Draw 2-2,score_2_2,0.065,0.08,,12.5,0.005152,kalshi_0.07p(1-p),0.085152,-0.020152,0.0,0.0,scheduled,2026-07-25T17:55:30.226896+00:00,,"scheduled run; SHADOW — observational, not a recommendation; degraded inputs: AVAILABILITY_COMPLETE,GOALKEEPER_CONFIRMED,LINEUP_CONFIRMED,PLAYER_DATA_FRESH"
2026-07-25-2049,mls,St. Louis CITY SC v Colorado Rapids,2026-07-26T00:30Z,KXMLSSPREAD-26JUL25STLCOL-COL3,Colorado wins by more than 2.5 goals,away_margin_3,0.0331,0.05,,20.0,0.003325,kalshi_0.07p(1-p),0.053325,-0.020225,0.0,0.0,scheduled,2026-07-25T17:55:31.138240+00:00,,"scheduled run; SHADOW — observational, not a recommendation; degraded inputs: AVAILABILITY_COMPLETE,GOALKEEPER_CONFIRMED,LINEUP_CONFIRMED,PLAYER_DATA_FRESH"
2026-07-25-2049,mls,Columbus Crew v FC Cincinnati,2026-07-25T23:15Z,KXMLSGAME-26JUL25CLBCIN-TIE,Tie,draw,0.2428,0.25,0.246231,4.0,0.013125,kalshi_0.07p(1-p),0.263125,-0.020325,0.0,0.0,scheduled,2026-07-25T17:55:30.226896+00:00,,"scheduled run; SHADOW — observational, not a recommendation; bid/ask midpoints, overround 0.9950; degraded inputs: AVAILABILITY_COMPLETE,GOALKEEPER_CONFIRMED,LINEUP_CONFIRMED,PLAYER_DATA_FRESH"
2026-07-25-2049,mls,Portland Timbers v Real Salt Lake,2026-07-26T02:30Z,KXMLSTEAMTOTAL-26JUL25PORRSL-POR1,Portland over 0.5 goals,home_team_over_0_5,0.8384,0.85,,1.1765,0.008925,kalshi_0.07p(1-p),0.858925,-0.020525,0.0,0.0,scheduled,2026-07-25T17:55:32.210829+00:00,,"scheduled run; SHADOW — observational, not a recommendation; degraded inputs: AVAILABILITY_COMPLETE,GOALKEEPER_CONFIRMED,LINEUP_CONFIRMED,PLAYER_DATA_FRESH"
2026-07-25-2049,mls,San Jose Earthquakes v LA Galaxy,2026-07-26T02:30Z,KXMLSSCORE-26JUL25SJLAG-SJ2LAG2,Draw 2-2,score_2_2,0.0646,0.08,,12.5,0.005152,kalshi_0.07p(1-p),0.085152,-0.020552,0.0,0.0,scheduled,2026-07-25T17:55:32.596192+00:00,,"scheduled run; SHADOW — observational, not a recommendation; degraded inputs: AVAILABILITY_COMPLETE,GOALKEEPER_CONFIRMED,LINEUP_CONFIRMED,PLAYER_DATA_FRESH"
2026-07-25-2049,mls,CF Montréal v Inter Miami CF,2026-07-25T23:30Z,KXMLSSCORE-26JUL25MTLMIA-MTL2MIA3,Inter Miami CF wins 3-2,score_2_3,0.043,0.06,,16.6667,0.003948,kalshi_0.07p(1-p),0.063948,-0.020948,0.0,0.0,scheduled,2026-07-25T17:55:30.828400+00:00,,"scheduled run; SHADOW — observational, not a recommendation; degraded inputs: AVAILABILITY_COMPLETE,GOALKEEPER_CONFIRMED,LINEUP_CONFIRMED,PLAYER_DATA_FRESH"
2026-07-25-2049,mls,Houston Dynamo FC v Austin FC,2026-07-26T00:30Z,KXMLSSCORE-26JUL25HOUATX-HOU3ATX0,Houston Dynamo wins 3-0,score_3_0,0.0534,0.07,,14.2857,0.004557,kalshi_0.07p(1-p),0.074557,-0.021157,0.0,0.0,scheduled,2026-07-25T17:55:31.429688+00:00,,"scheduled run; SHADOW — observational, not a recommendation; degraded inputs: AVAILABILITY_COMPLETE,GOALKEEPER_CONFIRMED,LINEUP_CONFIRMED,PLAYER_DATA_FRESH"
2026-07-25-2049,mls,Philadelphia Union v Seattle Sounders FC,2026-07-25T23:30Z,KXMLSSCORE-26JUL25PHISEA-PHI2SEA2,Draw 2-2,score_2_2,0.0638,0.08,,12.5,0.005152,kalshi_0.07p(1-p),0.085152,-0.021352,0.0,0.0,scheduled,2026-07-25T17:55:32.485996+00:00,,"scheduled run; SHADOW — observational, not a recommendation; degraded inputs: AVAILABILITY_COMPLETE,GOALKEEPER_CONFIRMED,LINEUP_CONFIRMED,PLAYER_DATA_FRESH"
2026-07-25-2049,mls,Portland Timbers v Real Salt Lake,2026-07-26T02:30Z,KXMLSFTTS-26JUL25PORRSL-NONE,No Goal,no_goal,0.0316,0.05,,20.0,0.003325,kalshi_0.07p(1-p),0.053325,-0.021725,0.0,0.0,scheduled,2026-07-25T17:55:32.210829+00:00,,"scheduled run; SHADOW — observational, not a recommendation; degraded inputs: AVAILABILITY_COMPLETE,GOALKEEPER_CONFIRMED,LINEUP_CONFIRMED,PLAYER_DATA_FRESH"
2026-07-25-2049,mls,Orlando City SC v Nashville SC,2026-07-25T23:30Z,KXMLSTEAMTOTAL-26JUL25ORLNSH-ORL1,Orlando over 0.5 goals,home_team_over_0_5,0.7893,0.8,,1.25,0.0112,kalshi_0.07p(1-p),0.8112,-0.0219,0.0,0.0,scheduled,2026-07-25T17:55:31.849380+00:00,,"scheduled run; SHADOW — observational, not a recommendation; wide spread 5c; degraded inputs: AVAILABILITY_COMPLETE,GOALKEEPER_CONFIRMED,LINEUP_CONFIRMED,PLAYER_DATA_FRESH"
2026-07-25-2049,mls,Red Bull New York v Charlotte FC,2026-07-25T22:30Z,KXMLSSCORE-26JUL25NYRBCLT-NYRB2CLT1,New York Red Bulls wins 2-1,score_2_1,0.0844,0.1,,10.0,0.0063,kalshi_0.07p(1-p),0.1063,-0.0219,0.0,0.0,scheduled,2026-07-25T17:55:32.099701+00:00,,"scheduled run; SHADOW — observational, not a recommendation; degraded inputs: AVAILABILITY_COMPLETE,GOALKEEPER_CONFIRMED,LINEUP_CONFIRMED,PLAYER_DATA_FRESH"
2026-07-25-2049,mls,Houston Dynamo FC v Austin FC,2026-07-26T00:30Z,KXMLSTOTAL-26JUL25HOUATX-3,Over 2.5 goals scored,over_2_5,0.5453,0.55,,1.8182,0.017325,kalshi_0.07p(1-p),0.567325,-0.022025,0.0,0.0,scheduled,2026-07-25T17:55:31.429688+00:00,,"scheduled run; SHADOW — observational, not a recommendation; degraded inputs: AVAILABILITY_COMPLETE,GOALKEEPER_CONFIRMED,LINEUP_CONFIRMED,PLAYER_DATA_FRESH"
2026-07-25-2049,mls,St. Louis CITY SC v Colorado Rapids,2026-07-26T00:30Z,KXMLSSCORE-26JUL25STLCOL-STL2COL2,Draw 2-2,score_2_2,0.0525,0.07,,14.2857,0.004557,kalshi_0.07p(1-p),0.074557,-0.022057,0.0,0.0,scheduled,2026-07-25T17:55:31.138240+00:00,,"scheduled run; SHADOW — observational, not a recommendation; degraded inputs: AVAILABILITY_COMPLETE,GOALKEEPER_CONFIRMED,LINEUP_CONFIRMED,PLAYER_DATA_FRESH"
2026-07-25-2049,mls,D.C. United v Toronto FC,2026-07-25T23:30Z,KXMLSSCORE-26JUL25DCUTOR-DCU2TOR1,DC United wins 2-1,score_2_1,0.0842,0.1,,10.0,0.0063,kalshi_0.07p(1-p),0.1063,-0.0221,0.0,0.0,scheduled,2026-07-25T17:55:30.334620+00:00,,"scheduled run; SHADOW — observational, not a recommendation; degraded inputs: AVAILABILITY_COMPLETE,GOALKEEPER_CONFIRMED,LINEUP_CONFIRMED,PLAYER_DATA_FRESH"
2026-07-25-2049,mls,San Diego FC v FC Dallas,2026-07-26T01:30Z,KXMLSSCORE-26JUL25SDDAL-SD2DAL2,Draw 2-2,score_2_2,0.0735,0.09,,11.1111,0.005733,kalshi_0.07p(1-p),0.095733,-0.022233,0.0,0.0,scheduled,2026-07-25T17:55:30.585487+00:00,,"scheduled run; SHADOW — observational, not a recommendation; degraded inputs: AVAILABILITY_COMPLETE,GOALKEEPER_CONFIRMED,LINEUP_CONFIRMED,PLAYER_DATA_FRESH"
2026-07-25-2049,mls,CF Montréal v Inter Miami CF,2026-07-25T23:30Z,KXMLSSCORE-26JUL25MTLMIA-MTL0MIA1,Inter Miami CF wins 1-0,score_0_1,0.0417,0.06,,16.6667,0.003948,kalshi_0.07p(1-p),0.063948,-0.022248,0.0,0.0,scheduled,2026-07-25T17:55:30.828400+00:00,,"scheduled run; SHADOW — observational, not a recommendation; degraded inputs: AVAILABILITY_COMPLETE,GOALKEEPER_CONFIRMED,LINEUP_CONFIRMED,PLAYER_DATA_FRESH"
2026-07-25-2049,mls,New England Revolution v Atlanta United FC,2026-07-25T23:30Z,KXMLSSCORE-26JUL25NEATL-NE2ATL1,New England Revolution wins 2-1,score_2_1,0.0946,0.11,,9.0909,0.006853,kalshi_0.07p(1-p),0.116853,-0.022253,0.0,0.0,scheduled,2026-07-25T17:55:31.627771+00:00,,"scheduled run; SHADOW — observational, not a recommendation; degraded inputs: AVAILABILITY_COMPLETE,GOALKEEPER_CONFIRMED,LINEUP_CONFIRMED,PLAYER_DATA_FRESH"
2026-07-25-2049,mls,San Jose Earthquakes v LA Galaxy,2026-07-26T02:30Z,KXMLSTOTAL-26JUL25SJLAG-2,Over 1.5 goals scored,over_1_5,0.8555,0.87,,1.1494,0.007917,kalshi_0.07p(1-p),0.877917,-0.022417,0.0,0.0,scheduled,2026-07-25T17:55:32.596192+00:00,,"scheduled run; SHADOW — observational, not a recommendation; degraded inputs: AVAILABILITY_COMPLETE,GOALKEEPER_CONFIRMED,LINEUP_CONFIRMED,PLAYER_DATA_FRESH"
2026-07-25-2049,mls,San Jose Earthquakes v LA Galaxy,2026-07-26T02:30Z,KXMLSTOTAL-26JUL25SJLAG-6,Over 5.5 goals scored,over_5_5,0.126,0.14,,7.1429,0.008428,kalshi_0.07p(1-p),0.148428,-0.022428,0.0,0.0,scheduled,2026-07-25T17:55:32.596192+00:00,,"scheduled run; SHADOW — observational, not a recommendation; degraded inputs: AVAILABILITY_COMPLETE,GOALKEEPER_CONFIRMED,LINEUP_CONFIRMED,PLAYER_DATA_FRESH"
2026-07-25-2049,mls,Minnesota United FC v Vancouver Whitecaps,2026-07-26T00:30Z,KXMLSSCORE-26JUL25MINVAN-MIN0VAN0,Draw 0-0,score_0_0,0.0414,0.06,,16.6667,0.003948,kalshi_0.07p(1-p),0.063948,-0.022548,0.0,0.0,scheduled,2026-07-25T17:55:30.465566+00:00,,"scheduled run; SHADOW — observational, not a recommendation; degraded inputs: AVAILABILITY_COMPLETE,GOALKEEPER_CONFIRMED,LINEUP_CONFIRMED,PLAYER_DATA_FRESH"
2026-07-25-2049,mls,Red Bull New York v Charlotte FC,2026-07-25T22:30Z,KXMLSSCORE-26JUL25NYRBCLT-NYRB1CLT1,Draw 1-1,score_1_1,0.0942,0.11,,9.0909,0.006853,kalshi_0.07p(1-p),0.116853,-0.022653,0.0,0.0,scheduled,2026-07-25T17:55:32.099701+00:00,,"scheduled run; SHADOW — observational, not a recommendation; degraded inputs: AVAILABILITY_COMPLETE,GOALKEEPER_CONFIRMED,LINEUP_CONFIRMED,PLAYER_DATA_FRESH"
2026-07-25-2049,mls,D.C. United v Toronto FC,2026-07-25T23:30Z,KXMLSTEAMTOTAL-26JUL25DCUTOR-TOR2,Toronto over 1.5 goals,away_team_over_1_5,0.3432,0.35,,2.8571,0.015925,kalshi_0.07p(1-p),0.365925,-0.022725,0.0,0.0,scheduled,2026-07-25T17:55:30.334620+00:00,,"scheduled run; SHADOW — observational, not a recommendation; degraded inputs: AVAILABILITY_COMPLETE,GOALKEEPER_CONFIRMED,LINEUP_CONFIRMED,PLAYER_DATA_FRESH"
2026-07-25-2049,mls,San Jose Earthquakes v LA Galaxy,2026-07-26T02:30Z,KXMLSSCORE-26JUL25SJLAG-SJ1LAG1,Draw 1-1,score_1_1,0.0941,0.11,,9.0909,0.006853,kalshi_0.07p(1-p),0.116853,-0.022753,0.0,0.0,scheduled,2026-07-25T17:55:32.596192+00:00,,"scheduled run; SHADOW — observational, not a recommendation; degraded inputs: AVAILABILITY_COMPLETE,GOALKEEPER_CONFIRMED,LINEUP_CONFIRMED,PLAYER_DATA_FRESH"
2026-07-25-2049,mls,New York City FC v Chicago Fire FC,2026-07-25T23:30Z,KXMLSSCORE-26JUL25NYCCHI-NYC1CHI0,New York City FC wins 1-0,score_1_0,0.0621,0.08,,12.5,0.005152,kalshi_0.07p(1-p),0.085152,-0.023052,0.0,0.0,scheduled,2026-07-25T17:55:31.743943+00:00,,"scheduled run; SHADOW — observational, not a recommendation; degraded inputs: AVAILABILITY_COMPLETE,GOALKEEPER_CONFIRMED,LINEUP_CONFIRMED,PLAYER_DATA_FRESH"
2026-07-25-2049,mls,Minnesota United FC v Vancouver Whitecaps,2026-07-26T00:30Z,KXMLSSCORE-26JUL25MINVAN-MIN1VAN3,Vancouver Whitecaps FC wins 3-1,score_1_3,0.0514,0.07,,14.2857,0.004557,kalshi_0.07p(1-p),0.074557,-0.023157,0.0,0.0,scheduled,2026-07-25T17:55:30.465566+00:00,,"scheduled run; SHADOW — observational, not a recommendation; degraded inputs: AVAILABILITY_COMPLETE,GOALKEEPER_CONFIRMED,LINEUP_CONFIRMED,PLAYER_DATA_FRESH"
2026-07-25-2049,mls,Columbus Crew v FC Cincinnati,2026-07-25T23:15Z,KXMLSBTTS-26JUL25CLBCIN-BTTS,Both Teams To Score,btts,0.6817,0.69,,1.4493,0.014973,kalshi_0.07p(1-p),0.704973,-0.023273,0.0,0.0,scheduled,2026-07-25T17:55:30.226896+00:00,,"scheduled run; SHADOW — observational, not a recommendation; degraded inputs: AVAILABILITY_COMPLETE,GOALKEEPER_CONFIRMED,LINEUP_CONFIRMED,PLAYER_DATA_FRESH"
2026-07-25-2049,mls,Houston Dynamo FC v Austin FC,2026-07-26T00:30Z,KXMLSSCORE-26JUL25HOUATX-HOU1ATX1,Draw 1-1,score_1_1,0.1039,0.12,,8.3333,0.007392,kalshi_0.07p(1-p),0.127392,-0.023492,0.0,0.0,scheduled,2026-07-25T17:55:31.429688+00:00,,"scheduled run; SHADOW — observational, not a recommendation; degraded inputs: AVAILABILITY_COMPLETE,GOALKEEPER_CONFIRMED,LINEUP_CONFIRMED,PLAYER_DATA_FRESH"
2026-07-25-2049,mls,Houston Dynamo FC v Austin FC,2026-07-26T00:30Z,KXMLSSCORE-26JUL25HOUATX-HOU2ATX1,Houston Dynamo wins 2-1,score_2_1,0.0931,0.11,,9.0909,0.006853,kalshi_0.07p(1-p),0.116853,-0.023753,0.0,0.0,scheduled,2026-07-25T17:55:31.429688+00:00,,"scheduled run; SHADOW — observational, not a recommendation; degraded inputs: AVAILABILITY_COMPLETE,GOALKEEPER_CONFIRMED,LINEUP_CONFIRMED,PLAYER_DATA_FRESH"
2026-07-25-2049,mls,CF Montréal v Inter Miami CF,2026-07-25T23:30Z,KXMLSSPREAD-26JUL25MTLMIA-MIA3,Miami wins by more than 2.5 goals,away_margin_3,0.1034,0.12,,8.3333,0.007392,kalshi_0.07p(1-p),0.127392,-0.023992,0.0,0.0,scheduled,2026-07-25T17:55:30.828400+00:00,,"scheduled run; SHADOW — observational, not a recommendation; degraded inputs: AVAILABILITY_COMPLETE,GOALKEEPER_CONFIRMED,LINEUP_CONFIRMED,PLAYER_DATA_FRESH"
2026-07-25-2049,mls,CF Montréal v Inter Miami CF,2026-07-25T23:30Z,KXMLSSCORE-26JUL25MTLMIA-MTL1MIA1,Draw 1-1,score_1_1,0.0823,0.1,,10.0,0.0063,kalshi_0.07p(1-p),0.1063,-0.024,0.0,0.0,scheduled,2026-07-25T17:55:30.828400+00:00,,"scheduled run; SHADOW — observational, not a recommendation; degraded inputs: AVAILABILITY_COMPLETE,GOALKEEPER_CONFIRMED,LINEUP_CONFIRMED,PLAYER_DATA_FRESH"
2026-07-25-2049,mls,D.C. United v Toronto FC,2026-07-25T23:30Z,KXMLSSCORE-26JUL25DCUTOR-DCU1TOR1,Draw 1-1,score_1_1,0.1139,0.13,,7.6923,0.007917,kalshi_0.07p(1-p),0.137917,-0.024017,0.0,0.0,scheduled,2026-07-25T17:55:30.334620+00:00,,"scheduled run; SHADOW — observational, not a recommendation; degraded inputs: AVAILABILITY_COMPLETE,GOALKEEPER_CONFIRMED,LINEUP_CONFIRMED,PLAYER_DATA_FRESH"
2026-07-25-2049,mls,Portland Timbers v Real Salt Lake,2026-07-26T02:30Z,KXMLSSPREAD-26JUL25PORRSL-RSL2,Salt Lake wins by more than 1.5 goals,away_margin_2,0.1661,0.18,,5.5556,0.010332,kalshi_0.07p(1-p),0.190332,-0.024232,0.0,0.0,scheduled,2026-07-25T17:55:32.210829+00:00,,"scheduled run; SHADOW — observational, not a recommendation; degraded inputs: AVAILABILITY_COMPLETE,GOALKEEPER_CONFIRMED,LINEUP_CONFIRMED,PLAYER_DATA_FRESH"
2026-07-25-2049,mls,San Diego FC v FC Dallas,2026-07-26T01:30Z,KXMLSFTTS-26JUL25SDDAL-SD,San Diego FC,home_first_goal,0.4832,0.49,,2.0408,0.017493,kalshi_0.07p(1-p),0.507493,-0.024293,0.0,0.0,scheduled,2026-07-25T17:55:30.585487+00:00,,"scheduled run; SHADOW — observational, not a recommendation; degraded inputs: AVAILABILITY_COMPLETE,GOALKEEPER_CONFIRMED,LINEUP_CONFIRMED,PLAYER_DATA_FRESH"
2026-07-25-2049,mls,Orlando City SC v Nashville SC,2026-07-25T23:30Z,KXMLSBTTS-26JUL25ORLNSH-BTTS,Both Teams To Score,btts,0.6416,0.65,,1.5385,0.015925,kalshi_0.07p(1-p),0.665925,-0.024325,0.0,0.0,scheduled,2026-07-25T17:55:31.849380+00:00,,"scheduled run; SHADOW — observational, not a recommendation; degraded inputs: AVAILABILITY_COMPLETE,GOALKEEPER_CONFIRMED,LINEUP_CONFIRMED,PLAYER_DATA_FRESH"
2026-07-25-2049,mls,Portland Timbers v Real Salt Lake,2026-07-26T02:30Z,KXMLSTOTAL-26JUL25PORRSL-3,Over 2.5 goals scored,over_2_5,0.6707,0.68,,1.4706,0.015232,kalshi_0.07p(1-p),0.695232,-0.024532,0.0,0.0,scheduled,2026-07-25T17:55:32.210829+00:00,,"scheduled run; SHADOW — observational, not a recommendation; degraded inputs: AVAILABILITY_COMPLETE,GOALKEEPER_CONFIRMED,LINEUP_CONFIRMED,PLAYER_DATA_FRESH"
2026-07-25-2049,mls,St. Louis CITY SC v Colorado Rapids,2026-07-26T00:30Z,KXMLSSPREAD-26JUL25STLCOL-COL2,Colorado wins by more than 1.5 goals,away_margin_2,0.1027,0.12,,8.3333,0.007392,kalshi_0.07p(1-p),0.127392,-0.024692,0.0,0.0,scheduled,2026-07-25T17:55:31.138240+00:00,,"scheduled run; SHADOW — observational, not a recommendation; degraded inputs: AVAILABILITY_COMPLETE,GOALKEEPER_CONFIRMED,LINEUP_CONFIRMED,PLAYER_DATA_FRESH"
2026-07-25-2049,mls,New York City FC v Chicago Fire FC,2026-07-25T23:30Z,KXMLSSCORE-26JUL25NYCCHI-NYC1CHI2,Chicago Fire wins 2-1,score_1_2,0.0813,0.1,,10.0,0.0063,kalshi_0.07p(1-p),0.1063,-0.025,0.0,0.0,scheduled,2026-07-25T17:55:31.743943+00:00,,"scheduled run; SHADOW — observational, not a recommendation; degraded inputs: AVAILABILITY_COMPLETE,GOALKEEPER_CONFIRMED,LINEUP_CONFIRMED,PLAYER_DATA_FRESH"
2026-07-25-2049,mls,Houston Dynamo FC v Austin FC,2026-07-26T00:30Z,KXMLSTEAMTOTAL-26JUL25HOUATX-ATX2,Austin over 1.5 goals,away_team_over_1_5,0.2896,0.3,,3.3333,0.0147,kalshi_0.07p(1-p),0.3147,-0.0251,0.0,0.0,scheduled,2026-07-25T17:55:31.429688+00:00,,"scheduled run; SHADOW — observational, not a recommendation; wide spread 6c; degraded inputs: AVAILABILITY_COMPLETE,GOALKEEPER_CONFIRMED,LINEUP_CONFIRMED,PLAYER_DATA_FRESH"
2026-07-25-2049,mls,Houston Dynamo FC v Austin FC,2026-07-26T00:30Z,KXMLSSCORE-26JUL25HOUATX-HOU2ATX0,Houston Dynamo wins 2-0,score_2_0,0.0915,0.11,,9.0909,0.006853,kalshi_0.07p(1-p),0.116853,-0.025353,0.0,0.0,scheduled,2026-07-25T17:55:31.429688+00:00,,"scheduled run; SHADOW — observational, not a recommendation; degraded inputs: AVAILABILITY_COMPLETE,GOALKEEPER_CONFIRMED,LINEUP_CONFIRMED,PLAYER_DATA_FRESH"
2026-07-25-2049,mls,San Diego FC v FC Dallas,2026-07-26T01:30Z,KXMLSFTTS-26JUL25SDDAL-NONE,No Goal,no_goal,0.0277,0.05,,20.0,0.003325,kalshi_0.07p(1-p),0.053325,-0.025625,0.0,0.0,scheduled,2026-07-25T17:55:30.585487+00:00,,"scheduled run; SHADOW — observational, not a recommendation; degraded inputs: AVAILABILITY_COMPLETE,GOALKEEPER_CONFIRMED,LINEUP_CONFIRMED,PLAYER_DATA_FRESH"
2026-07-25-2049,mls,St. Louis CITY SC v Colorado Rapids,2026-07-26T00:30Z,KXMLSTEAMTOTAL-26JUL25STLCOL-STL2,Saint Louis over 1.5 goals,home_team_over_1_5,0.5213,0.53,,1.8868,0.017437,kalshi_0.07p(1-p),0.547437,-0.026137,0.0,0.0,scheduled,2026-07-25T17:55:31.138240+00:00,,"scheduled run; SHADOW — observational, not a recommendation; degraded inputs: AVAILABILITY_COMPLETE,GOALKEEPER_CONFIRMED,LINEUP_CONFIRMED,PLAYER_DATA_FRESH"
2026-07-25-2049,mls,New York City FC v Chicago Fire FC,2026-07-25T23:30Z,KXMLSTEAMTOTAL-26JUL25NYCCHI-CHI1,Chicago Fire over 0.5 goals,away_team_over_0_5,0.804,0.82,,1.2195,0.010332,kalshi_0.07p(1-p),0.830332,-0.026332,0.0,0.0,scheduled,2026-07-25T17:55:31.743943+00:00,,"scheduled run; SHADOW — observational, not a recommendation; degraded inputs: AVAILABILITY_COMPLETE,GOALKEEPER_CONFIRMED,LINEUP_CONFIRMED,PLAYER_DATA_FRESH"
2026-07-25-2049,mls,Philadelphia Union v Seattle Sounders FC,2026-07-25T23:30Z,KXMLSSCORE-26JUL25PHISEA-PHI2SEA1,Philadelphia Union wins 2-1,score_2_1,0.0905,0.11,,9.0909,0.006853,kalshi_0.07p(1-p),0.116853,-0.026353,0.0,0.0,scheduled,2026-07-25T17:55:32.485996+00:00,,"scheduled run; SHADOW — observational, not a recommendation; degraded inputs: AVAILABILITY_COMPLETE,GOALKEEPER_CONFIRMED,LINEUP_CONFIRMED,PLAYER_DATA_FRESH"
2026-07-25-2049,mls,Red Bull New York v Charlotte FC,2026-07-25T22:30Z,KXMLSTOTAL-26JUL25NYRBCLT-3,Over 2.5 goals scored,over_2_5,0.6687,0.68,,1.4706,0.015232,kalshi_0.07p(1-p),0.695232,-0.026532,0.0,0.0,scheduled,2026-07-25T17:55:32.099701+00:00,,"scheduled run; SHADOW — observational, not a recommendation; degraded inputs: AVAILABILITY_COMPLETE,GOALKEEPER_CONFIRMED,LINEUP_CONFIRMED,PLAYER_DATA_FRESH"
2026-07-25-2049,mls,Red Bull New York v Charlotte FC,2026-07-25T22:30Z,KXMLSTOTAL-26JUL25NYRBCLT-4,Over 3.5 goals scored,over_3_5,0.4507,0.46,,2.1739,0.017388,kalshi_0.07p(1-p),0.477388,-0.026688,0.0,0.0,scheduled,2026-07-25T17:55:32.099701+00:00,,"scheduled run; SHADOW — observational, not a recommendation; degraded inputs: AVAILABILITY_COMPLETE,GOALKEEPER_CONFIRMED,LINEUP_CONFIRMED,PLAYER_DATA_FRESH"
2026-07-25-2049,mls,San Jose Earthquakes v LA Galaxy,2026-07-26T02:30Z,KXMLSTEAMTOTAL-26JUL25SJLAG-SJ1,San Jose over 0.5 goals,home_team_over_0_5,0.8698,0.89,,1.1236,0.006853,kalshi_0.07p(1-p),0.896853,-0.027053,0.0,0.0,scheduled,2026-07-25T17:55:32.596192+00:00,,"scheduled run; SHADOW — observational, not a recommendation; degraded inputs: AVAILABILITY_COMPLETE,GOALKEEPER_CONFIRMED,LINEUP_CONFIRMED,PLAYER_DATA_FRESH"
2026-07-25-2049,mls,Minnesota United FC v Vancouver Whitecaps,2026-07-26T00:30Z,KXMLSSCORE-26JUL25MINVAN-MIN0VAN1,Vancouver Whitecaps FC wins 1-0,score_0_1,0.0686,0.09,,11.1111,0.005733,kalshi_0.07p(1-p),0.095733,-0.027133,0.0,0.0,scheduled,2026-07-25T17:55:30.465566+00:00,,"scheduled run; SHADOW — observational, not a recommendation; degraded inputs: AVAILABILITY_COMPLETE,GOALKEEPER_CONFIRMED,LINEUP_CONFIRMED,PLAYER_DATA_FRESH"
2026-07-25-2049,mls,Philadelphia Union v Seattle Sounders FC,2026-07-25T23:30Z,KXMLSSCORE-26JUL25PHISEA-PHI1SEA0,Philadelphia Union wins 1-0,score_1_0,0.0679,0.09,,11.1111,0.005733,kalshi_0.07p(1-p),0.095733,-0.027833,0.0,0.0,scheduled,2026-07-25T17:55:32.485996+00:00,,"scheduled run; SHADOW — observational, not a recommendation; degraded inputs: AVAILABILITY_COMPLETE,GOALKEEPER_CONFIRMED,LINEUP_CONFIRMED,PLAYER_DATA_FRESH"
2026-07-25-2049,mls,Philadelphia Union v Seattle Sounders FC,2026-07-25T23:30Z,KXMLSSCORE-26JUL25PHISEA-PHI0SEA0,Draw 0-0,score_0_0,0.0361,0.06,,16.6667,0.003948,kalshi_0.07p(1-p),0.063948,-0.027848,0.0,0.0,scheduled,2026-07-25T17:55:32.485996+00:00,,"scheduled run; SHADOW — observational, not a recommendation; degraded inputs: AVAILABILITY_COMPLETE,GOALKEEPER_CONFIRMED,LINEUP_CONFIRMED,PLAYER_DATA_FRESH"
2026-07-25-2049,mls,San Diego FC v FC Dallas,2026-07-26T01:30Z,KXMLSSCORE-26JUL25SDDAL-SD2DAL1,San Diego FC wins 2-1,score_2_1,0.0782,0.1,,10.0,0.0063,kalshi_0.07p(1-p),0.1063,-0.0281,0.0,0.0,scheduled,2026-07-25T17:55:30.585487+00:00,,"scheduled run; SHADOW — observational, not a recommendation; degraded inputs: AVAILABILITY_COMPLETE,GOALKEEPER_CONFIRMED,LINEUP_CONFIRMED,PLAYER_DATA_FRESH"
2026-07-25-2049,mls,St. Louis CITY SC v Colorado Rapids,2026-07-26T00:30Z,KXMLSTOTAL-26JUL25STLCOL-5,Over 4.5 goals scored,over_4_5,0.1725,0.19,,5.2632,0.010773,kalshi_0.07p(1-p),0.200773,-0.028273,0.0,0.0,scheduled,2026-07-25T17:55:31.138240+00:00,,"scheduled run; SHADOW — observational, not a recommendation; degraded inputs: AVAILABILITY_COMPLETE,GOALKEEPER_CONFIRMED,LINEUP_CONFIRMED,PLAYER_DATA_FRESH"
2026-07-25-2049,mls,Philadelphia Union v Seattle Sounders FC,2026-07-25T23:30Z,KXMLSSCORE-26JUL25PHISEA-PHI1SEA1,Draw 1-1,score_1_1,0.0991,0.12,,8.3333,0.007392,kalshi_0.07p(1-p),0.127392,-0.028292,0.0,0.0,scheduled,2026-07-25T17:55:32.485996+00:00,,"scheduled run; SHADOW — observational, not a recommendation; degraded inputs: AVAILABILITY_COMPLETE,GOALKEEPER_CONFIRMED,LINEUP_CONFIRMED,PLAYER_DATA_FRESH"
2026-07-25-2049,mls,New York City FC v Chicago Fire FC,2026-07-25T23:30Z,KXMLSFTTS-26JUL25NYCCHI-CHI,Chicago Fire,away_first_goal,0.4792,0.49,,2.0408,0.017493,kalshi_0.07p(1-p),0.507493,-0.028293,0.0,0.0,scheduled,2026-07-25T17:55:31.743943+00:00,,"scheduled run; SHADOW — observational, not a recommendation; degraded inputs: AVAILABILITY_COMPLETE,GOALKEEPER_CONFIRMED,LINEUP_CONFIRMED,PLAYER_DATA_FRESH"
2026-07-25-2049,mls,St. Louis CITY SC v Colorado Rapids,2026-07-26T00:30Z,KXMLSFTTS-26JUL25STLCOL-STL,Saint Louis City SC,home_first_goal,0.5687,0.58,,1.7241,0.017052,kalshi_0.07p(1-p),0.597052,-0.028352,0.0,0.0,scheduled,2026-07-25T17:55:31.138240+00:00,,"scheduled run; SHADOW — observational, not a recommendation; wide spread 8c; degraded inputs: AVAILABILITY_COMPLETE,GOALKEEPER_CONFIRMED,LINEUP_CONFIRMED,PLAYER_DATA_FRESH"
2026-07-25-2049,mls,Houston Dynamo FC v Austin FC,2026-07-26T00:30Z,KXMLSTOTAL-26JUL25HOUATX-2,Over 1.5 goals scored,over_1_5,0.773,0.79,,1.2658,0.011613,kalshi_0.07p(1-p),0.801613,-0.028613,0.0,0.0,scheduled,2026-07-25T17:55:31.429688+00:00,,"scheduled run; SHADOW — observational, not a recommendation; degraded inputs: AVAILABILITY_COMPLETE,GOALKEEPER_CONFIRMED,LINEUP_CONFIRMED,PLAYER_DATA_FRESH"
2026-07-25-2049,mls,Columbus Crew v FC Cincinnati,2026-07-25T23:15Z,KXMLSGAME-26JUL25CLBCIN-CLB,Columbus,home_win,0.4486,0.46,0.457286,2.1739,0.017388,kalshi_0.07p(1-p),0.477388,-0.028788,0.0,0.0,scheduled,2026-07-25T17:55:30.226896+00:00,,"scheduled run; SHADOW — observational, not a recommendation; bid/ask midpoints, overround 0.9950; degraded inputs: AVAILABILITY_COMPLETE,GOALKEEPER_CONFIRMED,LINEUP_CONFIRMED,PLAYER_DATA_FRESH"
2026-07-25-2049,mls,San Diego FC v FC Dallas,2026-07-26T01:30Z,KXMLSSPREAD-26JUL25SDDAL-SD2,San Diego FC wins by more than 1.5 goals,home_margin_2,0.203,0.22,,4.5455,0.012012,kalshi_0.07p(1-p),0.232012,-0.029012,0.0,0.0,scheduled,2026-07-25T17:55:30.585487+00:00,,"scheduled run; SHADOW — observational, not a recommendation; degraded inputs: AVAILABILITY_COMPLETE,GOALKEEPER_CONFIRMED,LINEUP_CONFIRMED,PLAYER_DATA_FRESH"
2026-07-25-2049,mls,Red Bull New York v Charlotte FC,2026-07-25T22:30Z,KXMLSTEAMTOTAL-26JUL25NYRBCLT-CLT1,Charlotte over 0.5 goals,away_team_over_0_5,0.8012,0.82,,1.2195,0.010332,kalshi_0.07p(1-p),0.830332,-0.029132,0.0,0.0,scheduled,2026-07-25T17:55:32.099701+00:00,,"scheduled run; SHADOW — observational, not a recommendation; degraded inputs: AVAILABILITY_COMPLETE,GOALKEEPER_CONFIRMED,LINEUP_CONFIRMED,PLAYER_DATA_FRESH"
2026-07-25-2049,mls,CF Montréal v Inter Miami CF,2026-07-25T23:30Z,KXMLSTEAMTOTAL-26JUL25MTLMIA-MIA3,Miami over 2.5 goals,away_team_over_2_5,0.2954,0.31,,3.2258,0.014973,kalshi_0.07p(1-p),0.324973,-0.029573,0.0,0.0,scheduled,2026-07-25T17:55:30.828400+00:00,,"scheduled run; SHADOW — observational, not a recommendation; degraded inputs: AVAILABILITY_COMPLETE,GOALKEEPER_CONFIRMED,LINEUP_CONFIRMED,PLAYER_DATA_FRESH"
2026-07-25-2049,mls,Portland Timbers v Real Salt Lake,2026-07-26T02:30Z,KXMLSSCORE-26JUL25PORRSL-POR1RSL2,Real Salt Lake wins 2-1,score_1_2,0.0767,0.1,,10.0,0.0063,kalshi_0.07p(1-p),0.1063,-0.0296,0.0,0.0,scheduled,2026-07-25T17:55:32.210829+00:00,,"scheduled run; SHADOW — observational, not a recommendation; degraded inputs: AVAILABILITY_COMPLETE,GOALKEEPER_CONFIRMED,LINEUP_CONFIRMED,PLAYER_DATA_FRESH"
2026-07-25-2049,mls,New England Revolution v Atlanta United FC,2026-07-25T23:30Z,KXMLSGAME-26JUL25NEATL-TIE,Tie,draw,0.254,0.27,0.266332,3.7037,0.013797,kalshi_0.07p(1-p),0.283797,-0.029797,0.0,0.0,scheduled,2026-07-25T17:55:31.627771+00:00,,"scheduled run; SHADOW — observational, not a recommendation; bid/ask midpoints, overround 0.9950; degraded inputs: AVAILABILITY_COMPLETE,GOALKEEPER_CONFIRMED,LINEUP_CONFIRMED,PLAYER_DATA_FRESH"
2026-07-25-2049,mls,CF Montréal v Inter Miami CF,2026-07-25T23:30Z,KXMLSFTTS-26JUL25MTLMIA-NONE,No Goal,no_goal,0.0232,0.05,,20.0,0.003325,kalshi_0.07p(1-p),0.053325,-0.030125,0.0,0.0,scheduled,2026-07-25T17:55:30.828400+00:00,,"scheduled run; SHADOW — observational, not a recommendation; degraded inputs: AVAILABILITY_COMPLETE,GOALKEEPER_CONFIRMED,LINEUP_CONFIRMED,PLAYER_DATA_FRESH"
2026-07-25-2049,mls,San Diego FC v FC Dallas,2026-07-26T01:30Z,KXMLSTEAMTOTAL-26JUL25SDDAL-SD3,San Diego FC over 2.5 goals,home_team_over_2_5,0.2637,0.28,,3.5714,0.014112,kalshi_0.07p(1-p),0.294112,-0.030412,0.0,0.0,scheduled,2026-07-25T17:55:30.585487+00:00,,"scheduled run; SHADOW — observational, not a recommendation; degraded inputs: AVAILABILITY_COMPLETE,GOALKEEPER_CONFIRMED,LINEUP_CONFIRMED,PLAYER_DATA_FRESH"
2026-07-25-2049,mls,Columbus Crew v FC Cincinnati,2026-07-25T23:15Z,KXMLSSCORE-26JUL25CLBCIN-CLB2CIN1,Columbus Crew wins 2-1,score_2_1,0.0862,0.11,,9.0909,0.006853,kalshi_0.07p(1-p),0.116853,-0.030653,0.0,0.0,scheduled,2026-07-25T17:55:30.226896+00:00,,"scheduled run; SHADOW — observational, not a recommendation; degraded inputs: AVAILABILITY_COMPLETE,GOALKEEPER_CONFIRMED,LINEUP_CONFIRMED,PLAYER_DATA_FRESH"
2026-07-25-2049,mls,Portland Timbers v Real Salt Lake,2026-07-26T02:30Z,KXMLSTOTAL-26JUL25PORRSL-5,Over 4.5 goals scored,over_4_5,0.2633,0.28,,3.5714,0.014112,kalshi_0.07p(1-p),0.294112,-0.030812,0.0,0.0,scheduled,2026-07-25T17:55:32.210829+00:00,,"scheduled run; SHADOW — observational, not a recommendation; degraded inputs: AVAILABILITY_COMPLETE,GOALKEEPER_CONFIRMED,LINEUP_CONFIRMED,PLAYER_DATA_FRESH"
2026-07-25-2049,mls,Philadelphia Union v Seattle Sounders FC,2026-07-25T23:30Z,KXMLSTEAMTOTAL-26JUL25PHISEA-PHI1,Philadelphia over 0.5 goals,home_team_over_0_5,0.8469,0.87,,1.1494,0.007917,kalshi_0.07p(1-p),0.877917,-0.031017,0.0,0.0,scheduled,2026-07-25T17:55:32.485996+00:00,,"scheduled run; SHADOW — observational, not a recommendation; degraded inputs: AVAILABILITY_COMPLETE,GOALKEEPER_CONFIRMED,LINEUP_CONFIRMED,PLAYER_DATA_FRESH"
2026-07-25-2049,mls,D.C. United v Toronto FC,2026-07-25T23:30Z,KXMLSSCORE-26JUL25DCUTOR-DCU2TOR2,Draw 2-2,score_2_2,0.0539,0.08,,12.5,0.005152,kalshi_0.07p(1-p),0.085152,-0.031252,0.0,0.0,scheduled,2026-07-25T17:55:30.334620+00:00,,"scheduled run; SHADOW — observational, not a recommendation; degraded inputs: AVAILABILITY_COMPLETE,GOALKEEPER_CONFIRMED,LINEUP_CONFIRMED,PLAYER_DATA_FRESH"
2026-07-25-2049,mls,San Jose Earthquakes v LA Galaxy,2026-07-26T02:30Z,KXMLSSCORE-26JUL25SJLAG-SJ3LAG2,San Jose Earthquakes wins 3-2,score_3_2,0.0432,0.07,,14.2857,0.004557,kalshi_0.07p(1-p),0.074557,-0.031357,0.0,0.0,scheduled,2026-07-25T17:55:32.596192+00:00,,"scheduled run; SHADOW — observational, not a recommendation; degraded inputs: AVAILABILITY_COMPLETE,GOALKEEPER_CONFIRMED,LINEUP_CONFIRMED,PLAYER_DATA_FRESH"
2026-07-25-2049,mls,New York City FC v Chicago Fire FC,2026-07-25T23:30Z,KXMLSSCORE-26JUL25NYCCHI-NYC0CHI1,Chicago Fire wins 1-0,score_0_1,0.0537,0.08,,12.5,0.005152,kalshi_0.07p(1-p),0.085152,-0.031452,0.0,0.0,scheduled,2026-07-25T17:55:31.743943+00:00,,"scheduled run; SHADOW — observational, not a recommendation; degraded inputs: AVAILABILITY_COMPLETE,GOALKEEPER_CONFIRMED,LINEUP_CONFIRMED,PLAYER_DATA_FRESH"
2026-07-25-2049,mls,CF Montréal v Inter Miami CF,2026-07-25T23:30Z,KXMLSTEAMTOTAL-26JUL25MTLMIA-MIA1,Miami over 0.5 goals,away_team_over_0_5,0.8463,0.87,,1.1494,0.007917,kalshi_0.07p(1-p),0.877917,-0.031617,0.0,0.0,scheduled,2026-07-25T17:55:30.828400+00:00,,"scheduled run; SHADOW — observational, not a recommendation; degraded inputs: AVAILABILITY_COMPLETE,GOALKEEPER_CONFIRMED,LINEUP_CONFIRMED,PLAYER_DATA_FRESH"
2026-07-25-2049,mls,St. Louis CITY SC v Colorado Rapids,2026-07-26T00:30Z,KXMLSTOTAL-26JUL25STLCOL-2,Over 1.5 goals scored,over_1_5,0.7891,0.81,,1.2346,0.010773,kalshi_0.07p(1-p),0.820773,-0.031673,0.0,0.0,scheduled,2026-07-25T17:55:31.138240+00:00,,"scheduled run; SHADOW — observational, not a recommendation; degraded inputs: AVAILABILITY_COMPLETE,GOALKEEPER_CONFIRMED,LINEUP_CONFIRMED,PLAYER_DATA_FRESH"
2026-07-25-2049,mls,San Jose Earthquakes v LA Galaxy,2026-07-26T02:30Z,KXMLSSCORE-26JUL25SJLAG-SJ0LAG1,Los Angeles Galaxy wins 1-0,score_0_1,0.0428,0.07,,14.2857,0.004557,kalshi_0.07p(1-p),0.074557,-0.031757,0.0,0.0,scheduled,2026-07-25T17:55:32.596192+00:00,,"scheduled run; SHADOW — observational, not a recommendation; degraded inputs: AVAILABILITY_COMPLETE,GOALKEEPER_CONFIRMED,LINEUP_CONFIRMED,PLAYER_DATA_FRESH"
2026-07-25-2049,mls,San Jose Earthquakes v LA Galaxy,2026-07-26T02:30Z,KXMLSTEAMTOTAL-26JUL25SJLAG-LAG3,Los Angeles G over 2.5 goals,away_team_over_2_5,0.1585,0.18,,5.5556,0.010332,kalshi_0.07p(1-p),0.190332,-0.031832,0.0,0.0,scheduled,2026-07-25T17:55:32.596192+00:00,,"scheduled run; SHADOW — observational, not a recommendation; degraded inputs: AVAILABILITY_COMPLETE,GOALKEEPER_CONFIRMED,LINEUP_CONFIRMED,PLAYER_DATA_FRESH"
2026-07-25-2049,mls,Orlando City SC v Nashville SC,2026-07-25T23:30Z,KXMLSFTTS-26JUL25ORLNSH-ORL,Orlando City SC,home_first_goal,0.4655,0.48,,2.0833,0.017472,kalshi_0.07p(1-p),0.497472,-0.031972,0.0,0.0,scheduled,2026-07-25T17:55:31.849380+00:00,,"scheduled run; SHADOW — observational, not a recommendation; degraded inputs: AVAILABILITY_COMPLETE,GOALKEEPER_CONFIRMED,LINEUP_CONFIRMED,PLAYER_DATA_FRESH"
2026-07-25-2049,mls,Houston Dynamo FC v Austin FC,2026-07-26T00:30Z,KXMLSTEAMTOTAL-26JUL25HOUATX-HOU3,Houston over 2.5 goals,home_team_over_2_5,0.2724,0.29,,3.4483,0.014413,kalshi_0.07p(1-p),0.304413,-0.032013,0.0,0.0,scheduled,2026-07-25T17:55:31.429688+00:00,,"scheduled run; SHADOW — observational, not a recommendation; degraded inputs: AVAILABILITY_COMPLETE,GOALKEEPER_CONFIRMED,LINEUP_CONFIRMED,PLAYER_DATA_FRESH"
2026-07-25-2049,mls,Orlando City SC v Nashville SC,2026-07-25T23:30Z,KXMLSGAME-26JUL25ORLNSH-NSH,Nashville,away_win,0.3948,0.41,0.407035,2.439,0.016933,kalshi_0.07p(1-p),0.426933,-0.032133,0.0,0.0,scheduled,2026-07-25T17:55:31.849380+00:00,,"scheduled run; SHADOW — observational, not a recommendation; bid/ask midpoints, overround 0.9950; degraded inputs: AVAILABILITY_COMPLETE,GOALKEEPER_CONFIRMED,LINEUP_CONFIRMED,PLAYER_DATA_FRESH"
2026-07-25-2049,mls,Minnesota United FC v Vancouver Whitecaps,2026-07-26T00:30Z,KXMLSSPREAD-26JUL25MINVAN-VAN3,Vancouver wins by more than 2.5 goals,away_margin_3,0.0951,0.12,,8.3333,0.007392,kalshi_0.07p(1-p),0.127392,-0.032292,0.0,0.0,scheduled,2026-07-25T17:55:30.465566+00:00,,"scheduled run; SHADOW — observational, not a recommendation; degraded inputs: AVAILABILITY_COMPLETE,GOALKEEPER_CONFIRMED,LINEUP_CONFIRMED,PLAYER_DATA_FRESH"
2026-07-25-2049,mls,San Jose Earthquakes v LA Galaxy,2026-07-26T02:30Z,KXMLSTOTAL-26JUL25SJLAG-5,Over 4.5 goals scored,over_4_5,0.2511,0.27,,3.7037,0.013797,kalshi_0.07p(1-p),0.283797,-0.032697,0.0,0.0,scheduled,2026-07-25T17:55:32.596192+00:00,,"scheduled run; SHADOW — observational, not a recommendation; degraded inputs: AVAILABILITY_COMPLETE,GOALKEEPER_CONFIRMED,LINEUP_CONFIRMED,PLAYER_DATA_FRESH"
2026-07-25-2049,mls,Portland Timbers v Real Salt Lake,2026-07-26T02:30Z,KXMLSSCORE-26JUL25PORRSL-POR1RSL1,Draw 1-1,score_1_1,0.0946,0.12,,8.3333,0.007392,kalshi_0.07p(1-p),0.127392,-0.032792,0.0,0.0,scheduled,2026-07-25T17:55:32.210829+00:00,,"scheduled run; SHADOW — observational, not a recommendation; degraded inputs: AVAILABILITY_COMPLETE,GOALKEEPER_CONFIRMED,LINEUP_CONFIRMED,PLAYER_DATA_FRESH"
2026-07-25-2049,mls,D.C. United v Toronto FC,2026-07-25T23:30Z,KXMLSTEAMTOTAL-26JUL25DCUTOR-DCU3,DC United over 2.5 goals,home_team_over_2_5,0.2096,0.23,,4.3478,0.012397,kalshi_0.07p(1-p),0.242397,-0.032797,0.0,0.0,scheduled,2026-07-25T17:55:30.334620+00:00,,"scheduled run; SHADOW — observational, not a recommendation; wide spread 5c; degraded inputs: AVAILABILITY_COMPLETE,GOALKEEPER_CONFIRMED,LINEUP_CONFIRMED,PLAYER_DATA_FRESH"
2026-07-25-2049,mls,San Jose Earthquakes v LA Galaxy,2026-07-26T02:30Z,KXMLSFTTS-26JUL25SJLAG-SJ,San Jose Earthquakes,home_first_goal,0.5741,0.59,,1.6949,0.016933,kalshi_0.07p(1-p),0.606933,-0.032833,0.0,0.0,scheduled,2026-07-25T17:55:32.596192+00:00,,"scheduled run; SHADOW — observational, not a recommendation; degraded inputs: AVAILABILITY_COMPLETE,GOALKEEPER_CONFIRMED,LINEUP_CONFIRMED,PLAYER_DATA_FRESH"
2026-07-25-2049,mls,Philadelphia Union v Seattle Sounders FC,2026-07-25T23:30Z,KXMLSSCORE-26JUL25PHISEA-PHI2SEA0,Philadelphia Union wins 2-0,score_2_0,0.0627,0.09,,11.1111,0.005733,kalshi_0.07p(1-p),0.095733,-0.033033,0.0,0.0,scheduled,2026-07-25T17:55:32.485996+00:00,,"scheduled run; SHADOW — observational, not a recommendation; degraded inputs: AVAILABILITY_COMPLETE,GOALKEEPER_CONFIRMED,LINEUP_CONFIRMED,PLAYER_DATA_FRESH"
2026-07-25-2049,mls,New England Revolution v Atlanta United FC,2026-07-25T23:30Z,KXMLSFTTS-26JUL25NEATL-NONE,No Goal,no_goal,0.0415,0.07,,14.2857,0.004557,kalshi_0.07p(1-p),0.074557,-0.033057,0.0,0.0,scheduled,2026-07-25T17:55:31.627771+00:00,,"scheduled run; SHADOW — observational, not a recommendation; degraded inputs: AVAILABILITY_COMPLETE,GOALKEEPER_CONFIRMED,LINEUP_CONFIRMED,PLAYER_DATA_FRESH"
2026-07-25-2049,mls,New England Revolution v Atlanta United FC,2026-07-25T23:30Z,KXMLSSCORE-26JUL25NEATL-NE1ATL0,New England Revolution wins 1-0,score_1_0,0.0729,0.1,,10.0,0.0063,kalshi_0.07p(1-p),0.1063,-0.0334,0.0,0.0,scheduled,2026-07-25T17:55:31.627771+00:00,,"scheduled run; SHADOW — observational, not a recommendation; degraded inputs: AVAILABILITY_COMPLETE,GOALKEEPER_CONFIRMED,LINEUP_CONFIRMED,PLAYER_DATA_FRESH"
2026-07-25-2049,mls,Portland Timbers v Real Salt Lake,2026-07-26T02:30Z,KXMLSTEAMTOTAL-26JUL25PORRSL-RSL1,Salt Lake over 0.5 goals,away_team_over_0_5,0.7968,0.82,,1.2195,0.010332,kalshi_0.07p(1-p),0.830332,-0.033532,0.0,0.0,scheduled,2026-07-25T17:55:32.210829+00:00,,"scheduled run; SHADOW — observational, not a recommendation; degraded inputs: AVAILABILITY_COMPLETE,GOALKEEPER_CONFIRMED,LINEUP_CONFIRMED,PLAYER_DATA_FRESH"
2026-07-25-2049,mls,Portland Timbers v Real Salt Lake,2026-07-26T02:30Z,KXMLSSCORE-26JUL25PORRSL-POR3RSL1,Portland Timbers wins 3-1,score_3_1,0.0513,0.08,,12.5,0.005152,kalshi_0.07p(1-p),0.085152,-0.033852,0.0,0.0,scheduled,2026-07-25T17:55:32.210829+00:00,,"scheduled run; SHADOW — observational, not a recommendation; degraded inputs: AVAILABILITY_COMPLETE,GOALKEEPER_CONFIRMED,LINEUP_CONFIRMED,PLAYER_DATA_FRESH"
2026-07-25-2049,mls,New England Revolution v Atlanta United FC,2026-07-25T23:30Z,KXMLSSCORE-26JUL25NEATL-NE0ATL0,Draw 0-0,score_0_0,0.0407,0.07,,14.2857,0.004557,kalshi_0.07p(1-p),0.074557,-0.033857,0.0,0.0,scheduled,2026-07-25T17:55:31.627771+00:00,,"scheduled run; SHADOW — observational, not a recommendation; degraded inputs: AVAILABILITY_COMPLETE,GOALKEEPER_CONFIRMED,LINEUP_CONFIRMED,PLAYER_DATA_FRESH"
2026-07-25-2049,mls,Red Bull New York v Charlotte FC,2026-07-25T22:30Z,KXMLSTEAMTOTAL-26JUL25NYRBCLT-NYRB1,New York RB over 0.5 goals,home_team_over_0_5,0.8343,0.86,,1.1628,0.008428,kalshi_0.07p(1-p),0.868428,-0.034128,0.0,0.0,scheduled,2026-07-25T17:55:32.099701+00:00,,"scheduled run; SHADOW — observational, not a recommendation; degraded inputs: AVAILABILITY_COMPLETE,GOALKEEPER_CONFIRMED,LINEUP_CONFIRMED,PLAYER_DATA_FRESH"
2026-07-25-2049,mls,CF Montréal v Inter Miami CF,2026-07-25T23:30Z,KXMLSSCORE-26JUL25MTLMIA-MTL0MIA2,Inter Miami CF wins 2-0,score_0_2,0.04,0.07,,14.2857,0.004557,kalshi_0.07p(1-p),0.074557,-0.034557,0.0,0.0,scheduled,2026-07-25T17:55:30.828400+00:00,,"scheduled run; SHADOW — observational, not a recommendation; degraded inputs: AVAILABILITY_COMPLETE,GOALKEEPER_CONFIRMED,LINEUP_CONFIRMED,PLAYER_DATA_FRESH"
2026-07-25-2049,mls,San Diego FC v FC Dallas,2026-07-26T01:30Z,KXMLSTEAMTOTAL-26JUL25SDDAL-SD1,San Diego FC over 0.5 goals,home_team_over_0_5,0.8338,0.86,,1.1628,0.008428,kalshi_0.07p(1-p),0.868428,-0.034628,0.0,0.0,scheduled,2026-07-25T17:55:30.585487+00:00,,"scheduled run; SHADOW — observational, not a recommendation; degraded inputs: AVAILABILITY_COMPLETE,GOALKEEPER_CONFIRMED,LINEUP_CONFIRMED,PLAYER_DATA_FRESH"
2026-07-25-2049,mls,New York City FC v Chicago Fire FC,2026-07-25T23:30Z,KXMLSSCORE-26JUL25NYCCHI-NYC1CHI1,Draw 1-1,score_1_1,0.103,0.13,,7.6923,0.007917,kalshi_0.07p(1-p),0.137917,-0.034917,0.0,0.0,scheduled,2026-07-25T17:55:31.743943+00:00,,"scheduled run; SHADOW — observational, not a recommendation; degraded inputs: AVAILABILITY_COMPLETE,GOALKEEPER_CONFIRMED,LINEUP_CONFIRMED,PLAYER_DATA_FRESH"
2026-07-25-2049,mls,Houston Dynamo FC v Austin FC,2026-07-26T00:30Z,KXMLSSPREAD-26JUL25HOUATX-HOU2,Houston wins by more than 1.5 goals,home_margin_2,0.3105,0.33,,3.0303,0.015477,kalshi_0.07p(1-p),0.345477,-0.034977,0.0,0.0,scheduled,2026-07-25T17:55:31.429688+00:00,,"scheduled run; SHADOW — observational, not a recommendation; degraded inputs: AVAILABILITY_COMPLETE,GOALKEEPER_CONFIRMED,LINEUP_CONFIRMED,PLAYER_DATA_FRESH"
2026-07-25-2049,mls,Houston Dynamo FC v Austin FC,2026-07-26T00:30Z,KXMLSTEAMTOTAL-26JUL25HOUATX-ATX1,Austin over 0.5 goals,away_team_over_0_5,0.65,0.67,,1.4925,0.015477,kalshi_0.07p(1-p),0.685477,-0.035477,0.0,0.0,scheduled,2026-07-25T17:55:31.429688+00:00,,"scheduled run; SHADOW — observational, not a recommendation; wide spread 5c; degraded inputs: AVAILABILITY_COMPLETE,GOALKEEPER_CONFIRMED,LINEUP_CONFIRMED,PLAYER_DATA_FRESH"
2026-07-25-2049,mls,Orlando City SC v Nashville SC,2026-07-25T23:30Z,KXMLSTEAMTOTAL-26JUL25ORLNSH-NSH3,Nashville over 2.5 goals,away_team_over_2_5,0.2377,0.26,,3.8462,0.013468,kalshi_0.07p(1-p),0.273468,-0.035768,0.0,0.0,scheduled,2026-07-25T17:55:31.849380+00:00,,"scheduled run; SHADOW — observational, not a recommendation; degraded inputs: AVAILABILITY_COMPLETE,GOALKEEPER_CONFIRMED,LINEUP_CONFIRMED,PLAYER_DATA_FRESH"
2026-07-25-2049,mls,Houston Dynamo FC v Austin FC,2026-07-26T00:30Z,KXMLSTEAMTOTAL-26JUL25HOUATX-HOU1,Houston over 0.5 goals,home_team_over_0_5,0.8325,0.86,,1.1628,0.008428,kalshi_0.07p(1-p),0.868428,-0.035928,0.0,0.0,scheduled,2026-07-25T17:55:31.429688+00:00,,"scheduled run; SHADOW — observational, not a recommendation; degraded inputs: AVAILABILITY_COMPLETE,GOALKEEPER_CONFIRMED,LINEUP_CONFIRMED,PLAYER_DATA_FRESH"
2026-07-25-2049,mls,D.C. United v Toronto FC,2026-07-25T23:30Z,KXMLSTOTAL-26JUL25DCUTOR-4,Over 3.5 goals scored,over_3_5,0.2993,0.32,,3.125,0.015232,kalshi_0.07p(1-p),0.335232,-0.035932,0.0,0.0,scheduled,2026-07-25T17:55:30.334620+00:00,,"scheduled run; SHADOW — observational, not a recommendation; degraded inputs: AVAILABILITY_COMPLETE,GOALKEEPER_CONFIRMED,LINEUP_CONFIRMED,PLAYER_DATA_FRESH"
2026-07-25-2049,mls,New England Revolution v Atlanta United FC,2026-07-25T23:30Z,KXMLSGAME-26JUL25NEATL-NE,New England,home_win,0.4304,0.45,0.447236,2.2222,0.017325,kalshi_0.07p(1-p),0.467325,-0.036925,0.0,0.0,scheduled,2026-07-25T17:55:31.627771+00:00,,"scheduled run; SHADOW — observational, not a recommendation; bid/ask midpoints, overround 0.9950; degraded inputs: AVAILABILITY_COMPLETE,GOALKEEPER_CONFIRMED,LINEUP_CONFIRMED,PLAYER_DATA_FRESH"
2026-07-25-2049,mls,San Jose Earthquakes v LA Galaxy,2026-07-26T02:30Z,KXMLSTOTAL-26JUL25SJLAG-3,Over 2.5 goals scored,over_2_5,0.6582,0.68,,1.4706,0.015232,kalshi_0.07p(1-p),0.695232,-0.037032,0.0,0.0,scheduled,2026-07-25T17:55:32.596192+00:00,,"scheduled run; SHADOW — observational, not a recommendation; degraded inputs: AVAILABILITY_COMPLETE,GOALKEEPER_CONFIRMED,LINEUP_CONFIRMED,PLAYER_DATA_FRESH"
2026-07-25-2049,mls,Orlando City SC v Nashville SC,2026-07-25T23:30Z,KXMLSTEAMTOTAL-26JUL25ORLNSH-NSH2,Nashville over 1.5 goals,away_team_over_1_5,0.5104,0.53,,1.8868,0.017437,kalshi_0.07p(1-p),0.547437,-0.037037,0.0,0.0,scheduled,2026-07-25T17:55:31.849380+00:00,,"scheduled run; SHADOW — observational, not a recommendation; wide spread 5c; degraded inputs: AVAILABILITY_COMPLETE,GOALKEEPER_CONFIRMED,LINEUP_CONFIRMED,PLAYER_DATA_FRESH"
2026-07-25-2049,mls,Houston Dynamo FC v Austin FC,2026-07-26T00:30Z,KXMLSBTTS-26JUL25HOUATX-BTTS,Both Teams To Score,btts,0.5402,0.56,,1.7857,0.017248,kalshi_0.07p(1-p),0.577248,-0.037048,0.0,0.0,scheduled,2026-07-25T17:55:31.429688+00:00,,"scheduled run; SHADOW — observational, not a recommendation; degraded inputs: AVAILABILITY_COMPLETE,GOALKEEPER_CONFIRMED,LINEUP_CONFIRMED,PLAYER_DATA_FRESH"
2026-07-25-2049,mls,Orlando City SC v Nashville SC,2026-07-25T23:30Z,KXMLSSCORE-26JUL25ORLNSH-ORL1NSH1,Draw 1-1,score_1_1,0.1007,0.13,,7.6923,0.007917,kalshi_0.07p(1-p),0.137917,-0.037217,0.0,0.0,scheduled,2026-07-25T17:55:31.849380+00:00,,"scheduled run; SHADOW — observational, not a recommendation; degraded inputs: AVAILABILITY_COMPLETE,GOALKEEPER_CONFIRMED,LINEUP_CONFIRMED,PLAYER_DATA_FRESH"
2026-07-25-2049,mls,D.C. United v Toronto FC,2026-07-25T23:30Z,KXMLSTOTAL-26JUL25DCUTOR-2,Over 1.5 goals scored,over_1_5,0.7546,0.78,,1.2821,0.012012,kalshi_0.07p(1-p),0.792012,-0.037412,0.0,0.0,scheduled,2026-07-25T17:55:30.334620+00:00,,"scheduled run; SHADOW — observational, not a recommendation; degraded inputs: AVAILABILITY_COMPLETE,GOALKEEPER_CONFIRMED,LINEUP_CONFIRMED,PLAYER_DATA_FRESH"
2026-07-25-2049,mls,San Jose Earthquakes v LA Galaxy,2026-07-26T02:30Z,KXMLSTEAMTOTAL-26JUL25SJLAG-SJ2,San Jose over 1.5 goals,home_team_over_1_5,0.599,0.62,,1.6129,0.016492,kalshi_0.07p(1-p),0.636492,-0.037492,0.0,0.0,scheduled,2026-07-25T17:55:32.596192+00:00,,"scheduled run; SHADOW — observational, not a recommendation; degraded inputs: AVAILABILITY_COMPLETE,GOALKEEPER_CONFIRMED,LINEUP_CONFIRMED,PLAYER_DATA_FRESH"
2026-07-25-2049,mls,San Jose Earthquakes v LA Galaxy,2026-07-26T02:30Z,KXMLSBTTS-26JUL25SJLAG-BTTS,Both Teams To Score,btts,0.6475,0.67,,1.4925,0.015477,kalshi_0.07p(1-p),0.685477,-0.037977,0.0,0.0,scheduled,2026-07-25T17:55:32.596192+00:00,,"scheduled run; SHADOW — observational, not a recommendation; degraded inputs: AVAILABILITY_COMPLETE,GOALKEEPER_CONFIRMED,LINEUP_CONFIRMED,PLAYER_DATA_FRESH"
2026-07-25-2049,mls,St. Louis CITY SC v Colorado Rapids,2026-07-26T00:30Z,KXMLSGAME-26JUL25STLCOL-STL,Saint Louis,home_win,0.4694,0.49,0.482587,2.0408,0.017493,kalshi_0.07p(1-p),0.507493,-0.038093,0.0,0.0,scheduled,2026-07-25T17:55:31.138240+00:00,,"scheduled run; SHADOW — observational, not a recommendation; bid/ask midpoints, overround 1.0050; degraded inputs: AVAILABILITY_COMPLETE,GOALKEEPER_CONFIRMED,LINEUP_CONFIRMED,PLAYER_DATA_FRESH"
2026-07-25-2049,mls,Portland Timbers v Real Salt Lake,2026-07-26T02:30Z,KXMLSTOTAL-26JUL25PORRSL-4,Over 3.5 goals scored,over_3_5,0.4493,0.47,,2.1277,0.017437,kalshi_0.07p(1-p),0.487437,-0.038137,0.0,0.0,scheduled,2026-07-25T17:55:32.210829+00:00,,"scheduled run; SHADOW — observational, not a recommendation; degraded inputs: AVAILABILITY_COMPLETE,GOALKEEPER_CONFIRMED,LINEUP_CONFIRMED,PLAYER_DATA_FRESH"
2026-07-25-2049,mls,New England Revolution v Atlanta United FC,2026-07-25T23:30Z,KXMLSSCORE-26JUL25NEATL-NE1ATL1,Draw 1-1,score_1_1,0.0995,0.13,,7.6923,0.007917,kalshi_0.07p(1-p),0.137917,-0.038417,0.0,0.0,scheduled,2026-07-25T17:55:31.627771+00:00,,"scheduled run; SHADOW — observational, not a recommendation; degraded inputs: AVAILABILITY_COMPLETE,GOALKEEPER_CONFIRMED,LINEUP_CONFIRMED,PLAYER_DATA_FRESH"
2026-07-25-2049,mls,Red Bull New York v Charlotte FC,2026-07-25T22:30Z,KXMLSFTTS-26JUL25NYRBCLT-NYRB,New York Red Bulls,home_first_goal,0.5082,0.53,,1.8868,0.017437,kalshi_0.07p(1-p),0.547437,-0.039237,0.0,0.0,scheduled,2026-07-25T17:55:32.099701+00:00,,"scheduled run; SHADOW — observational, not a recommendation; degraded inputs: AVAILABILITY_COMPLETE,GOALKEEPER_CONFIRMED,LINEUP_CONFIRMED,PLAYER_DATA_FRESH"
2026-07-25-2049,mls,San Jose Earthquakes v LA Galaxy,2026-07-26T02:30Z,KXMLSTEAMTOTAL-26JUL25SJLAG-LAG2,Los Angeles G over 1.5 goals,away_team_over_1_5,0.3975,0.42,,2.381,0.017052,kalshi_0.07p(1-p),0.437052,-0.039552,0.0,0.0,scheduled,2026-07-25T17:55:32.596192+00:00,,"scheduled run; SHADOW — observational, not a recommendation; degraded inputs: AVAILABILITY_COMPLETE,GOALKEEPER_CONFIRMED,LINEUP_CONFIRMED,PLAYER_DATA_FRESH"
2026-07-25-2049,mls,Houston Dynamo FC v Austin FC,2026-07-26T00:30Z,KXMLSFTTS-26JUL25HOUATX-NONE,No Goal,no_goal,0.0559,0.09,,11.1111,0.005733,kalshi_0.07p(1-p),0.095733,-0.039833,0.0,0.0,scheduled,2026-07-25T17:55:31.429688+00:00,,"scheduled run; SHADOW — observational, not a recommendation; degraded inputs: AVAILABILITY_COMPLETE,GOALKEEPER_CONFIRMED,LINEUP_CONFIRMED,PLAYER_DATA_FRESH"
2026-07-25-2049,mls,San Jose Earthquakes v LA Galaxy,2026-07-26T02:30Z,KXMLSTOTAL-26JUL25SJLAG-4,Over 3.5 goals scored,over_3_5,0.4375,0.46,,2.1739,0.017388,kalshi_0.07p(1-p),0.477388,-0.039888,0.0,0.0,scheduled,2026-07-25T17:55:32.596192+00:00,,"scheduled run; SHADOW — observational, not a recommendation; degraded inputs: AVAILABILITY_COMPLETE,GOALKEEPER_CONFIRMED,LINEUP_CONFIRMED,PLAYER_DATA_FRESH"
2026-07-25-2049,mls,Red Bull New York v Charlotte FC,2026-07-25T22:30Z,KXMLSTEAMTOTAL-26JUL25NYRBCLT-NYRB2,New York RB over 1.5 goals,home_team_over_1_5,0.5469,0.57,,1.7544,0.017157,kalshi_0.07p(1-p),0.587157,-0.040257,0.0,0.0,scheduled,2026-07-25T17:55:32.099701+00:00,,"scheduled run; SHADOW — observational, not a recommendation; degraded inputs: AVAILABILITY_COMPLETE,GOALKEEPER_CONFIRMED,LINEUP_CONFIRMED,PLAYER_DATA_FRESH"
2026-07-25-2049,mls,D.C. United v Toronto FC,2026-07-25T23:30Z,KXMLSTEAMTOTAL-26JUL25DCUTOR-DCU2,DC United over 1.5 goals,home_team_over_1_5,0.4572,0.48,,2.0833,0.017472,kalshi_0.07p(1-p),0.497472,-0.040272,0.0,0.0,scheduled,2026-07-25T17:55:30.334620+00:00,,"scheduled run; SHADOW — observational, not a recommendation; degraded inputs: AVAILABILITY_COMPLETE,GOALKEEPER_CONFIRMED,LINEUP_CONFIRMED,PLAYER_DATA_FRESH"
2026-07-25-2049,mls,CF Montréal v Inter Miami CF,2026-07-25T23:30Z,KXMLSTEAMTOTAL-26JUL25MTLMIA-MIA2,Miami over 1.5 goals,away_team_over_1_5,0.5666,0.59,,1.6949,0.016933,kalshi_0.07p(1-p),0.606933,-0.040333,0.0,0.0,scheduled,2026-07-25T17:55:30.828400+00:00,,"scheduled run; SHADOW — observational, not a recommendation; degraded inputs: AVAILABILITY_COMPLETE,GOALKEEPER_CONFIRMED,LINEUP_CONFIRMED,PLAYER_DATA_FRESH"
2026-07-25-2049,mls,D.C. United v Toronto FC,2026-07-25T23:30Z,KXMLSTOTAL-26JUL25DCUTOR-3,Over 2.5 goals scored,over_2_5,0.517,0.54,,1.8519,0.017388,kalshi_0.07p(1-p),0.557388,-0.040388,0.0,0.0,scheduled,2026-07-25T17:55:30.334620+00:00,,"scheduled run; SHADOW — observational, not a recommendation; degraded inputs: AVAILABILITY_COMPLETE,GOALKEEPER_CONFIRMED,LINEUP_CONFIRMED,PLAYER_DATA_FRESH"
2026-07-25-2049,mls,San Jose Earthquakes v LA Galaxy,2026-07-26T02:30Z,KXMLSTEAMTOTAL-26JUL25SJLAG-SJ3,San Jose over 2.5 goals,home_team_over_2_5,0.3255,0.35,,2.8571,0.015925,kalshi_0.07p(1-p),0.365925,-0.040425,0.0,0.0,scheduled,2026-07-25T17:55:32.596192+00:00,,"scheduled run; SHADOW — observational, not a recommendation; degraded inputs: AVAILABILITY_COMPLETE,GOALKEEPER_CONFIRMED,LINEUP_CONFIRMED,PLAYER_DATA_FRESH"
2026-07-25-2049,mls,St. Louis CITY SC v Colorado Rapids,2026-07-26T00:30Z,KXMLSTOTAL-26JUL25STLCOL-3,Over 2.5 goals scored,over_2_5,0.556,0.58,,1.7241,0.017052,kalshi_0.07p(1-p),0.597052,-0.041052,0.0,0.0,scheduled,2026-07-25T17:55:31.138240+00:00,,"scheduled run; SHADOW — observational, not a recommendation; degraded inputs: AVAILABILITY_COMPLETE,GOALKEEPER_CONFIRMED,LINEUP_CONFIRMED,PLAYER_DATA_FRESH"
2026-07-25-2049,mls,Orlando City SC v Nashville SC,2026-07-25T23:30Z,KXMLSFTTS-26JUL25ORLNSH-NSH,Nashville SC,away_first_goal,0.496,0.52,,1.9231,0.017472,kalshi_0.07p(1-p),0.537472,-0.041472,0.0,0.0,scheduled,2026-07-25T17:55:31.849380+00:00,,"scheduled run; SHADOW — observational, not a recommendation; degraded inputs: AVAILABILITY_COMPLETE,GOALKEEPER_CONFIRMED,LINEUP_CONFIRMED,PLAYER_DATA_FRESH"
2026-07-25-2049,mls,Orlando City SC v Nashville SC,2026-07-25T23:30Z,KXMLSTEAMTOTAL-26JUL25ORLNSH-NSH1,Nashville over 0.5 goals,away_team_over_0_5,0.8168,0.85,,1.1765,0.008925,kalshi_0.07p(1-p),0.858925,-0.042125,0.0,0.0,scheduled,2026-07-25T17:55:31.849380+00:00,,"scheduled run; SHADOW — observational, not a recommendation; degraded inputs: AVAILABILITY_COMPLETE,GOALKEEPER_CONFIRMED,LINEUP_CONFIRMED,PLAYER_DATA_FRESH"
2026-07-25-2049,mls,CF Montréal v Inter Miami CF,2026-07-25T23:30Z,KXMLSSPREAD-26JUL25MTLMIA-MIA2,Miami wins by more than 1.5 goals,away_margin_2,0.2205,0.25,,4.0,0.013125,kalshi_0.07p(1-p),0.263125,-0.042625,0.0,0.0,scheduled,2026-07-25T17:55:30.828400+00:00,,"scheduled run; SHADOW — observational, not a recommendation; degraded inputs: AVAILABILITY_COMPLETE,GOALKEEPER_CONFIRMED,LINEUP_CONFIRMED,PLAYER_DATA_FRESH"
2026-07-25-2049,mls,Red Bull New York v Charlotte FC,2026-07-25T22:30Z,KXMLSBTTS-26JUL25NYRBCLT-BTTS,Both Teams To Score,btts,0.6686,0.7,,1.4286,0.0147,kalshi_0.07p(1-p),0.7147,-0.0461,0.0,0.0,scheduled,2026-07-25T17:55:32.099701+00:00,,"scheduled run; SHADOW — observational, not a recommendation; degraded inputs: AVAILABILITY_COMPLETE,GOALKEEPER_CONFIRMED,LINEUP_CONFIRMED,PLAYER_DATA_FRESH"
2026-07-25-2049,mls,St. Louis CITY SC v Colorado Rapids,2026-07-26T00:30Z,KXMLSTEAMTOTAL-26JUL25STLCOL-STL1,Saint Louis over 0.5 goals,home_team_over_0_5,0.8223,0.86,,1.1628,0.008428,kalshi_0.07p(1-p),0.868428,-0.046128,0.0,0.0,scheduled,2026-07-25T17:55:31.138240+00:00,,"scheduled run; SHADOW — observational, not a recommendation; degraded inputs: AVAILABILITY_COMPLETE,GOALKEEPER_CONFIRMED,LINEUP_CONFIRMED,PLAYER_DATA_FRESH"
2026-07-25-2049,mls,D.C. United v Toronto FC,2026-07-25T23:30Z,KXMLSFTTS-26JUL25DCUTOR-DCU,DC United,home_first_goal,0.5303,0.56,,1.7857,0.017248,kalshi_0.07p(1-p),0.577248,-0.046948,0.0,0.0,scheduled,2026-07-25T17:55:30.334620+00:00,,"scheduled run; SHADOW — observational, not a recommendation; wide spread 5c; degraded inputs: AVAILABILITY_COMPLETE,GOALKEEPER_CONFIRMED,LINEUP_CONFIRMED,PLAYER_DATA_FRESH"
2026-07-25-2049,mls,St. Louis CITY SC v Colorado Rapids,2026-07-26T00:30Z,KXMLSTEAMTOTAL-26JUL25STLCOL-COL3,Colorado over 2.5 goals,away_team_over_2_5,0.1119,0.15,,6.6667,0.008925,kalshi_0.07p(1-p),0.158925,-0.047025,0.0,0.0,scheduled,2026-07-25T17:55:31.138240+00:00,,"scheduled run; SHADOW — observational, not a recommendation; degraded inputs: AVAILABILITY_COMPLETE,GOALKEEPER_CONFIRMED,LINEUP_CONFIRMED,PLAYER_DATA_FRESH"
2026-07-25-2049,mls,Portland Timbers v Real Salt Lake,2026-07-26T02:30Z,KXMLSGAME-26JUL25PORRSL-RSL,Salt Lake,away_win,0.3386,0.37,0.366834,2.7027,0.016317,kalshi_0.07p(1-p),0.386317,-0.047717,0.0,0.0,scheduled,2026-07-25T17:55:32.210829+00:00,,"scheduled run; SHADOW — observational, not a recommendation; bid/ask midpoints, overround 0.9950; degraded inputs: AVAILABILITY_COMPLETE,GOALKEEPER_CONFIRMED,LINEUP_CONFIRMED,PLAYER_DATA_FRESH"
2026-07-25-2049,mls,St. Louis CITY SC v Colorado Rapids,2026-07-26T00:30Z,KXMLSTOTAL-26JUL25STLCOL-4,Over 3.5 goals scored,over_3_5,0.3282,0.36,,2.7778,0.016128,kalshi_0.07p(1-p),0.376128,-0.047928,0.0,0.0,scheduled,2026-07-25T17:55:31.138240+00:00,,"scheduled run; SHADOW — observational, not a recommendation; degraded inputs: AVAILABILITY_COMPLETE,GOALKEEPER_CONFIRMED,LINEUP_CONFIRMED,PLAYER_DATA_FRESH"
2026-07-25-2049,mls,San Jose Earthquakes v LA Galaxy,2026-07-26T02:30Z,KXMLSTEAMTOTAL-26JUL25SJLAG-LAG1,Los Angeles G over 0.5 goals,away_team_over_0_5,0.7435,0.78,,1.2821,0.012012,kalshi_0.07p(1-p),0.792012,-0.048512,0.0,0.0,scheduled,2026-07-25T17:55:32.596192+00:00,,"scheduled run; SHADOW — observational, not a recommendation; degraded inputs: AVAILABILITY_COMPLETE,GOALKEEPER_CONFIRMED,LINEUP_CONFIRMED,PLAYER_DATA_FRESH"
2026-07-25-2049,mls,D.C. United v Toronto FC,2026-07-25T23:30Z,KXMLSTEAMTOTAL-26JUL25DCUTOR-DCU1,DC United over 0.5 goals,home_team_over_0_5,0.7812,0.82,,1.2195,0.010332,kalshi_0.07p(1-p),0.830332,-0.049132,0.0,0.0,scheduled,2026-07-25T17:55:30.334620+00:00,,"scheduled run; SHADOW — observational, not a recommendation; degraded inputs: AVAILABILITY_COMPLETE,GOALKEEPER_CONFIRMED,LINEUP_CONFIRMED,PLAYER_DATA_FRESH"
2026-07-25-2049,mls,Portland Timbers v Real Salt Lake,2026-07-26T02:30Z,KXMLSBTTS-26JUL25PORRSL-BTTS,Both Teams To Score,btts,0.6654,0.7,,1.4286,0.0147,kalshi_0.07p(1-p),0.7147,-0.0493,0.0,0.0,scheduled,2026-07-25T17:55:32.210829+00:00,,"scheduled run; SHADOW — observational, not a recommendation; degraded inputs: AVAILABILITY_COMPLETE,GOALKEEPER_CONFIRMED,LINEUP_CONFIRMED,PLAYER_DATA_FRESH"
2026-07-25-2049,mls,D.C. United v Toronto FC,2026-07-25T23:30Z,KXMLSFTTS-26JUL25DCUTOR-TOR,Toronto FC,away_first_goal,0.4068,0.44,,2.2727,0.017248,kalshi_0.07p(1-p),0.457248,-0.050448,0.0,0.0,scheduled,2026-07-25T17:55:30.334620+00:00,,"scheduled run; SHADOW — observational, not a recommendation; wide spread 6c; degraded inputs: AVAILABILITY_COMPLETE,GOALKEEPER_CONFIRMED,LINEUP_CONFIRMED,PLAYER_DATA_FRESH"
2026-07-25-2049,mls,Red Bull New York v Charlotte FC,2026-07-25T22:30Z,KXMLSGAME-26JUL25NYRBCLT-NYRB,New York RB,home_win,0.4058,0.44,0.432836,2.2727,0.017248,kalshi_0.07p(1-p),0.457248,-0.051448,0.0,0.0,scheduled,2026-07-25T17:55:32.099701+00:00,,"scheduled run; SHADOW — observational, not a recommendation; bid/ask midpoints, overround 1.0050; degraded inputs: AVAILABILITY_COMPLETE,GOALKEEPER_CONFIRMED,LINEUP_CONFIRMED,PLAYER_DATA_FRESH"
2026-07-25-2049,mls,Houston Dynamo FC v Austin FC,2026-07-26T00:30Z,KXMLSTEAMTOTAL-26JUL25HOUATX-HOU2,Houston over 1.5 goals,home_team_over_1_5,0.5349,0.57,,1.7544,0.017157,kalshi_0.07p(1-p),0.587157,-0.052257,0.0,0.0,scheduled,2026-07-25T17:55:31.429688+00:00,,"scheduled run; SHADOW — observational, not a recommendation; degraded inputs: AVAILABILITY_COMPLETE,GOALKEEPER_CONFIRMED,LINEUP_CONFIRMED,PLAYER_DATA_FRESH"
2026-07-25-2049,mls,New York City FC v Chicago Fire FC,2026-07-25T23:30Z,KXMLSGAME-26JUL25NYCCHI-CHI,Chicago Fire,away_win,0.364,0.4,0.393035,2.5,0.0168,kalshi_0.07p(1-p),0.4168,-0.0528,0.0,0.0,scheduled,2026-07-25T17:55:31.743943+00:00,,"scheduled run; SHADOW — observational, not a recommendation; bid/ask midpoints, overround 1.0050; degraded inputs: AVAILABILITY_COMPLETE,GOALKEEPER_CONFIRMED,LINEUP_CONFIRMED,PLAYER_DATA_FRESH"
2026-07-25-2049,mls,Minnesota United FC v Vancouver Whitecaps,2026-07-26T00:30Z,KXMLSSPREAD-26JUL25MINVAN-VAN2,Vancouver wins by more than 1.5 goals,away_margin_2,0.2306,0.27,,3.7037,0.013797,kalshi_0.07p(1-p),0.283797,-0.053197,0.0,0.0,scheduled,2026-07-25T17:55:30.465566+00:00,,"scheduled run; SHADOW — observational, not a recommendation; degraded inputs: AVAILABILITY_COMPLETE,GOALKEEPER_CONFIRMED,LINEUP_CONFIRMED,PLAYER_DATA_FRESH"
2026-07-25-2049,mls,San Diego FC v FC Dallas,2026-07-26T01:30Z,KXMLSTEAMTOTAL-26JUL25SDDAL-SD2,San Diego FC over 1.5 goals,home_team_over_1_5,0.5333,0.57,,1.7544,0.017157,kalshi_0.07p(1-p),0.587157,-0.053857,0.0,0.0,scheduled,2026-07-25T17:55:30.585487+00:00,,"scheduled run; SHADOW — observational, not a recommendation; degraded inputs: AVAILABILITY_COMPLETE,GOALKEEPER_CONFIRMED,LINEUP_CONFIRMED,PLAYER_DATA_FRESH"
2026-07-25-2049,mls,Minnesota United FC v Vancouver Whitecaps,2026-07-26T00:30Z,KXMLSTEAMTOTAL-26JUL25MINVAN-VAN1,Vancouver over 0.5 goals,away_team_over_0_5,0.8145,0.86,,1.1628,0.008428,kalshi_0.07p(1-p),0.868428,-0.053928,0.0,0.0,scheduled,2026-07-25T17:55:30.465566+00:00,,"scheduled run; SHADOW — observational, not a recommendation; degraded inputs: AVAILABILITY_COMPLETE,GOALKEEPER_CONFIRMED,LINEUP_CONFIRMED,PLAYER_DATA_FRESH"
2026-07-25-2049,mls,Houston Dynamo FC v Austin FC,2026-07-26T00:30Z,KXMLSFTTS-26JUL25HOUATX-ATX,Austin FC,away_first_goal,0.3527,0.39,,2.5641,0.016653,kalshi_0.07p(1-p),0.406653,-0.053953,0.0,0.0,scheduled,2026-07-25T17:55:31.429688+00:00,,"scheduled run; SHADOW — observational, not a recommendation; wide spread 39c; degraded inputs: AVAILABILITY_COMPLETE,GOALKEEPER_CONFIRMED,LINEUP_CONFIRMED,PLAYER_DATA_FRESH"
2026-07-25-2049,mls,D.C. United v Toronto FC,2026-07-25T23:30Z,KXMLSGAME-26JUL25DCUTOR-DCU,DC United,home_win,0.4225,0.46,0.452736,2.1739,0.017388,kalshi_0.07p(1-p),0.477388,-0.054888,0.0,0.0,scheduled,2026-07-25T17:55:30.334620+00:00,,"scheduled run; SHADOW — observational, not a recommendation; bid/ask midpoints, overround 1.0050; degraded inputs: AVAILABILITY_COMPLETE,GOALKEEPER_CONFIRMED,LINEUP_CONFIRMED,PLAYER_DATA_FRESH"
2026-07-25-2049,mls,D.C. United v Toronto FC,2026-07-25T23:30Z,KXMLSBTTS-26JUL25DCUTOR-BTTS,Both Teams To Score,btts,0.5402,0.58,,1.7241,0.017052,kalshi_0.07p(1-p),0.597052,-0.056852,0.0,0.0,scheduled,2026-07-25T17:55:30.334620+00:00,,"scheduled run; SHADOW — observational, not a recommendation; degraded inputs: AVAILABILITY_COMPLETE,GOALKEEPER_CONFIRMED,LINEUP_CONFIRMED,PLAYER_DATA_FRESH"
2026-07-25-2049,mls,New England Revolution v Atlanta United FC,2026-07-25T23:30Z,KXMLSFTTS-26JUL25NEATL-NE,New England Revolution,home_first_goal,0.5299,0.57,,1.7544,0.017157,kalshi_0.07p(1-p),0.587157,-0.057257,0.0,0.0,scheduled,2026-07-25T17:55:31.627771+00:00,,"scheduled run; SHADOW — observational, not a recommendation; degraded inputs: AVAILABILITY_COMPLETE,GOALKEEPER_CONFIRMED,LINEUP_CONFIRMED,PLAYER_DATA_FRESH"
2026-07-25-2049,mls,Portland Timbers v Real Salt Lake,2026-07-26T02:30Z,KXMLSTEAMTOTAL-26JUL25PORRSL-RSL2,Salt Lake over 1.5 goals,away_team_over_1_5,0.4784,0.52,,1.9231,0.017472,kalshi_0.07p(1-p),0.537472,-0.059072,0.0,0.0,scheduled,2026-07-25T17:55:32.210829+00:00,,"scheduled run; SHADOW — observational, not a recommendation; degraded inputs: AVAILABILITY_COMPLETE,GOALKEEPER_CONFIRMED,LINEUP_CONFIRMED,PLAYER_DATA_FRESH"
2026-07-25-2049,mls,San Jose Earthquakes v LA Galaxy,2026-07-26T02:30Z,KXMLSGAME-26JUL25SJLAG-SJ,San Jose,home_win,0.4784,0.52,0.512438,1.9231,0.017472,kalshi_0.07p(1-p),0.537472,-0.059072,0.0,0.0,scheduled,2026-07-25T17:55:32.596192+00:00,,"scheduled run; SHADOW — observational, not a recommendation; bid/ask midpoints, overround 1.0050; degraded inputs: AVAILABILITY_COMPLETE,GOALKEEPER_CONFIRMED,LINEUP_CONFIRMED,PLAYER_DATA_FRESH"
2026-07-25-2049,mls,Portland Timbers v Real Salt Lake,2026-07-26T02:30Z,KXMLSTEAMTOTAL-26JUL25PORRSL-RSL3,Salt Lake over 2.5 goals,away_team_over_2_5,0.214,0.26,,3.8462,0.013468,kalshi_0.07p(1-p),0.273468,-0.059468,0.0,0.0,scheduled,2026-07-25T17:55:32.210829+00:00,,"scheduled run; SHADOW — observational, not a recommendation; degraded inputs: AVAILABILITY_COMPLETE,GOALKEEPER_CONFIRMED,LINEUP_CONFIRMED,PLAYER_DATA_FRESH"
2026-07-25-2049,mls,D.C. United v Toronto FC,2026-07-25T23:30Z,KXMLSTEAMTOTAL-26JUL25DCUTOR-TOR1,Toronto over 0.5 goals,away_team_over_0_5,0.6917,0.74,,1.3514,0.013468,kalshi_0.07p(1-p),0.753468,-0.061768,0.0,0.0,scheduled,2026-07-25T17:55:30.334620+00:00,,"scheduled run; SHADOW — observational, not a recommendation; wide spread 5c; degraded inputs: AVAILABILITY_COMPLETE,GOALKEEPER_CONFIRMED,LINEUP_CONFIRMED,PLAYER_DATA_FRESH"
2026-07-25-2049,mls,Houston Dynamo FC v Austin FC,2026-07-26T00:30Z,KXMLSFTTS-26JUL25HOUATX-HOU,Houston Dynamo,home_first_goal,0.5914,0.64,,1.5625,0.016128,kalshi_0.07p(1-p),0.656128,-0.064728,0.0,0.0,scheduled,2026-07-25T17:55:31.429688+00:00,,"scheduled run; SHADOW — observational, not a recommendation; wide spread 10c; degraded inputs: AVAILABILITY_COMPLETE,GOALKEEPER_CONFIRMED,LINEUP_CONFIRMED,PLAYER_DATA_FRESH"
2026-07-25-2049,mls,St. Louis CITY SC v Colorado Rapids,2026-07-26T00:30Z,KXMLSBTTS-26JUL25STLCOL-BTTS,Both Teams To Score,btts,0.5619,0.61,,1.6393,0.016653,kalshi_0.07p(1-p),0.626653,-0.064753,0.0,0.0,scheduled,2026-07-25T17:55:31.138240+00:00,,"scheduled run; SHADOW — observational, not a recommendation; degraded inputs: AVAILABILITY_COMPLETE,GOALKEEPER_CONFIRMED,LINEUP_CONFIRMED,PLAYER_DATA_FRESH"
2026-07-25-2049,mls,San Diego FC v FC Dallas,2026-07-26T01:30Z,KXMLSGAME-26JUL25SDDAL-SD,San Diego FC,home_win,0.3716,0.42,0.417085,2.381,0.017052,kalshi_0.07p(1-p),0.437052,-0.065452,0.0,0.0,scheduled,2026-07-25T17:55:30.585487+00:00,,"scheduled run; SHADOW — observational, not a recommendation; bid/ask midpoints, overround 0.9950; degraded inputs: AVAILABILITY_COMPLETE,GOALKEEPER_CONFIRMED,LINEUP_CONFIRMED,PLAYER_DATA_FRESH"
2026-07-25-2049,mls,Portland Timbers v Real Salt Lake,2026-07-26T02:30Z,KXMLSFTTS-26JUL25PORRSL-RSL,Real Salt Lake,away_first_goal,0.4518,0.5,,2.0,0.0175,kalshi_0.07p(1-p),0.5175,-0.0657,0.0,0.0,scheduled,2026-07-25T17:55:32.210829+00:00,,"scheduled run; SHADOW — observational, not a recommendation; wide spread 6c; degraded inputs: AVAILABILITY_COMPLETE,GOALKEEPER_CONFIRMED,LINEUP_CONFIRMED,PLAYER_DATA_FRESH"
2026-07-25-2049,mls,CF Montréal v Inter Miami CF,2026-07-25T23:30Z,KXMLSFTTS-26JUL25MTLMIA-MIA,Inter Miami CF,away_first_goal,0.4977,0.55,,1.8182,0.017325,kalshi_0.07p(1-p),0.567325,-0.069625,0.0,0.0,scheduled,2026-07-25T17:55:30.828400+00:00,,"scheduled run; SHADOW — observational, not a recommendation; wide spread 7c; degraded inputs: AVAILABILITY_COMPLETE,GOALKEEPER_CONFIRMED,LINEUP_CONFIRMED,PLAYER_DATA_FRESH"
2026-07-25-2049,mls,Philadelphia Union v Seattle Sounders FC,2026-07-25T23:30Z,KXMLSFTTS-26JUL25PHISEA-PHI,Philadelphia Union,home_first_goal,0.547,0.6,,1.6667,0.0168,kalshi_0.07p(1-p),0.6168,-0.0698,0.0,0.0,scheduled,2026-07-25T17:55:32.485996+00:00,,"scheduled run; SHADOW — observational, not a recommendation; degraded inputs: AVAILABILITY_COMPLETE,GOALKEEPER_CONFIRMED,LINEUP_CONFIRMED,PLAYER_DATA_FRESH"
2026-07-25-2049,mls,Minnesota United FC v Vancouver Whitecaps,2026-07-26T00:30Z,KXMLSTEAMTOTAL-26JUL25MINVAN-VAN3,Vancouver over 2.5 goals,away_team_over_2_5,0.2446,0.3,,3.3333,0.0147,kalshi_0.07p(1-p),0.3147,-0.0701,0.0,0.0,scheduled,2026-07-25T17:55:30.465566+00:00,,"scheduled run; SHADOW — observational, not a recommendation; degraded inputs: AVAILABILITY_COMPLETE,GOALKEEPER_CONFIRMED,LINEUP_CONFIRMED,PLAYER_DATA_FRESH"
2026-07-25-2049,mls,St. Louis CITY SC v Colorado Rapids,2026-07-26T00:30Z,KXMLSTEAMTOTAL-26JUL25STLCOL-COL2,Colorado over 1.5 goals,away_team_over_1_5,0.3247,0.38,,2.6316,0.016492,kalshi_0.07p(1-p),0.396492,-0.071792,0.0,0.0,scheduled,2026-07-25T17:55:31.138240+00:00,,"scheduled run; SHADOW — observational, not a recommendation; degraded inputs: AVAILABILITY_COMPLETE,GOALKEEPER_CONFIRMED,LINEUP_CONFIRMED,PLAYER_DATA_FRESH"
2026-07-25-2049,mls,Columbus Crew v FC Cincinnati,2026-07-25T23:15Z,KXMLSFTTS-26JUL25CLBCIN-CLB,Columbus Crew,home_first_goal,0.551,0.61,,1.6393,0.016653,kalshi_0.07p(1-p),0.626653,-0.075653,0.0,0.0,scheduled,2026-07-25T17:55:30.226896+00:00,,"scheduled run; SHADOW — observational, not a recommendation; wide spread 11c; degraded inputs: AVAILABILITY_COMPLETE,GOALKEEPER_CONFIRMED,LINEUP_CONFIRMED,PLAYER_DATA_FRESH"
2026-07-25-2049,mls,CF Montréal v Inter Miami CF,2026-07-25T23:30Z,KXMLSGAME-26JUL25MTLMIA-MIA,Miami,away_win,0.3877,0.45,0.447236,2.2222,0.017325,kalshi_0.07p(1-p),0.467325,-0.079625,0.0,0.0,scheduled,2026-07-25T17:55:30.828400+00:00,,"scheduled run; SHADOW — observational, not a recommendation; bid/ask midpoints, overround 0.9950; degraded inputs: AVAILABILITY_COMPLETE,GOALKEEPER_CONFIRMED,LINEUP_CONFIRMED,PLAYER_DATA_FRESH"
2026-07-25-2049,mls,Houston Dynamo FC v Austin FC,2026-07-26T00:30Z,KXMLSGAME-26JUL25HOUATX-HOU,Houston,home_win,0.4955,0.56,0.563452,1.7857,0.017248,kalshi_0.07p(1-p),0.577248,-0.081748,0.0,0.0,scheduled,2026-07-25T17:55:31.429688+00:00,,"scheduled run; SHADOW — observational, not a recommendation; bid/ask midpoints, overround 0.9850; degraded inputs: AVAILABILITY_COMPLETE,GOALKEEPER_CONFIRMED,LINEUP_CONFIRMED,PLAYER_DATA_FRESH"
2026-07-25-2049,mls,St. Louis CITY SC v Colorado Rapids,2026-07-26T00:30Z,KXMLSTEAMTOTAL-26JUL25STLCOL-COL1,Colorado over 0.5 goals,away_team_over_0_5,0.686,0.76,,1.3158,0.012768,kalshi_0.07p(1-p),0.772768,-0.086768,0.0,0.0,scheduled,2026-07-25T17:55:31.138240+00:00,,"scheduled run; SHADOW — observational, not a recommendation; degraded inputs: AVAILABILITY_COMPLETE,GOALKEEPER_CONFIRMED,LINEUP_CONFIRMED,PLAYER_DATA_FRESH"
2026-07-25-2049,mls,Minnesota United FC v Vancouver Whitecaps,2026-07-26T00:30Z,KXMLSTEAMTOTAL-26JUL25MINVAN-VAN2,Vancouver over 1.5 goals,away_team_over_1_5,0.51,0.58,,1.7241,0.017052,kalshi_0.07p(1-p),0.597052,-0.087052,0.0,0.0,scheduled,2026-07-25T17:55:30.465566+00:00,,"scheduled run; SHADOW — observational, not a recommendation; wide spread 6c; degraded inputs: AVAILABILITY_COMPLETE,GOALKEEPER_CONFIRMED,LINEUP_CONFIRMED,PLAYER_DATA_FRESH"
2026-07-25-2049,mls,St. Louis CITY SC v Colorado Rapids,2026-07-26T00:30Z,KXMLSFTTS-26JUL25STLCOL-COL,Colorado Rapids,away_first_goal,0.3765,0.45,,2.2222,0.017325,kalshi_0.07p(1-p),0.467325,-0.090825,0.0,0.0,scheduled,2026-07-25T17:55:31.138240+00:00,,"scheduled run; SHADOW — observational, not a recommendation; wide spread 8c; degraded inputs: AVAILABILITY_COMPLETE,GOALKEEPER_CONFIRMED,LINEUP_CONFIRMED,PLAYER_DATA_FRESH"
2026-07-25-2049,mls,Minnesota United FC v Vancouver Whitecaps,2026-07-26T00:30Z,KXMLSGAME-26JUL25MINVAN-VAN,Vancouver,away_win,0.4056,0.49,0.482587,2.0408,0.017493,kalshi_0.07p(1-p),0.507493,-0.101893,0.0,0.0,scheduled,2026-07-25T17:55:30.465566+00:00,,"scheduled run; SHADOW — observational, not a recommendation; bid/ask midpoints, overround 1.0050; degraded inputs: AVAILABILITY_COMPLETE,GOALKEEPER_CONFIRMED,LINEUP_CONFIRMED,PLAYER_DATA_FRESH"
2026-07-25-2049,mls,Philadelphia Union v Seattle Sounders FC,2026-07-25T23:30Z,KXMLSGAME-26JUL25PHISEA-PHI,Philadelphia,home_win,0.4425,0.53,0.522388,1.8868,0.017437,kalshi_0.07p(1-p),0.547437,-0.104937,0.0,0.0,scheduled,2026-07-25T17:55:32.485996+00:00,,"scheduled run; SHADOW — observational, not a recommendation; bid/ask midpoints, overround 1.0050; degraded inputs: AVAILABILITY_COMPLETE,GOALKEEPER_CONFIRMED,LINEUP_CONFIRMED,PLAYER_DATA_FRESH"
2026-07-25-2049,mls,Minnesota United FC v Vancouver Whitecaps,2026-07-26T00:30Z,KXMLSFTTS-26JUL25MINVAN-VAN,Vancouver Whitecaps FC,away_first_goal,0.5057,0.6,,1.6667,0.0168,kalshi_0.07p(1-p),0.6168,-0.1111,0.0,0.0,scheduled,2026-07-25T17:55:30.465566+00:00,,"scheduled run; SHADOW — observational, not a recommendation; wide spread 9c; degraded inputs: AVAILABILITY_COMPLETE,GOALKEEPER_CONFIRMED,LINEUP_CONFIRMED,PLAYER_DATA_FRESH"
2026-07-25-2049,mls,LAFC v Sporting Kansas City,2026-07-26T02:30Z,KXMLSGAME-26JUL25LAFCSKC-LAFC,Los Angeles F,home_win,0.5984,0.78,0.778894,1.2821,0.012012,kalshi_0.07p(1-p),0.792012,-0.193612,0.0,0.0,scheduled,2026-07-25T17:55:31.279521+00:00,,"scheduled run; SHADOW — observational, not a recommendation; bid/ask midpoints, overround 0.9950; degraded inputs: AVAILABILITY_COMPLETE,GOALKEEPER_CONFIRMED,LINEUP_CONFIRMED,PLAYER_DATA_FRESH"
